{
  "always_include_calibrators": false,
  "always_include_hubble_flow": true,
  "mode": "group_holdout",
  "models": {
    "+bounded_calibration_fields": {
      "ladder_level": "L1",
      "logp": [
        0.8049117076824771,
        0.8862390907876808,
        -0.5528765682261598,
        0.6733880955424651,
        0.2726328973402431,
        0.2009415331758419,
        0.6936935123270527,
        -0.3035025731496368,
        -0.15714827467839054,
        0.638420929658699,
        0.10442901954371925,
        -1.2185327478763175,
        -0.8643257429391864,
        -0.7733967023610362,
        1.1100248184190733,
        1.1037504470564916,
        0.4323547035061675,
        0.5572864154870707,
        1.1149974348280358,
        1.1114681316550667,
        0.6566026905337199,
        0.37270033280268944,
        0.19811862895465515,
        -3.228015582585582,
        0.4797249936434535,
        -0.1431117879708632,
        0.4227839082864445,
        -0.27055752679905054,
        -1.4605982243550786,
        0.7296596865222417,
        0.4730880222242115,
        -0.07299087438484847,
        -0.3970839406877007,
        0.7815368681568972,
        0.41199122875733185,
        -0.02836373245517887,
        1.016164114161814,
        0.6987824118833813,
        1.0953436616827767,
        -0.8558130132937731,
        0.14567654859665286,
        0.2540435882426603,
        0.9788337776493882
      ],
      "mean_delta_logp_vs_base": 0.05961757976938714,
      "mean_logp": 0.18821562575222323,
      "sd_delta_logp_vs_base": 0.1355545884253128,
      "sd_logp": 0.8341501438191494
    },
    "+bounded_fields_plus_metadata_bounded": {
      "ladder_level": "L1",
      "logp": [
        0.7510216726391268,
        0.7896215039210238,
        0.6088196300940235,
        0.6568953150901963,
        0.1828667986876031,
        0.4923906118769248,
        -0.23200565448881472,
        0.16671741056384315,
        0.5001529216402841,
        0.35449150705972887,
        0.3313208986563657,
        -0.3598323216363384,
        0.17530336295909488,
        -0.36082768875995685,
        1.0766053836641336,
        1.1170659082708354,
        0.6575711931489564,
        0.6131335617609143,
        1.0364034126365094,
        1.0327134850596715,
        0.5853248706688206,
        0.7491059106766799,
        0.2583522227761924,
        -1.6235924189787396,
        0.6549894778398306,
        0.021411505426399302,
        0.3748983035196237,
        -0.6543135460462384,
        -0.2197482956545096,
        0.46585529955757693,
        0.34708049490746146,
        -0.1465703974240925,
        0.250380956706001,
        0.9087533706608657,
        0.4099555365708493,
        0.3048343884035082,
        1.1090675050771865,
        0.7970066116395615,
        0.9314357013234054,
        0.09642793318665777,
        0.3021224861175751,
        -0.09328710093371961,
        1.0832645623446902
      ],
      "mean_delta_logp_vs_base": 0.2551969375336688,
      "mean_logp": 0.383794983516505,
      "sd_delta_logp_vs_base": 0.553256082131685,
      "sd_logp": 0.5353176583745398
    },
    "+cal_offset_bounded": {
      "ladder_level": "L1",
      "logp": [
        0.908341776155046,
        0.8501072807761962,
        0.4453894944061765,
        0.6704056599017142,
        0.21625065981408206,
        0.3807051219441081,
        0.39573513217866696,
        0.2373234869032086,
        0.32004851652306743,
        0.36761753412226483,
        0.3168199732123746,
        -0.6516079032670234,
        -0.042725452073197445,
        -0.25148052842833735,
        1.1134073521217551,
        1.1453140221204332,
        0.6274881324181774,
        0.7197185495006091,
        1.116108253545285,
        1.0716018769134903,
        0.8119781212767652,
        0.7376223775946638,
        0.2762704767295027,
        -2.2156214138803048,
        0.6607237410140989,
        -0.0010966747420508849,
        0.356362022624305,
        0.1843551567244115,
        -0.6899200433515027,
        0.6187907970134525,
        0.45484428928462844,
        -0.09311818832628081,
        0.08130823662170328,
        0.9582436078504495,
        0.47038622896194426,
        0.3154728558338802,
        1.1873735244107608,
        0.799684772938505,
        1.0679577000528742,
        -0.2235546233689758,
        0.30420140579265154,
        0.12007299636857072,
        1.111152044554942
      ],
      "mean_delta_logp_vs_base": 0.27256610170942186,
      "mean_logp": 0.40116414769225794,
      "sd_delta_logp_vs_base": 0.3907991420562888,
      "sd_logp": 0.6109978267268302
    },
    "+fields+biascor_m_b": {
      "ladder_level": "L1",
      "logp": [
        0.8059171085548131,
        0.8861692802780354,
        -0.544980601822203,
        0.6680248615713226,
        0.2671396030783836,
        0.28458500484931226,
        0.6725699468936968,
        -0.31914794519564893,
        -0.14631436995455682,
        0.6402418967492054,
        0.08738493603187569,
        -1.3132565960120945,
        -0.8802562942347403,
        -0.8180341090279233,
        1.1090375651179025,
        1.10328482909064,
        0.41424379697662894,
        0.5594225811651005,
        1.1127070408221829,
        1.1093477534369696,
        0.6596188846604252,
        0.38130533404835487,
        0.1905838729828092,
        -3.3031560117344396,
        0.4617892786341831,
        -0.1646375434331856,
        0.423018401063594,
        -0.2604590853930864,
        -1.5713821892250492,
        0.7242469491358379,
        0.47096229611130414,
        -0.07187499820005032,
        -0.39803398697822767,
        0.7955058274942086,
        0.412166009451361,
        -0.032422596312248864,
        1.0198736753730342,
        0.6824848969997724,
        1.095308216754917,
        -0.8887899133551707,
        0.1117941311223869,
        0.2457345639398043,
        0.9778921470622896
      ],
      "mean_delta_logp_vs_base": 0.04953252258859939,
      "mean_logp": 0.1781305685714355,
      "sd_delta_logp_vs_base": 0.1308312174447157,
      "sd_logp": 0.8525040943344947
    },
    "+fields+c_linear": {
      "ladder_level": "L1",
      "logp": [
        0.8094254907716008,
        0.8854100519148946,
        -0.6470125683239911,
        0.6740171755480859,
        0.2638550596210014,
        0.24279838381934027,
        0.7008464184846597,
        -0.27617277303208043,
        -0.2205220877577423,
        0.633588559456727,
        0.12519197261504045,
        -1.1931415437838075,
        -0.8731947242865017,
        -0.7405707081746637,
        1.0843904828185986,
        1.0799867416946614,
        0.4528763496995577,
        0.548793343268067,
        1.1120793059884897,
        1.1079511774061843,
        0.6553477700723502,
        0.3226859197744736,
        0.20466910525891355,
        -3.195338645505729,
        0.4950361649463533,
        -0.11945551401099835,
        0.41648463067239416,
        -0.316859743299587,
        -1.4403906896541039,
        0.7327575912999329,
        0.4634189050429249,
        -0.07741088926832264,
        -0.5448773421782171,
        0.7115595491460289,
        0.41233103640373064,
        -0.054750508508695894,
        0.9825358333819707,
        0.7097840383127291,
        1.0924571312556364,
        -0.8588022333284284,
        0.17176522904385788,
        0.22620964881418426,
        0.9682589410863314
      ],
      "mean_delta_logp_vs_base": 0.05112316416846277,
      "mean_logp": 0.17972121015129885,
      "sd_delta_logp_vs_base": 0.12479333745308804,
      "sd_logp": 0.8307761112489086
    },
    "+fields+host_mass_step": {
      "ladder_level": "L1",