{
  "H0_eff": {
    "mean": 73.79094167498948,
    "sd_lin": 1.76773792765897
  },
  "anchor": {
    "H0": 67.4,
    "rd_Mpc": 147.09
  },
  "calibrator_offset_equiv_H0": {
    "mean": 67.40062089164715,
    "sd_lin": 0.8688039416246159
  },
  "calibrator_offset_equiv_delta_lnH0": {
    "mean": 9.21199981188486e-06,
    "sd": 0.012890147451628082
  },
  "calibrator_offset_mag": {
    "mean": -2.000360342797694e-05,
    "sd": 0.027990599545806696
  },
  "delta_lnH0": {
    "mean": 0.09059096462349936,
    "sd": 0.023956028850328694
  },
  "delta_mu_equiv_mag": {
    "mean": -0.1967157802313923,
    "sd": 0.05201985569006426
  }
}