{
  "H0_eff": {
    "mean": 73.83129577485656,
    "sd_lin": 1.770682390478327
  },
  "anchor": {
    "H0": 67.4,
    "rd_Mpc": 147.09
  },
  "calibrator_offset_equiv_H0": {
    "mean": 67.40059608595574,
    "sd_lin": 0.8688036233882714
  },
  "calibrator_offset_equiv_delta_lnH0": {
    "mean": 8.843966169821733e-06,
    "sd": 0.012890147474071138
  },
  "calibrator_offset_mag": {
    "mean": -1.920442852846308e-05,
    "sd": 0.02799059959454117
  },
  "delta_lnH0": {
    "mean": 0.09113768578921747,
    "sd": 0.023982816120116608
  },
  "delta_mu_equiv_mag": {
    "mean": -0.19790297015844774,
    "sd": 0.05207802350733498
  }
}