{
  "H0_eff": {
    "mean": 68.71009607258304,
    "sd_lin": 0.30055035574835903
  },
  "anchor": {
    "H0": 67.4,
    "rd_Mpc": 147.09
  },
  "delta_lnH0": {
    "mean": 0.019251129356652536,
    "sd": 0.004374180403282623
  },
  "delta_mu_equiv_mag": {
    "mean": -0.04180329624999947,
    "sd": 0.009498412059974917
  }
}