{
  "created_utc": "2026-02-05T21:01:52.385538+00:00",
  "run_id": "stack_sn_bao_cc_plus_ladder_predictive_score_cal_survey_holdout_mechanism_attribution_calibcov_bounded_extgrid_more_v1",
  "tasks": {
    "predictive_score": {
      "always_include_calibrators": false,
      "always_include_hubble_flow": true,
      "mode": "group_holdout",
      "models": {
        "+cal_offset": {
          "ladder_level": "L1",
          "logp": [
            1.085553741739819,
            3.503618673362996,
            3.3093200507448
          ],
          "mean_delta_logp_vs_base": 2.115000346426959,
          "mean_logp": 2.632830821949205,
          "sd_delta_logp_vs_base": 0.8122472050447906,
          "sd_logp": 1.0969617923743726
        },
        "+cal_offset_plus_cal_time_bins": {
          "ladder_level": "L1",
          "logp": [
            2.053343293169842,
            3.8572083585417936,
            4.24674277574704
          ],
          "mean_delta_logp_vs_base": 2.867934333630646,
          "mean_logp": 3.3857648091528922,
          "sd_delta_logp_vs_base": 1.0848842971157016,
          "sd_logp": 0.9554910038780355
        },
        "+cal_time_bins": {
          "ladder_level": "L1",
          "logp": [
            0.34641716953037793,
            3.209669614117856,
            1.7937825610306728
          ],
          "mean_delta_logp_vs_base": 1.2654593060373898,
          "mean_logp": 1.7832897815596356,
          "sd_delta_logp_vs_base": 0.4043953863327414,
          "sd_logp": 1.1689414625135035
        },
        "baseline": {
          "ladder_level": "L1",
          "logp": [
            -1.3224109042892653,
            2.4969981961041787,
            0.3789041347518243
          ],
          "mean_delta_logp_vs_base": 0.0,
          "mean_logp": 0.5178304755222459,
          "sd_delta_logp_vs_base": 0.0,
          "sd_logp": 1.5623586581750808
        }
      },
      "n_rep": 3,
      "seed": 123,
      "train_frac": null,
      "use_diagonal_errors": true
    },
    "report": {
      "ok": true
    }
  }
}