{
  "chi2": 1509.063950248172,
  "cov": [
    [
      0.00017999544154344218,
      -8.114575944459557e-05,
      -0.00010076664216098569,
      -9.838561660878264e-05,
      -9.890142509834543e-05,
      -8.877260867001731e-05,
      -0.0001054587462881135,
      -9.04412384557573e-05,
      -9.067129561793944e-05,
      -9.574161247873261e-05,
      -9.449585060911085e-05,
      -9.077573467439605e-05,
      -9.224163441184366e-05,
      -9.361301974030005e-05,
      -9.10808762798564e-05,
      -6.921190811994636e-05,
      -0.00010431717376927808,
      4.076493388290286e-05,
      -8.290621007781392e-05
    ],
    [
      -8.114575944459525e-05,
      0.00048255957033724,
      8.391411283015499e-05,
      7.657848760395855e-05,
      8.428150591228932e-05,
      7.014042438852832e-05,
      8.777295113349783e-05,
      6.844249056246087e-05,
      7.926032661848735e-05,
      8.271769899709293e-05,
      0.00010115269231468598,
      7.576428296596337e-05,
      7.622009629583327e-05,
      8.389174889908279e-05,
      8.197763206043789e-05,
      5.1231369848824456e-05,
      8.658737226207645e-05,
      -1.6446477457892847e-11,
      -8.102096900163528e-08
    ],
    [
      -0.00010076664216098536,
      8.391411283015509e-05,
      0.0003305810268338417,
      8.618929478296179e-05,
      0.00010010109219733945,
      0.00011641267146527522,
      0.00010233677211140274,
      0.00013975557917329359,
      8.438769185014962e-05,
      0.00012561119273486203,
      0.0001109703950479135,
      0.00010841482143553389,
      0.0001087777819627518,
      0.00014562016960946547,
      0.000139023850288797,
      9.931330488387738e-05,
      0.00011657011101277196,
      -4.3713130194447296e-08,
      -4.2884431622948176e-05
    ],
    [
      -9.838561660878224e-05,
      7.657848760395851e-05,
      8.618929478296163e-05,
      0.0002455552862144252,
      0.00012859149066676324,
      8.303993763578496e-05,
      0.00011416228395107703,
      8.980648785709884e-05,
      0.00010561067596474086,
      9.481698576042918e-05,
      8.951830094965032e-05,
      9.001790337107985e-05,
      9.323308206878984e-05,
      9.224493203422975e-05,
      8.866228511916116e-05,
      6.294410418562338e-05,
      0.00011098520028455132,
      2.753329274910672e-09,
      2.617346570352039e-06
    ],
    [
      -9.890142509834477e-05,
      8.428150591228915e-05,
      0.00010010109219733913,
      0.00012859149066676308,
      0.00019541369826187084,
      8.481749478286398e-05,
      0.00011455297431957336,
      8.921207969566042e-05,
      6.737420815690999e-05,
      9.714748520188443e-05,
      9.345913272039697e-05,
      8.958282746316492e-05,
      9.2379218021436e-05,
      9.573277631546933e-05,
      8.981938770156561e-05,
      6.866006758808385e-05,
      0.00011845374693297989,
      1.0293656934774635e-09,
      9.288318913700639e-07
    ],
    [
      -8.877260867001658e-05,
      7.014042438852823e-05,
      0.00011641267146527497,
      8.303993763578487e-05,
      8.481749478286398e-05,
      0.0008710650940598585,
      0.0001139202139711942,
      0.0001465950671429999,
      0.00011265661118200691,
      0.00010657617266849032,
      0.00010914728411545485,
      0.00010740989500069023,
      0.00010016316240185284,
      0.00010247323884253721,
      0.00010500531546981862,
      6.850098115980858e-05,
      0.00013156799107436412,
      -7.306032113699451e-08,
      -7.161155287897125e-05
    ],
    [
      -0.00010545874628811286,
      8.777295113349778e-05,
      0.00010233677211140254,
      0.00011416228395107702,
      0.00011455297431957352,
      0.00011392021397119433,
      0.0008447478733051331,
      0.00011104033620020283,
      0.00018687210259961385,
      0.0001417975978874409,
      0.00013755275378195305,
      0.0001699100075327318,
      0.00014330757025694105,
      0.00011641332277266772,
      0.00011855443420065672,
      7.187078565121806e-05,
      8.950524350647268e-05,
      -9.402065510328814e-08,
      -9.214922303523565e-05
    ],
    [
      -9.044123845575689e-05,
      6.844249056246086e-05,
      0.00013975557917329342,
      8.980648785709892e-05,
      8.921207969566062e-05,
      0.00014659506714300002,
      0.00011104033620020286,
      0.0005001552108833217,
      0.0001340791738342771,
      0.00010682621358387331,
      0.00010375360342610916,
      9.875054259436144e-05,
      0.00010079940113696824,
      0.00011285406840269308,
      0.00012731334181904433,
      8.088988913929246e-05,
      0.00011447583344106604,
      -5.298150691470296e-08,
      -5.195174908138523e-05
    ],
    [
      -9.0671295617939e-05,
      7.926032661848733e-05,
      8.438769185014948e-05,
      0.00010561067596474089,
      6.73742081569101e-05,
      0.00011265661118200701,
      0.0001868721025996138,
      0.0001340791738342771,
      0.001297988009547269,
      0.00012503258282735066,
      0.00011709953029083076,
      0.00011980786793763859,
      0.0001272622597687075,
      0.0001166842548001214,
      0.00010672853980850959,
      0.0002301833872226157,
      4.786738125791958e-05,
      -1.0348143139293712e-07,
      -0.00010140136816764574
    ],
    [
      -9.574161247873241e-05,
      8.271769899709297e-05,
      0.00012561119273486195,
      9.481698576042925e-05,
      9.714748520188463e-05,
      0.0001065761726684905,
      0.00014179759788744093,
      0.00010682621358387334,
      0.00012503258282735074,
      0.00026730330748013,
      0.00011283321352408566,
      0.00017063757458374125,
      0.0001543607422501261,
      0.00013539827279055274,
      0.00011219319985650613,
      8.277173174692325e-05,
      0.00011330656516570432,
      -4.9092233058435485e-08,
      -4.814761942962943e-05
    ],
    [
      -9.44958506091103e-05,
      0.00010115269231468594,
      0.00011097039504791333,
      8.951830094965032e-05,
      9.345913272039708e-05,
      0.00010914728411545493,
      0.00013755275378195305,
      0.00010375360342610911,
      0.00011709953029083076,
      0.00011283321352408559,
      0.0013390478687305772,
      9.756305607491499e-05,
      0.00010611488550309584,
      0.00010718819845508306,
      0.00010493214652739481,
      9.13472043493485e-05,
      0.00011252520298923054,
      -9.646550055042915e-08,
      -9.453444097451257e-05
    ],
    [
      -9.077573467439598e-05,
      7.576428296596346e-05,
      0.00010841482143553389,
      9.001790337108002e-05,
      8.958282746316522e-05,
      0.00010740989500069048,
      0.00016991000753273198,
      9.875054259436156e-05,
      0.00011980786793763879,
      0.00017063757458374138,
      9.756305607491518e-05,
      0.0008185981466115681,
      0.0001281760247554344,
      0.00011370096221539583,
      9.596041581324408e-05,
      7.67578050003748e-05,
      9.627041599266837e-05,
      -4.226162597825371e-08,
      -4.1455128584228235e-05
    ],
    [
      -9.224163441184317e-05,
      7.62200962958332e-05,
      0.00010877778196275161,
      9.323308206878979e-05,
      9.237921802143606e-05,
      0.00010016316240185292,
      0.00014330757025694097,
      0.00010079940113696816,
      0.0001272622597687075,
      0.000154360742250126,
      0.00010611488550309578,
      0.00012817602475543422,
      0.0005238643867478064,
      0.00011145017832307355,
      0.0001017956725110033,
      8.329459568823167e-05,
      0.00010472055995207435,
      -4.687121625636041e-08,
      -4.597000379718253e-05
    ],
    [
      -9.361301974029955e-05,
      8.38917488990828e-05,
      0.0001456201696094653,
      9.224493203422978e-05,
      9.57327763154695e-05,
      0.00010247323884253735,
      0.00011641332277266775,
      0.00011285406840269307,
      0.00011668425480012139,
      0.00013539827279055269,
      0.00010718819845508311,
      0.00011370096221539571,
      0.0001114501783230736,
      0.0002926900534070552,
      0.00010865219306693153,
      8.341543098862645e-05,
      0.00010997220506712724,
