{
  "H0_eff": {
    "mean": 68.6415200281209,
    "sd_lin": 0.2973952753050921
  },
  "anchor": {
    "H0": 67.4,
    "rd_Mpc": 147.09
  },
  "calibrator_offset_equiv_H0": {
    "mean": 62.94296105041855,
    "sd_lin": 0.9180618085898452
  },
  "calibrator_offset_equiv_delta_lnH0": {
    "mean": -0.06841608178297713,
    "sd": 0.014585615186652238
  },
  "calibrator_offset_mag": {
    "mean": 0.1485636339589428,
    "sd": 0.03167226095363668
  },
  "delta_lnH0": {
    "mean": 0.01825258194808128,
    "sd": 0.0043325858049655065
  },
  "delta_mu_equiv_mag": {
    "mean": -0.03963497810269303,
    "sd": 0.009408090537344389
  }
}