{
  "chi2": 310.3929315156472,
  "cov": [
    [
      0.00043047850805341843,
      -0.00044681085161391346,
      -0.0004185152954527124,
      -0.0004302564071937601,
      -0.00042785089003085914,
      -0.0004250155279359796,
      -0.00041464641993941014,
      -0.00042751429261060056,
      -0.0004186891093227679,
      -0.00040259254691120356,
      -0.00042194921256639355,
      -0.00043246840963533437,
      -0.00042581997469699014,
      -0.0003484841716244688,
      -0.00044616669987836583
    ],
    [
      -0.00044681085161391373,
      0.0009802906084608169,
      0.000414786977955069,
      0.000501558170478336,
      0.00042162959062441247,
      0.0005063791001691519,
      0.0004202935967057561,
      0.000504568440276863,
      0.00044345784452687304,
      0.000453402736107933,
      0.0004652981856408034,
      0.0005532234814387696,
      0.000543957123984254,
      0.00042098076412133684,
      0.0004738810543266661
    ],
    [
      -0.00041851529545271253,
      0.0004147869779550688,
      0.0013989931741348665,
      0.00043304840497098215,
      0.00040154878023963755,
      0.0004080206380148476,
      0.00029606873329191013,
      0.00041826889698224815,
      0.0004040484168742464,
      0.00034490346804420585,
      0.000399547505754044,
      0.00040419556444851624,
      0.00038863116802438327,
      0.00025494905460755283,
      0.0005236101430879234
    ],
    [
      -0.0004302564071937605,
      0.000501558170478336,
      0.0004330484049709824,
      0.0018613057239452472,
      0.0004475554591549259,
      0.0006248563389266295,
      0.00044976865031277023,
      0.00046445002311135,
      0.00045102937783780405,
      0.0004466881627238336,
      0.0004471156483194539,
      0.000469055775220123,
      0.00047286791597292866,
      0.0003278747547801117,
      0.0005974841714844807
    ],
    [
      -0.0004278508900308592,
      0.00042162959062441225,
      0.00040154878023963733,
      0.00044755545915492565,
      0.0017034688048246454,
      0.00044376486839810367,
      0.0005312908844832396,
      0.0005322923218641313,
      0.0004754089383366713,
      0.0006063723910242187,
      0.0005487347838432447,
      0.0004639990340528193,
      0.0004542841226756788,
      0.000343053679381558,
      0.0004076633309480979
    ],
    [
      -0.00042501552793597987,
      0.0005063791001691519,
      0.0004080206380148477,
      0.0006248563389266292,
      0.0004437648683981037,
      0.0012432785146150938,
      0.0005439015302256057,
      0.00045398714223283346,
      0.0004288282458380873,
      0.00042324071639688205,
      0.00044186484597239146,
      0.00047205547746218283,
      0.0004953189594238862,
      0.0003847272857376693,
      0.0004943329679330708
    ],
    [
      -0.0004146464199394101,
      0.0004202935967057559,
      0.0002960687332919099,
      0.00044976865031277,
      0.0005312908844832396,
      0.0005439015302256058,
      0.0023495286822966055,
      0.0004869738952725055,
      0.0004395284101296001,
      0.0004762475947287444,
      0.0004902784495899031,
      0.000492869462302856,
      0.0004613245568289385,
      0.0008552617036548823,
      0.0003257904737398067
    ],
    [
      -0.00042751429261060056,
      0.0005045684402768628,
      0.000418268896982248,
      0.0004644500231113497,
      0.0005322923218641313,
      0.0004539871422328332,
      0.00048697389527250557,
      0.000784959162430914,
      0.0004411620512578584,
      0.0006341481408127355,
      0.0005852363865915687,
      0.0005385084996534532,
      0.0004637728998670241,
      0.00037316476251245004,
      0.00046123719579648024
    ],
    [
      -0.0004186891093227678,
      0.0004434578445268727,
      0.0004040484168742462,
      0.0004510293778378037,
      0.00047540893833667125,
      0.00042882824583808705,
      0.00043952841012960005,
      0.00044116205125785835,
      0.0027585409342836997,
      0.00038824798672120527,
      0.0004264419070862824,
      0.00044146370066120696,
      0.00043370186182287965,
      0.0003759239427929996,
      0.00045645831528449244
    ],
    [
      -0.0004025925469112035,
      0.0004534027361079325,
      0.0003449034680442057,
      0.00044668816272383304,
      0.0006063723910242184,
      0.0004232407163968817,
      0.00047624759472874434,
      0.0006341481408127352,
      0.00038824798672120516,
      0.0016502122695462777,
      0.0005353358600339751,
      0.00048469722893865126,
      0.0004119390875584895,
      0.0003490065060282444,
      0.00039210480885865307
    ],
    [
      -0.00042194921256639344,
      0.00046529818564080297,
      0.0003995475057540439,
      0.0004471156483194534,
      0.0005487347838432446,
      0.00044186484597239124,
      0.0004902784495899031,
      0.0005852363865915686,
      0.0004264419070862824,
      0.0005353358600339752,
      0.0013540014951391064,
      0.00048197138749063776,
      0.00044362428824105813,
      0.0003751228780361861,
      0.00044235675290662185
    ],
    [
      -0.0004324684096353345,
      0.0005532234814387693,
      0.00040419556444851613,
      0.00046905577522012265,
      0.00046399903405281936,
      0.0004720554774621826,
      0.000492869462302856,
      0.0005385084996534533,
      0.00044146370066120707,
      0.00048469722893865154,
      0.00048197138749063787,
      0.0008705829980844118,
      0.0004696030931088049,
      0.00039181688736134994,
      0.00046212652734877737
    ],
    [
      -0.00042581997469699014,
      0.0005439571239842537,
      0.0003886311680243832,
      0.00047286791597292834,
      0.0004542841226756788,
      0.000495318959423886,
      0.0004613245568289385,
      0.00046377289986702404,
      0.00043370186182287987,
      0.0004119390875584896,
      0.00044362428824105813,
      0.00046960309310880487,
      0.0012576113350573747,
      0.0003692106336073545,
      0.0004529980436191985
    ],
    [
      -0.0003484841716244685,
      0.0004209807641213363,
      0.00025494905460755256,
      0.0003278747547801114,
      0.0003430536793815578,
      0.00038472728573766895,
      0.000855261703654882,
      0.00037316476251244977,
      0.00037592394279299944,
      0.0003490065060282444,
      0.0003751228780361859,
      0.0003918168873613497,
      0.00036921063360735427,
      0.0044576122318206015,
      0.0002543158194775483
    ],
    [
      -0.00044616669987836594,
      0.0004738810543266659,
      0.0005236101430879234,
      0.0005974841714844804,
      0.0004076633309480981,
      0.0004943329679330707,
      0.0003257904737398069,
      0.0004612371957964804,
      0.00045645831528449266,
      0.00039210480885865334,
      0.00044235675290662206,
      0.0004621265273487774,
      0.00045299804361919867,
      0.0002543158194775487,
      0.0008031075970232451
    ]
  ],
  "dof": 339,
  "ladder_level": "L2",
  "log_evidence": 193.6115619820432,
  "logdet_cov": -1418.2768580106701,
  "mean": [
    -19.454882455070155,
    0.062361697461112565,
    0.05690731581487715,
    0.07025748524444601,
    0.03658580202568105,
    0.06730442617896185,
    -0.06053316053874779,
    0.05858264129876948,
    0.0006112361246100481,
    -0.024336411928538682,
    0.0762669649062659,
    0.021649004591283875,
    0.02926748068528964,
    0.14137376659334358,
    0.04252534556549908
  ],
  "n": 354,
  "param_names": [
    "global_offset_mag",
    "survey_offset_5",
    "survey_offset_15",
    "survey_offset_18",
    "survey_offset_50",
    "survey_offset_51",
    "survey_offset_56",
    "survey_offset_57",
    "survey_offset_61",
    "survey_offset_62",
    "survey_offset_63",
    "survey_offset_64",
    "survey_offset_65",
    "survey_offset_66",
    "survey_offset_150"
  ]
}