{
  "created_utc": "2026-02-05T21:01:52.366353+00:00",
  "run_id": "stack_sn_bao_cc_plus_ladder_mechanism_attribution_calibcov_bounded_extgrid_more_v1",
  "tasks": {
    "baseline_sweep": {
      "base_label": "baseline_no_mechanism",
      "rows": [
        {
          "chi2": 1549.3147244817576,
          "chi2_per_dof": 0.9140499849449897,
          "delta_log_evidence_vs_first": 0.0,
          "dof": 1695,
          "label": "baseline_no_mechanism",
          "ladder_level": "stack",
          "ledger": {
            "H0_eff": {
              "mean": 69.06525945650917,
              "sd_lin": 0.2860160766725327
            },
            "anchor": {
              "H0": 67.4,
              "rd_Mpc": 147.09
            },
            "delta_lnH0": {
              "mean": 0.024406828926948104,
              "sd": 0.004141243787734394
            },
            "delta_mu_equiv_mag": {
              "mean": -0.052998755618651125,
              "sd": 0.008992596626145844
            }
          },
          "log_evidence": 879.6150390626171,
          "n": 1713,
          "param_summary": {
            "cal_survey_offsets": null,
            "calibrator_offset_mag": null,
            "hf_survey_offsets": null,
            "hf_z_spline": null,
            "sky_modes": null,
            "survey_time_offsets": null,
            "time_bin_offsets": null
          },
          "tension_reduction_fraction_vs_first": 0.0
        },
        {
          "chi2": 1538.1396378163133,
          "chi2_per_dof": 0.9079927023709051,
          "delta_log_evidence_vs_first": 3.076737293737324,
          "dof": 1694,
          "label": "plus_cal_offset",
          "ladder_level": "stack",
          "ledger": {
            "H0_eff": {
              "mean": 68.94760558456694,
              "sd_lin": 0.28924551122970255
            },
            "anchor": {
              "H0": 67.4,
              "rd_Mpc": 147.09
            },
            "calibrator_offset_equiv_H0": {
              "mean": 66.1118224839438,
              "sd_lin": 0.5016145248773528
            },
            "calibrator_offset_equiv_delta_lnH0": {
              "mean": -0.01929742950540756,
              "sd": 0.007587364952753754
            },
            "calibrator_offset_mag": {
              "mean": 0.04190383574557751,
              "sd": 0.01647575365583541
            },
            "delta_lnH0": {
              "mean": 0.022701858880741187,
              "sd": 0.0041951494729564115
            },
            "delta_mu_equiv_mag": {
              "mean": -0.04929646020426114,
              "sd": 0.009109651334321522
            }
          },
          "log_evidence": 882.6917763563545,
          "n": 1713,
          "param_summary": {
            "cal_survey_offsets": null,
            "calibrator_offset_mag": {
              "mean": 0.04190383574557751,
              "sd": 0.01647575365583541
            },
            "hf_survey_offsets": null,
            "hf_z_spline": null,
            "sky_modes": null,
            "survey_time_offsets": null,
            "time_bin_offsets": null
          },
          "tension_reduction_fraction_vs_first": 0.0698562706081175
        },
        {
          "chi2": 1542.7668252766844,
          "chi2_per_dof": 0.9123399321565253,
          "delta_log_evidence_vs_first": 1.4006320503051484,
          "dof": 1691,
          "label": "plus_cal_time_bins",
          "ladder_level": "stack",
          "ledger": {
            "H0_eff": {
              "mean": 69.03487593302242,
              "sd_lin": 0.28655692145090544
            },
            "anchor": {
              "H0": 67.4,
              "rd_Mpc": 147.09
            },
            "delta_lnH0": {
              "mean": 0.023966807287703683,
              "sd": 0.004150900795837204
            },
            "delta_mu_equiv_mag": {
              "mean": -0.05204326076944175,
              "sd": 0.00901356655279957
            }
          },
          "log_evidence": 881.0156711129223,
          "n": 1713,
          "param_summary": {
            "cal_survey_offsets": null,
            "calibrator_offset_mag": null,
            "hf_survey_offsets": null,
            "hf_z_spline": null,
            "sky_modes": null,
            "survey_time_offsets": null,
            "time_bin_offsets": {
              "max_abs_mean": 0.031249315425846746,
              "n": 4
            }
          },
          "tension_reduction_fraction_vs_first": 0.018028627994298052
        },
        {
          "chi2": 1543.815969177738,
          "chi2_per_dof": 0.9113435473304239,
          "delta_log_evidence_vs_first": 0.8126188862270283,
          "dof": 1694,
          "label": "plus_pkmjderr_linear_cal",
          "ladder_level": "stack",
          "ledger": {
            "H0_eff": {
              "mean": 68.9361590959749,
              "sd_lin": 0.29090388701662695
            },
            "anchor": {
              "H0": 67.4,
              "rd_Mpc": 147.09
            },
            "delta_lnH0": {
              "mean": 0.022535827895949462,
              "sd": 0.004219902745257713
            },
            "delta_mu_equiv_mag": {
              "mean": -0.0489359285016611,
              "sd": 0.009163402382169042
            }
          },
          "log_evidence": 880.4276579488442,
          "n": 1713,
          "param_summary": {
            "cal_survey_offsets": null,
            "calibrator_offset_mag": null,
            "hf_survey_offsets": null,
            "hf_z_spline": null,
            "sky_modes": null,
            "survey_time_offsets": null,
            "time_bin_offsets": null
          },
          "tension_reduction_fraction_vs_first": 0.07665891528140427
        },
        {
          "chi2": 1543.9844553783976,
          "chi2_per_dof": 0.9114430078975192,
          "delta_log_evidence_vs_first": -0.15237835008929324,
          "dof": 1694,
          "label": "plus_vpecerr_linear_cal",
          "ladder_level": "stack",
          "ledger": {
            "H0_eff": {
              "mean": 68.94118342786547,
              "sd_lin": 0.29059894563347655
            },
            "anchor": {
              "H0": 67.4,
              "rd_Mpc": 147.09
            },
            "delta_lnH0": {
              "mean": 0.022608709078612708,
              "sd": 0.004215171994219334
            },
            "delta_mu_equiv_mag": {
              "mean": -0.04909418797898725,
              "sd": 0.00915312968681291
            }
          },
          "log_evidence": 879.4626607125278,
          "n": 1713,
          "param_summary": {
            "cal_survey_offsets": null,
            "calibrator_offset_mag": null,
            "hf_survey_offsets": null,
            "hf_z_spline": null,
            "sky_modes": null,
            "survey_time_offsets": null,
            "time_bin_offsets": null
          },
          "tension_reduction_fraction_vs_first": 0.07367281729704972
        },
        {
          "chi2": 1537.3948328862268,
          "chi2_per_dof": 0.9080890920769208,
          "delta_log_evidence_vs_first": 2.503045887798862,
          "dof": 1693,
          "label": "plus_cal_offset_plus_pkmjderr_linear_cal",
          "ladder_level": "stack",
          "ledger": {
            "H0_eff": {
              "mean": 68.88024510353176,
              "sd_lin": 0.2921638539215235
            },
            "anchor": {
              "H0": 67.4,
              "rd_Mpc": 147.09
            },
            "calibrator_offset_equiv_H0": {
              "mean": 66.38341310053517,
              "sd_lin": 0.5329929468266849
            },
            "calibrator_offset_equiv_delta_lnH0": {
              "mean": -0.015197795344549018,
              "sd": 0.008029007879114128
            },
            "calibrator_offset_mag": {
              "mean": 0.03300159327616284,
              "sd": 0.017434769085284983
            },
            "delta_lnH0": {
              "mean": 0.021724400608526213,