{
  "H0_eff": {
    "mean": 74.98303315297014,
    "sd_lin": 1.678344443364297
  },
  "anchor": {
    "H0": 67.4,
    "rd_Mpc": 147.09
  },
  "delta_lnH0": {
    "mean": 0.10661684539833326,
    "sd": 0.022382989494975056
  },
  "delta_mu_equiv_mag": {
    "mean": -0.23151553817214116,
    "sd": 0.048604044130830595
  }
}