{
  "coverage_68": {
    "delta_lnH0": 0.70703125,
    "global_offset_mag": 0.705078125,
    "m_b_corr_err_raw_linear_mag": 0.697265625,
    "m_b_corr_err_vpec_linear_mag": 0.701171875,
    "pkmjd_err_linear_mag": 0.7109375,
    "survey_offset_15": 0.712890625,
    "survey_offset_150": 0.70703125,
    "survey_offset_18": 0.703125,
    "survey_offset_5": 0.724609375,
    "survey_offset_50": 0.685546875,
    "survey_offset_51": 0.6953125,
    "survey_offset_56": 0.740234375,
    "survey_offset_57": 0.693359375,
    "survey_offset_61": 0.728515625,
    "survey_offset_62": 0.720703125,
    "survey_offset_63": 0.705078125,
    "survey_offset_64": 0.705078125,
    "survey_offset_65": 0.720703125,
    "survey_offset_66": 0.736328125
  },
  "coverage_95": {
    "delta_lnH0": 0.96484375,
    "global_offset_mag": 0.96484375,
    "m_b_corr_err_raw_linear_mag": 0.955078125,
    "m_b_corr_err_vpec_linear_mag": 0.962890625,
    "pkmjd_err_linear_mag": 0.955078125,
    "survey_offset_15": 0.953125,
    "survey_offset_150": 0.966796875,
    "survey_offset_18": 0.96484375,
    "survey_offset_5": 0.96484375,
    "survey_offset_50": 0.962890625,
    "survey_offset_51": 0.958984375,
    "survey_offset_56": 0.962890625,
    "survey_offset_57": 0.939453125,
    "survey_offset_61": 0.978515625,
    "survey_offset_62": 0.962890625,
    "survey_offset_63": 0.96875,
    "survey_offset_64": 0.966796875,
    "survey_offset_65": 0.966796875,
    "survey_offset_66": 0.9765625
  },
  "n_rep": 512,
  "param_names": [
    "global_offset_mag",
    "survey_offset_5",
    "survey_offset_15",
    "survey_offset_18",
    "survey_offset_50",
    "survey_offset_51",
    "survey_offset_56",
    "survey_offset_57",
    "survey_offset_61",
    "survey_offset_62",
    "survey_offset_63",
    "survey_offset_64",
    "survey_offset_65",
    "survey_offset_66",
    "survey_offset_150",
    "m_b_corr_err_raw_linear_mag",
    "m_b_corr_err_vpec_linear_mag",
    "pkmjd_err_linear_mag",
    "delta_lnH0"
  ],
  "use_diagonal_errors": true,
  "zscore_mean": {
    "delta_lnH0": -0.09129979431600443,
    "global_offset_mag": -0.06526545508025228,
    "m_b_corr_err_raw_linear_mag": 0.021579018293275354,
    "m_b_corr_err_vpec_linear_mag": 0.014069625899643494,
    "pkmjd_err_linear_mag": -0.12056056725471587,
    "survey_offset_15": 0.019415210537092657,
    "survey_offset_150": -0.032120264169118826,
    "survey_offset_18": -0.11003671708230527,
    "survey_offset_5": -0.004720396036136704,
    "survey_offset_50": -0.03774285316345534,
    "survey_offset_51": -0.05900829121306782,
    "survey_offset_56": -0.14231361814490945,
    "survey_offset_57": 0.045413734039997634,
    "survey_offset_61": -0.08851336271409302,
    "survey_offset_62": -0.04475318313289678,
    "survey_offset_63": 0.015972685212130203,
    "survey_offset_64": -0.04231097304936108,
    "survey_offset_65": -0.06153782129476216,
    "survey_offset_66": 0.0556970289154228
  },
  "zscore_std": {
    "delta_lnH0": 0.9403901687202169,
    "global_offset_mag": 0.9300785900204633,
    "m_b_corr_err_raw_linear_mag": 0.977329613581818,
    "m_b_corr_err_vpec_linear_mag": 0.9523926971712603,
    "pkmjd_err_linear_mag": 0.9557979875235615,
    "survey_offset_15": 0.957430080358773,
    "survey_offset_150": 0.9449811340990829,
    "survey_offset_18": 0.9460750584999095,
    "survey_offset_5": 0.941479009224659,
    "survey_offset_50": 0.9532023178750122,
    "survey_offset_51": 0.9425921728703328,
    "survey_offset_56": 0.8999120924659622,
    "survey_offset_57": 0.9788794954332884,
    "survey_offset_61": 0.8986864194064538,
    "survey_offset_62": 0.964155677960298,
    "survey_offset_63": 0.9430546223813745,
    "survey_offset_64": 0.9232502543888041,
    "survey_offset_65": 0.9315265751831275,
    "survey_offset_66": 0.8614750637444156
  }
}