{
  "H0_eff": {
    "mean": 68.70654695932609,
    "sd_lin": 0.3004807315427076
  },
  "anchor": {
    "H0": 67.4,
    "rd_Mpc": 147.09
  },
  "delta_lnH0": {
    "mean": 0.01919947457627901,
    "sd": 0.004373393000241892
  },
  "delta_mu_equiv_mag": {
    "mean": -0.04169112931959874,
    "sd": 0.009496702235996801
  }
}