{
  "base_label": "baseline_fields",
  "group_labels": [
    "5",
    "18",
    "50",
    "51",
    "56",
    "57",
    "62",
    "63",
    "64",
    "150"
  ],
  "group_var": "idsurvey",
  "mode": "group_holdout",
  "models": {
    "+host_mass_step_all": {
      "delta_logp": [
        0.7525190209660604,
        0.32902782078967086,
        0.20658108728800073,
        0.3247214413421289,
        0.17415167656226327,
        0.9975402248343919,
        0.09152800754540436,
        0.3758713528706674,
        0.3746033090409626,
        0.21223918724540924
      ],
      "mean_delta_logp": 0.383878312848496,
      "win_rate": 1.0
    },
    "+host_mass_step_cal_only": {
      "delta_logp": [
        2.6030464912052693,
        0.838148181607643,
        0.35095059594407907,
        1.0071800334715975,
        0.2733025824654245,
        3.748511837736916,
        0.1645254251428634,
        1.4152402880854522,
        1.522019971796849,
        0.3764214792645224
      ],
      "mean_delta_logp": 1.2299346886720615,
      "win_rate": 1.0
    },
    "+host_mass_step_hf_only": {
      "delta_logp": [
        0.0019552164267082617,
        0.0008670609233440985,
        0.0009146898346230614,
        0.0012309759376938345,
        0.00027057955666176525,
        0.0020296701411908202,
        0.0002151908790231083,
        0.0010253497562673353,
        0.001557420756876482,
        0.0006868950367233673
      ],
      "mean_delta_logp": 0.0010753049249112134,
      "win_rate": 1.0
    },
    "baseline_fields": {
      "delta_logp": [
        0.0,
        0.0,
        0.0,
        0.0,
        0.0,
        0.0,
        0.0,
        0.0,
        0.0,
        0.0
      ],
      "mean_delta_logp": 0.0,
      "win_rate": 0.0
    }
  },
  "run_dir": "/home/primary/Hubble-Systematics-Review-Chain/outputs/stack_sn_bao_cc_plus_ladder_predictive_score_cal_survey_holdout_covproj_hostmass_scope_v1",
  "test_counts": [
    11,
    4,
    9,
    7,
    12,
    13,
    4,
    4,
    4,
    4
  ]
}
