{
  "always_include_calibrators": false,
  "always_include_hubble_flow": true,
  "mode": "group_holdout",
  "models": {
    "+host_mass_step_all": {
      "ladder_level": "L1",
      "logp": [
        -1.0429743460710714,
        2.8550882814849414,
        5.082049267216819,
        2.5066999569322825,
        4.242349160903604,
        2.265151264127221,
        1.2333075794871287,
        1.9093361376556484,
        0.07194572782091191,
        2.929839367884929
      ],
      "mean_delta_logp_vs_base": 0.383878312848496,
      "mean_logp": 2.205279239744241,
      "sd_delta_logp_vs_base": 0.2663613000307716,
      "sd_logp": 1.7205148180589385
    },
    "+host_mass_step_cal_only": {
      "ladder_level": "L1",
      "logp": [
        0.8075531241681375,
        3.3642086423029136,
        5.226418775872897,
        3.189158549061751,
        4.341500066806765,
        5.016122877029745,
        1.3063049970845877,
        2.948705072870433,
        1.2193623905767983,
        3.094021659904042
      ],
      "mean_delta_logp_vs_base": 1.2299346886720615,
      "mean_logp": 3.051335615567807,
      "sd_delta_logp_vs_base": 1.100126123620018,
      "sd_logp": 1.4771918457687507
    },
    "+host_mass_step_hf_only": {
      "ladder_level": "L1",
      "logp": [
        -1.7935381506104235,
        2.5269275216186147,
        4.876382869763441,
        2.1832094915278475,
        4.068468063898003,
        1.2696407094340199,
        1.1419947628207474,
        1.5344901345412483,
        -0.3011001604631742,
        2.718287075676243
      ],
      "mean_delta_logp_vs_base": 0.0010753049249112134,
      "mean_logp": 1.8224762318206569,
      "sd_delta_logp_vs_base": 0.0005959551978515661,
      "sd_logp": 1.850309084446705
    },
    "baseline_fields": {
      "ladder_level": "L1",
      "logp": [
        -1.7954933670371318,
        2.5260604606952706,
        4.875468179928818,
        2.1819785155901537,
        4.068197484341341,
        1.267611039292829,
        1.1417795719417243,
        1.533464784784981,
        -0.3026575812200507,
        2.71760018063952
      ],
      "mean_delta_logp_vs_base": 0.0,
      "mean_logp": 1.8214009268957454,
      "sd_delta_logp_vs_base": 0.0,
      "sd_logp": 1.8506804273588193
    }
  },
  "n_rep": 10,
  "seed": 892,
  "train_frac": null,
  "use_diagonal_errors": true
}