{
  "chi2": 290.49234632148483,
  "cov": [
    [
      0.0009116720392145962,
      -4.021256320129462e-05,
      -4.669195717936708e-06,
      -1.9513563565488297e-05,
      -4.365900779487515e-05,
      -4.33081750812767e-06,
      -8.166688410127129e-05,
      -4.592819354270577e-06,
      -7.587951640790359e-07,
      -8.547090547174468e-07,
      -1.3592117818180605e-06,
      -9.631431356162948e-07,
      -4.292952268954948e-07,
      -1.0833000687991757e-05,
      -1.3912557893460426e-05,
      0.0004112670882469206
    ],
    [
      -4.0212563201294995e-05,
      0.0002508645843559272,
      2.331906059570373e-06,
      4.761144676222719e-06,
      -5.175397114759952e-07,
      1.9690749107894315e-06,
      -3.1042333504060476e-06,
      1.9062870643864714e-06,
      1.024642525405774e-07,
      2.4111441300889e-07,
      2.8893064498996196e-07,
      1.8399836954584189e-06,
      1.073073257808849e-06,
      5.1814030658793215e-06,
      7.972406540880437e-06,
      -6.550610531561091e-06
    ],
    [
      -4.669195717936767e-06,
      2.3319060595703743e-06,
      0.00013839310314156883,
      4.903182227955498e-07,
      2.0015648514833057e-06,
      2.686063618201559e-07,
      -2.4747261244720473e-06,
      4.4043814851516575e-07,
      3.157318062301364e-08,
      -5.672429200309527e-08,
      8.867013589871053e-08,
      1.470011191802672e-07,
      8.117965253676846e-08,
      7.43402498313482e-08,
      7.612271072569271e-06,
      3.1598807700122772e-06
    ],
    [
      -1.9513563565488324e-05,
      4.761144676222715e-06,
      4.903182227955484e-07,
      0.0002496686394301801,
      2.3505229908289216e-06,
      1.8696891360313854e-06,
      6.0629261622541e-06,
      3.243326208322514e-07,
      4.414273720563016e-08,
      1.9997972501008033e-07,
      8.970671543130277e-08,
      1.6850232409794726e-07,
      1.287741350184537e-07,
      3.7125841597045785e-07,
      1.0425023446805516e-05,
      -6.893300873032367e-06
    ],
    [
      -4.3659007794875256e-05,
      -5.175397114760057e-07,
      2.001564851483302e-06,
      2.3505229908289216e-06,
      0.0003766940995433724,
      7.512211284013255e-07,
      2.2960698268849904e-05,
      1.7530379362777567e-06,
      1.4829369583956542e-07,
      1.3002258050584662e-06,
      7.279743229845673e-07,
      3.348812149972726e-07,
      3.10957885821077e-07,
      6.102493585759937e-07,
      9.150509570877188e-07,
      -1.3059399990960172e-05
    ],
    [
      -4.330817508127702e-06,
      1.9690749107894328e-06,
      2.686063618201559e-07,
      1.8696891360313862e-06,
      7.512211284013263e-07,
      4.1743470550116744e-05,
      5.050381898980958e-06,
      1.0864901607536549e-07,
      1.1113703785094413e-08,
      3.036741244544592e-08,
      3.706919566871095e-08,
      8.930093700757954e-08,
      8.39255873734561e-08,
      4.05325116324951e-07,
      1.4712631611745484e-06,
      -8.775739575301992e-07
    ],
    [
      -8.166688410127135e-05,
      -3.1042333504060853e-06,
      -2.4747261244720507e-06,
      6.062926162254101e-06,
      2.2960698268849887e-05,
      5.050381898980959e-06,
      0.0011301646471821043,
      2.6618787609192263e-06,
      2.135534132995973e-07,
      6.863412494910252e-07,
      9.434562561189107e-07,
      1.5639867722281312e-06,
      7.005340821926727e-07,
      3.610587966354222e-05,
      -1.1090189936474588e-05,
      -2.347588317058129e-05
    ],
    [
      -4.592819354270588e-06,
      1.906287064386469e-06,
      4.4043814851516533e-07,
      3.2433262083225113e-07,
      1.7530379362777562e-06,
      1.0864901607536539e-07,
      2.661878760919225e-06,
      2.095659247917609e-05,
      1.5054510522278154e-08,
      3.8455487510247695e-07,
      2.292412006466286e-07,
      2.318072652676542e-07,
      5.713026289530248e-08,
      3.0396501460272075e-07,
      1.162492488070905e-06,
      -1.0637080204920933e-06
    ],
    [
      -7.587951640790355e-07,
      1.0246425254057713e-07,
      3.15731806230136e-08,
      4.414273720563015e-08,
      1.4829369583956534e-07,
      1.1113703785094383e-08,
      2.1355341329959722e-07,
      1.5054510522278144e-08,
      1.0298558020705648e-05,
      3.5648952750807915e-11,
      3.6624836184739303e-09,
      6.886282436365539e-09,
      4.286644253522223e-09,
      4.538566289442695e-08,
      1.149915492846902e-07,
      -2.291031980649768e-07
    ],
    [
      -8.547090547174615e-07,
      2.411144130088898e-07,
      -5.672429200309526e-08,
      1.9997972501008017e-07,
      1.3002258050584662e-06,
      3.0367412445445974e-08,
      6.863412494910281e-07,
      3.845548751024767e-07,
      3.5648952750814565e-11,
      3.1279229288595316e-05,
      2.8531978834077654e-08,
      2.639208430017728e-08,
      2.1828583043269805e-09,
      5.2152499115885105e-08,
      -7.169925457782996e-08,
      -2.860816136808066e-08
    ],
    [
      -1.359211781818069e-06,
      2.889306449899619e-07,
      8.867013589871044e-08,
      8.970671543130285e-08,
      7.279743229845676e-07,
      3.7069195668710924e-08,
      9.434562561189122e-07,
      2.2924120064662868e-07,
      3.6624836184739357e-09,
      2.8531978834077687e-08,
      1.9509030411779332e-05,
      2.3339730292862607e-08,
      1.3135687814908398e-08,
      1.224489841801695e-07,
      2.746715908439124e-07,
      -2.2001080001932306e-07
    ],
    [
      -9.631431356163279e-07,
      1.8399836954584185e-06,
      1.4700111918026705e-07,
      1.685023240979478e-07,
      3.348812149972741e-07,
      8.93009370075796e-08,
      1.5639867722281336e-06,
      2.3180726526765427e-07,
      6.886282436365562e-09,
      2.6392084300177306e-08,
      2.3339730292862637e-08,
      1.3060152659765768e-05,
      3.069078450419115e-08,
      2.2262842536018033e-07,
      5.864653073708152e-07,
      3.19698857587476e-07
    ],
    [
      -4.292952268955006e-07,
      1.0730732578088487e-06,
      8.117965253676844e-08,
      1.2877413501845375e-07,
      3.1095788582107724e-07,
      8.392558737345606e-08,
      7.005340821926729e-07,
      5.7130262895302516e-08,
      4.286644253522228e-09,
      2.1828583043269834e-09,
      1.3135687814908404e-08,
      3.069078450419115e-08,
      1.438072055548212e-05,
      1.0595594360869772e-07,
      3.5636383231476525e-07,
      3.0468356574106776e-07
    ],
    [
      -1.0833000687991774e-05,
      5.181403065879318e-06,
      7.434024983134739e-08,
      3.7125841597045854e-07,
      6.102493585759935e-07,
      4.053251163249508e-07,
      3.6105879663542225e-05,
      3.0396501460272075e-07,
      4.5385662894426973e-08,
      5.21524991158852e-08,
      1.2244898418016942e-07,
      2.2262842536018007e-07,
      1.0595594360869772e-07,
      0.0004674207153010316,
      -1.5717753045205616e-06,
      -1.6799605983907505e-06
    ],
    [
      -1.391255789346063e-05,
      7.972406540880435e-06,
      7.612271072569269e-06,
      1.0425023446805521e-05,
      9.150509570877289e-07,
      1.4712631611745486e-06,
      -1.1090189936474564e-05,
      1.162492488070906e-06,
      1.149915492846904e-07,
      -7.169925457782992e-08,
      2.7467159084391264e-07,
      5.864653073708154e-07,
      3.5636383231476515e-07,
      -1.5717753045205582e-06,
      0.0001210507862834906,
      5.922382489714898e-06
    ],
    [
      0.0004112670882469206,
      -6.5506105315609186e-06,
      3.1598807700123027e-06,
      -6.8933008730323505e-06,
      -1.3059399990960118e-05,
      -8.77573957530184e-07,
      -2.3475883170581248e-05,
      -1.0637080204920871e-06,
      -2.2910319806497684e-07,
      -2.8608161368073454e-08,
      -2.2001080001931872e-07,
      3.1969885758749196e-07,
      3.0468356574107057e-07,
      -1.679960598390739e-06,
      5.922382489714994e-06,
      0.00020480066478025273
    ]
  ],
  "dof": 338,
  "ladder_level": "L2",
  "log_evidence": 223.0438370691778,
  "logdet_cov": -1418.2768580106701,