{
  "H0_eff": {
    "mean": 73.75234899461582,
    "sd_lin": 1.4469865093505785
  },
  "anchor": {
    "H0": 67.4,
    "rd_Mpc": 147.09
  },
  "delta_lnH0": {
    "mean": 0.09006782756889452,
    "sd": 0.019619531161729015
  },
  "delta_mu_equiv_mag": {
    "mean": -0.1955798025509223,
    "sd": 0.04260327060533903
  }
}