{
  "chi2": 295.98790657547875,
  "cov": [
    [
      0.0009034433419436403,
      -2.625305877350838e-05,
      -3.066656513878305e-06,
      -7.0493377931590785e-06,
      -1.0828530869754178e-05,
      -1.1350321124742818e-05,
      -7.028681720797959e-06,
      -1.9937464846836674e-05,
      -6.8585631638334476e-06,
      -2.889228062365249e-06,
      -6.395234568352971e-06,
      -5.439137289797369e-06,
      -2.0979267660212687e-06,
      -1.7805378447970716e-06,
      -9.855824638633512e-06,
      0.00040904658569429296
    ],
    [
      -2.6253058773508644e-05,
      0.0001558665311979329,
      1.0051329673080036e-06,
      1.1475606155645163e-06,
      9.412987264999286e-08,
      3.790976889748619e-06,
      -9.126762054244493e-09,
      6.062408048365688e-06,
      6.450070923426234e-07,
      7.371984689182907e-07,
      1.1103648388843775e-06,
      7.37299996715691e-06,
      4.282953299941449e-06,
      7.21792856406706e-07,
      3.63452820523492e-06,
      -4.15541383885183e-06
    ],
    [
      -3.066656513878341e-06,
      1.0051329673080038e-06,
      9.144904788779879e-05,
      7.554044389011425e-08,
      3.5886894103282846e-07,
      4.943742548611606e-07,
      -1.0832726975639446e-07,
      1.313754998084549e-06,
      1.8639786152358603e-07,
      -5.780783357690216e-08,
      3.0232377524447833e-07,
      6.070304577518263e-07,
      3.1532431623939955e-07,
      2.6338518647923146e-08,
      3.3444052788547566e-06,
      1.990241408188501e-06
    ],
    [
      -7.049337793159085e-06,
      1.1475606155645153e-06,
      7.554044389011396e-08,
      9.334094607537676e-05,
      2.2269500235500816e-07,
      2.01660171854169e-06,
      2.2111647614240197e-07,
      4.997196070298501e-07,
      1.4081702112541303e-07,
      2.3576734876959843e-07,
      1.5074665726549236e-07,
      3.430693543381144e-07,
      2.722334879391308e-07,
      1.905486167237001e-08,
      2.6156661987614168e-06,
      -2.59549195843848e-06
    ],
    [
      -1.0828530869754198e-05,
      9.412987264999063e-08,
      3.588689410328282e-07,
      2.2269500235500824e-07,
      9.291159719358132e-05,
      5.159213736923945e-07,
      5.090373384420645e-07,
      2.0797397664820094e-06,
      3.45893526063056e-07,
      1.0272154013213784e-06,
      8.965235454602373e-07,
      5.876328644354176e-07,
      4.943343232432522e-07,
      3.931180711463892e-09,
      2.618980664011535e-07,
      -3.186310581288738e-06
    ],
    [
      -1.1350321124742902e-05,
      3.790976889748619e-06,
      4.943742548611606e-07,
      2.0166017185416907e-06,
      5.15921373692395e-07,
      0.00012514812479489477,
      1.3019579467864505e-06,
      1.313302248065762e-06,
      2.6854469882515286e-07,
      2.801382990128183e-07,
      4.774509401511945e-07,
      1.4544879540340274e-06,
      1.4433878859363395e-06,
      1.6248171615861125e-07,
      2.932701610397898e-06,
      -2.2153541256973973e-06
    ],
    [
      -7.02868172079797e-06,
      -9.126762054246433e-09,
      -1.0832726975639457e-07,
      2.2111647614240197e-07,
      5.090373384420642e-07,
      1.3019579467864505e-06,
      9.513627617904455e-05,
      1.1239364321047523e-06,
      1.7533049869192663e-07,
      2.074803793397014e-07,
      4.0866846621901123e-07,
      8.895367129773042e-07,
      3.996281138034973e-07,
      6.431589072267086e-07,
      -5.336210230825387e-07,
      -1.932896200145406e-06
    ],
    [
      -1.993746484683677e-05,
      6.062408048365681e-06,
      1.3137549980845473e-06,
      4.997196070298501e-07,
      2.0797397664820086e-06,
      1.3133022480657616e-06,
      1.123936432104752e-06,
      9.847092508214221e-05,
      6.194231464300496e-07,
      5.268153591071231e-06,
      4.886988820820779e-06,
      6.4553732591219665e-06,
      1.5610589087611506e-06,
      2.3356524965624155e-07,
      3.759390414054957e-06,
      -4.424016264627266e-06
    ],
    [
      -6.858563163833439e-06,
      6.450070923426213e-07,
      1.8639786152358576e-07,
      1.4081702112541303e-07,
      3.458935260630559e-07,
      2.6854469882515196e-07,
      1.7533049869192653e-07,
      6.19423146430049e-07,
      9.624706048245553e-05,
      1.5078963779036018e-08,
      1.6284519984471672e-07,
      3.846110814476208e-07,
      2.3383080325240764e-07,
      7.840806789766588e-08,
      7.334941260169174e-07,
      -2.0857735596162223e-06
    ],
    [
      -2.8892280623653077e-06,
      7.371984689182901e-07,
      -5.7807833576902216e-08,
      2.357673487695984e-07,
      1.0272154013213784e-06,
      2.8013829901281867e-07,
      2.074803793397022e-07,
      5.2681535910712275e-06,
      1.5078963779036276e-08,
      9.222242727950468e-05,
      5.630812985794934e-07,
      7.144267443530245e-07,
      8.497494615334516e-08,
      2.9763694794474228e-08,
      2.998762314938087e-08,
      -1.0874808740295272e-07
    ],
    [
      -6.395234568353004e-06,
      1.1103648388843764e-06,
      3.02323775244478e-07,
      1.5074665726549239e-07,
      8.965235454602378e-07,
      4.774509401511941e-07,
      4.086684662190116e-07,
      4.88698882082078e-06,
      1.6284519984471695e-07,
      5.630812985794938e-07,
      9.017856937215628e-05,
      8.411916950556079e-07,
      3.97938576700425e-07,
      1.0179128962448264e-07,
      1.0044468140167444e-06,
      -1.013283321947691e-06
    ],
    [
      -5.439137289797548e-06,
      7.372999967156911e-06,
      6.070304577518255e-07,
      3.4306935433811544e-07,
      5.876328644354195e-07,
      1.4544879540340284e-06,
      8.895367129773051e-07,
      6.45537325912197e-06,
      3.84611081447622e-07,
      7.144267443530255e-07,
      8.411916950556086e-07,
      8.11388833545271e-05,
      1.095263381411448e-06,
      2.281128947856333e-07,
      2.5583529341569998e-06,
      2.040626743751346e-06
    ],
    [
      -2.097926766021332e-06,
      4.28295329994145e-06,
      3.1532431623939955e-07,
      2.722334879391311e-07,
      4.94334323243253e-07,
      1.44338788593634e-06,
      3.9962811380349765e-07,
      1.5610589087611518e-06,
      2.3383080325240803e-07,
      8.497494615334533e-08,
      3.979385767004255e-07,
      1.0952633814114488e-06,
      8.971769026094046e-05,
      1.0895441138871466e-07,
      1.5093434001995076e-06,
      2.0163262507682002e-06
    ],
    [
      -1.7805378447970745e-06,
      7.217928564067051e-07,
      2.6338518647923e-08,
      1.9054861672370055e-08,
      3.9311807114639005e-09,
      1.62481716158611e-07,
      6.431589072267084e-07,
      2.3356524965624123e-07,
      7.840806789766586e-08,
      2.9763694794474314e-08,
      1.0179128962448259e-07,
      2.2811289478563292e-07,
      1.089544113887146e-07,
      9.783429160268265e-05,
      -1.6437342098179592e-07,
      -1.9765960391229244e-07
    ],
    [
      -9.85582463863368e-06,
      3.63452820523492e-06,
      3.3444052788547558e-06,
      2.6156661987614185e-06,
      2.618980664011555e-07,
      2.932701610397898e-06,
      -5.336210230825375e-07,
      3.759390414054961e-06,
      7.334941260169184e-07,
      2.998762314938104e-08,
      1.0044468140167455e-06,
      2.5583529341570006e-06,
      1.5093434001995067e-06,
      -1.643734209817953e-07,
      7.936272830986412e-05,
      3.794492707404375e-06
    ],
    [
      0.00040904658569429286,
      -4.155413838851712e-06,
      1.990241408188517e-06,
      -2.5954919584384757e-06,
      -3.1863105812887256e-06,
      -2.2153541256973562e-06,
      -1.9328962001453995e-06,
      -4.4240162646272195e-06,
      -2.0857735596162257e-06,
      -1.0874808740292489e-07,
      -1.0132833219476747e-06,
      2.040626743751433e-06,
      2.01632625076823e-06,
      -1.9765960391229048e-07,
      3.7944927074044537e-06,
      0.00020405165928402398
    ]
  ],
  "dof": 338,
  "ladder_level": "L2",
  "log_evidence": 221.3982554220803,
  "logdet_cov": -1418.2768580106701,