{
  "H0_eff": {
    "mean": 73.45359158999742,
    "sd_lin": 1.0492599620784062
  },
  "anchor": {
    "H0": 67.4,
    "rd_Mpc": 147.09
  },
  "delta_lnH0": {
    "mean": 0.08600878194040928,
    "sd": 0.01428466517927613
  },
  "delta_mu_equiv_mag": {
    "mean": -0.18676569695969902,
    "sd": 0.03101875631597574
  }
}