{
  "chi2": 283.5025668682991,
  "cov": [
    [
      0.001424045047014181,
      -0.0005491726226310396,
      -0.00042445380931801076,
      -0.0005882174491792511,
      -0.0006159486919374586,
      -0.0005418189114936846,
      -0.0006044436983860469,
      -0.0005444493121379832,
      -0.0006084785298935432,
      -0.0005131666606436206,
      -0.0005386022324673853,
      -0.0004988301568267057,
      -0.0004683714603318403,
      -0.00046287861459213284,
      -0.00048085549213336133,
      0.00046112408901274003
    ],
    [
      -0.0005491726226310458,
      0.0009901916939441247,
      0.00041473250283617896,
      0.0005172524534397679,
      0.00044045346988927315,
      0.0005178129630889351,
      0.00043931489524330733,
      0.000516011953586158,
      0.00046247185216993634,
      0.0004642264266282338,
      0.00047672136490708745,
      0.0005594136691653908,
      0.0005476883943552848,
      0.0004322873687939027,
      0.0004767642241118536,
      -4.782715130426901e-05
    ],
    [
      -0.00042445380931801607,
      0.0004147325028361793,
      0.0013983400615988988,
      0.00043339353189236713,
      0.00040209963267409047,
      0.0004080989216117969,
      0.0002966528229062597,
      0.0004183439249929193,
      0.00040462576107481876,
      0.0003449771733481503,
      0.00039962985916907007,
      0.0004039238404660973,
      0.00038821105883858305,
      0.0002551379124363777,
      0.0005231037143404655,
      -3.086881335328288e-06
    ],
    [
      -0.0005882174491792562,
      0.0005172524534397673,
      0.0004333935318923663,
      0.001885897924773914,
      0.000476961186347806,
      0.000642887003566649,
      0.0004794646430618753,
      0.00048249809939462837,
      0.0004807182945086293,
      0.00046375687872930705,
      0.00046512672956413345,
      0.00047902482795393695,
      0.00047904623952122025,
      0.0003456311469359806,
      0.0006023782463496958,
      -7.359900466630457e-05
    ],
    [
      -0.000615948691937463,
      0.0004404534698892721,
      0.00040209963267408944,
      0.00047696118634780565,
      0.0017386012118876621,
      0.000465361444394965,
      0.0005667642474690645,
      0.000553910452549184,
      0.0005108752359161762,
      0.0006268168588894679,
      0.0005703070309230764,
      0.0004760058112504316,
      0.0004617781859692932,
      0.000364298269275572,
      0.00041363611703426465,
      -8.75734779600629e-05
    ],
    [
      -0.0005418189114936902,
      0.0005178129630889349,
      0.00040809892161179656,
      0.0006428870035666494,
      0.0004653614443949656,
      0.0012564519334314916,
      0.0005657186710494325,
      0.0004671723974132414,
      0.0004506384333153478,
      0.0004357112173345397,
      0.000455025060488132,
      0.0004792553179677206,
      0.0004997142069952552,
      0.0003977300035497416,
      0.0004977684818588747,
      -5.450733966893819e-05
    ],
    [
      -0.0006044436983860513,
      0.00043931489524330646,
      0.0002966528229062588,
      0.00047946464306187515,
      0.0005667642474690645,
      0.0005657186710494322,
      0.00238534513459196,
      0.0005088129514301021,
      0.00047533800808421316,
      0.0004969008779423322,
      0.0005120708377762128,
      0.0005050121510659645,
      0.0004689140082040902,
      0.0008767185493329257,
      0.00033184651692801657,
      -8.83511361381286e-05
    ],
    [
      -0.0005444493121379888,
      0.0005160119535861577,
      0.0004183439249929188,
      0.0004824980993946286,
      0.0005539104525491847,
      0.00046717239741324133,
      0.0005088129514301027,
      0.000798156247685394,
      0.0004629941137055136,
      0.0006466298444986781,
      0.0005984084467169885,
      0.0005457132087673405,
      0.00046816982581976435,
      0.0003861797311649412,
      0.0004646731155395385,
      -5.4570374897874146e-05
    ],
    [
      -0.0006084785298935474,
      0.00046247185216993525,
      0.0004046257610748177,
      0.00048071829450862873,
      0.000510875235916176,
      0.000450638433315347,
      0.00047533800808421294,
      0.0004629941137055128,
      0.0027943436128003304,
      0.0004088946834954335,
      0.0004482273914468321,
      0.00045359936303212244,
      0.00044128441604913233,
      0.00039737506984956775,
      0.00046250714097738636,
      -8.83507066814494e-05
    ],
    [
      -0.0005131666606436258,
      0.0004642264266282332,
      0.0003449771733481496,
      0.00046375687872930694,
      0.0006268168588894682,
      0.00043571121733453956,
      0.0004969008779423326,
      0.0006466298444986778,
      0.000408894683495434,
      0.0016620173592165953,
      0.0005477938637829395,
      0.0004915127015128781,
      0.0004160995360739461,
      0.0003613154828575287,
      0.0003953566844852201,
      -5.1600589133362985e-05
    ],
    [
      -0.0005386022324673906,
      0.000476721364907087,
      0.0003996298591690696,
      0.0004651267295641336,
      0.000570307030923077,
      0.00045502506048813193,
      0.0005120708377762133,
      0.0005984084467169886,
      0.0004482273914468328,
      0.0005477938637829397,
      0.0013671484922601054,
      0.000489166007481311,
      0.0004480179624898427,
      0.00038811185439108155,
      0.0004457921671683924,
      -5.4435167869577495e-05
    ],
    [
      -0.0004988301568267126,
      0.0005594136691653908,
      0.00040392384046609715,
      0.0004790248279539378,
      0.0004760058112504328,
      0.00047925531796772115,
      0.0005050121510659657,
      0.0005457132087673411,
      0.0004535993630321237,
      0.0004915127015128789,
      0.0004891660074813115,
      0.0008743666752641095,
      0.00047179055487044916,
      0.0003989771301877035,
      0.00046375065983714973,
      -3.1120181140857536e-05
    ],
    [
      -0.000468371460331846,
      0.0005476883943552849,
      0.000388211058838583,
      0.0004790462395212211,
      0.00046177818596929415,
      0.0004997142069952556,
      0.00046891400820409096,
      0.0004681698258197648,
      0.0004412844160491335,
      0.00041609953607394664,
      0.0004480179624898432,
      0.0004717905548704492,
      0.0012587731273429894,
      0.0003736251143962388,
      0.00045378458488268996,
      -2.007251909776451e-05
    ],
    [
      -0.0004628786145921363,
      0.000432287368793902,
      0.000255137912436377,
      0.00034563114693598036,
      0.000364298269275572,
      0.0003977300035497411,
      0.0008767185493329254,
      0.0003861797311649407,
      0.00039737506984956786,
      0.0003613154828575285,
      0.00038811185439108117,
      0.00039897713018770264,
      0.0003736251143962381,
      0.004470427408479345,
      0.0002577967668669389,
      -5.332929852301464e-05
    ],
    [
      -0.00048085549213336724,
      0.0004767642241118537,
      0.0005231037143404653,
      0.0006023782463496966,
      0.0004136361170342657,
      0.000497768481858875,
      0.0003318465169280174,
      0.00046467311553953885,
      0.00046250714097738745,
      0.00039535668448522065,
      0.00044579216716839277,
      0.0004637506598371496,
      0.0004537845848826898,
      0.00025779676686693966,
      0.0008035788637980847,
      -1.644225380371796e-05
    ],
    [
      0.0004611240890127376,
      -4.7827151304265986e-05,
      -3.086881335325868e-06,
      -7.359900466630186e-05,
      -8.757347796006031e-05,
      -5.450733966893543e-05,
      -8.835113613812609e-05,
      -5.457037489787142e-05,
      -8.835070668144704e-05,
      -5.1600589133360294e-05,
      -5.4435167869574825e-05,
      -3.112018114085439e-05,
      -2.0072519097761815e-05,
      -5.3329298523012676e-05,
      -1.6442253803715155e-05,
      0.000213853392173991
    ]
  ],
  "dof": 338,
  "ladder_level": "L2",
  "logdet_cov": -1418.2768580106701,