{
  "cut_var": "z_hf_max",
  "cuts": [
    0.05,
    0.058998181818181825,
    0.06799636363636363,
    0.07699454545454545,
    0.08599272727272728,
    0.0949909090909091,
    0.10398909090909092,
    0.11298727272727273,
    0.12198545454545455,
    0.13098363636363636,
    0.1399818181818182,
    0.14898
  ],
  "mc": {
    "end_to_end": [
      0.014977217891399164,
      0.004585188743266855,
      0.04242058957889938,
      0.02954752097526736,
      0.03670696492714853,
      0.015519837955501714,
      0.03697711148885574,
      0.08148102436979343,
      0.005859634987924522,
      0.03598826171607783,
      0.013122909079591238,
      0.04554453146961279,
      0.0009085408144891005,
      0.008968730312854944,
      0.022427183277748952,
      0.019990774290484126,
      0.03893357803087838,
      0.0022446704229182046,
      0.011773868092102902,
      0.015049767309989193,
      0.0008536374783361111,
      0.04731985639275038,
      0.010739176255757599,
      0.06939514190831275,
      0.026836109134197983,
      0.02733667782912974,
      0.015598843107969884,
      0.05987537498989681,
      0.003007026851403083,
      0.004003667154634627,
      0.02567963298528042,
      0.012012546224308807,
      0.026853992763214762,
      0.014533755159323647,
      0.02353734319879308,
      0.017766918125058595,
      0.006340863607110947,
      0.021256334325716608,
      0.026160139455171816,
      0.0345993256314685,
      0.0037543576068657103,
      0.028373892331494233,
      0.002573592571060601,
      0.013739627151956313,
      0.009150380859729523,
      0.004218722956888854,
      0.009118059874698048,
      0.02275067099862582,
      0.002026067602237447,
      0.06032211879843885,
      0.008520235655069541,
      0.05266159708216378,
      0.030848228535219846,
      0.005439487749864469,
      0.0217344558879482,
      0.0018604834278264093,
      0.01316936584254691,
      0.012352727034169675,
      0.02158880983029121,
      0.05276585096638797,
      0.031112538933310674,
      0.024599712008750885,
      0.005897864852091317,
      0.030670719094050725,
      0.02831699847416047,
      0.0026519678779273193,
      0.016284269546847696,
      0.013761136623141823,
      0.03214982401733124,
      0.005894292600519435,
      0.005892543849647325,
      0.0027123387074645677,
      0.008015627661361435,
      0.008378155871547222,
      0.00022088450148061156,
      0.03033128850483635,
      0.012103810981656693,
      0.008985176373141002,
      0.030646244151125046,
      0.0002296094201845733,
      0.022872368383200836,
      0.024847641012225807,
      0.009992512289397126,
      0.03276823376404181,
      0.03128292749257611,
      0.04228989766967928,
      0.006992619709812686,
      0.057839786386388425,
      0.016292066725444698,
      0.022056688841065153,
      0.02045740650027028,
      0.009468737313554243,
      0.08358613907267198,
      0.01408711975726007,
      0.008806080733013033,
      0.009269199236257464,
      0.0205521252380656,
      0.031162718985314086,
      0.03274941035683554,
      0.012210396229772158,
      0.015780197008574248,
      0.027494753609992983,
      0.03173118777482742,
      0.04594658035674115,
      0.0418971620530435,
      0.038261705258030076,
      0.0015338696042341837,
      0.02527532390643472,
      0.01099672784112471,
      0.02124777799853561,
      0.039596700173220256,
      0.002654406950664878,
      0.024675756683826933,
      0.017719413267354156,
      0.03715337987250322,
      0.014475535831611097,
      0.006304875519308695,
      0.028723554905923265,
      0.010793062295618938,
      0.01701975102701425,
      0.0028214111746827086,
      0.03499446863197164,
      0.006012439888934296,
      0.02369474549199424,
      0.013516269756749466,
      0.01753795859260876,
      0.0775700483764794,
      0.019015557516691928,
      0.00518753389097526,
      0.0411202395234227,
      0.07554863605364659,
      0.010686141855430265,
      2.171076857848675e-05,
      0.008475595932782909,
      0.03701241987640458,
      0.016488853966219352,
      0.0047441385573705475,
      0.013323021959521952,
      0.014071278686529354,
      0.04731976662523962,
      0.03988477179331085,
      0.020405915574698952,
      0.015156258114519261,
      0.03349063448274592,
      0.023651439067638336,
      0.02672489819725854,
      0.006489536737028345,
      0.00858416434475373,
      0.016036038567460054,
      0.01185822573298978,
      0.013524215448924792,
      0.027085640592233062,
      0.05080016101572582,
      0.04488241666881976,
      0.025738723217401116,
      0.018470476452520757,
      0.03987132174170682,
      0.05482225500005811,
      0.01069951843350836,
      0.07252148081951759,
      0.03554694022979987,
      0.00524872480432137,
      0.015063132005792568,
      0.0021259231191095296,
      0.03253772720531245,
      0.007946604080352415,
      0.025098394657298684,
      0.03979058612171116,
      0.015804653770707944,
      0.007341917063875769,
      0.032199276401946975,
      0.0004998472202473181,
      0.004708860267598425,
      0.023730939273857388,
      0.029357870636346206,
      0.029332052409067444,
      0.03082898691643976,
      0.023046258154792554,
      0.012881723824190061,
      0.02482845791129762,
      0.0027055883034918793,
      0.00029922039622221064,
      0.029488684539543897,
      0.0003534221712797603,
      0.0037611922740055093,
      0.00026372248065698045,
      0.044320396833793296,
      0.028625666306425046,
      0.05045494619723101,
      0.024589322368928634,
      0.002742197806377078,
      0.020294736751200304,
      0.019828781137366747,
      0.034658462331286444,
      0.01013357700027484,
      0.021912902488043784,
      0.037134148953434476,
      0.027811363415821688,
      0.006648910525303364,
      0.03188064075057895
    ],