{
  "cut_var": "z_hf_max",
  "cuts": [
    0.05,
    0.058998181818181825,
    0.06799636363636363,
    0.07699454545454545,
    0.08599272727272728,
    0.0949909090909091,
    0.10398909090909092,
    0.11298727272727273,
    0.12198545454545455,
    0.13098363636363636,
    0.1399818181818182,
    0.14898
  ],
  "rows": [
    {
      "chi2": 224.38414941028603,
      "cut": 0.05,
      "dof": 249,
      "n": 264,
      "params": {
        "delta_lnH0": 0.1210276062708183,
        "global_offset_mag": -19.13627041978682,
        "survey_offset_15": -0.0022197439347794922,
        "survey_offset_150": -0.03149855454062989,
        "survey_offset_18": -0.026510761143977508,
        "survey_offset_50": -0.08148142321755841,
        "survey_offset_51": -0.020609748427655235,
        "survey_offset_56": -0.16433619611575281,
        "survey_offset_57": -0.0266641989654838,
        "survey_offset_61": -0.10624647771075171,
        "survey_offset_62": -0.08884461410309383,
        "survey_offset_63": -0.007859047094889002,
        "survey_offset_64": -0.04190519248931097,
        "survey_offset_65": -0.03961331744365342,
        "survey_offset_66": 0.06952784669659517
      }
    },
    {
      "chi2": 236.07686753322352,
      "cut": 0.058998181818181825,
      "dof": 265,
      "n": 280,
      "params": {
        "delta_lnH0": 0.11882364754686135,
        "global_offset_mag": -19.13424290161283,
        "survey_offset_15": -0.015229267925424422,
        "survey_offset_150": -0.025172905827525658,
        "survey_offset_18": -0.025479433491248513,
        "survey_offset_50": -0.08480533197223886,
        "survey_offset_51": -0.018781946390570906,
        "survey_offset_56": -0.16811111178996835,
        "survey_offset_57": -0.030710892086917307,
        "survey_offset_61": -0.11022807730538686,
        "survey_offset_62": -0.10143106728577246,
        "survey_offset_63": -0.013942450214360429,
        "survey_offset_64": -0.0463390760969706,
        "survey_offset_65": -0.04358977507956635,
        "survey_offset_66": 0.057218103169025696
      }
    },
    {
      "chi2": 242.611848568504,
      "cut": 0.06799636363636363,
      "dof": 272,
      "n": 288,
      "params": {
        "delta_lnH0": 0.11797765478596858,
        "global_offset_mag": -18.97927477749713,
        "survey_offset_15": -0.14227316380289906,
        "survey_offset_150": -0.17579463590824607,
        "survey_offset_18": -0.17616809634518965,
        "survey_offset_5": -0.18497484374465206,
        "survey_offset_50": -0.22423581906283216,
        "survey_offset_51": -0.1729314752178959,
        "survey_offset_56": -0.3151771302575997,
        "survey_offset_57": -0.1860008628369343,
        "survey_offset_61": -0.25535653009917386,
        "survey_offset_62": -0.25308422712038975,
        "survey_offset_63": -0.16543840707773388,
        "survey_offset_64": -0.2109871434929451,
        "survey_offset_65": -0.19444825658553744,
        "survey_offset_66": -0.08455186723259057
      }
    },
    {
      "chi2": 248.07090047773488,
      "cut": 0.07699454545454545,
      "dof": 280,
      "n": 296,
      "params": {
        "delta_lnH0": 0.11880269432642507,
        "global_offset_mag": -18.97984734257214,
        "survey_offset_15": -0.1394351159512951,
        "survey_offset_150": -0.17990067063469134,
        "survey_offset_18": -0.17806817072367448,
        "survey_offset_5": -0.1851147202295574,
        "survey_offset_50": -0.22474886469708297,
        "survey_offset_51": -0.17625654266001275,
        "survey_offset_56": -0.313854388536926,
        "survey_offset_57": -0.1851591366643666,
        "survey_offset_61": -0.2539251631648194,
        "survey_offset_62": -0.25429479803410454,
        "survey_offset_63": -0.16445981641088964,
        "survey_offset_64": -0.20999231907325003,
        "survey_offset_65": -0.1972695612694126,
        "survey_offset_66": -0.08389787349237963
      }
    },
    {
      "chi2": 265.4945854793354,
      "cut": 0.08599272727272728,
      "dof": 289,
      "n": 305,
      "params": {
        "delta_lnH0": 0.11972351423872442,
        "global_offset_mag": -19.04956661755582,
        "survey_offset_15": -0.11745520585405789,
        "survey_offset_150": -0.11040879161119466,
        "survey_offset_18": -0.11113025605452531,
        "survey_offset_5": -0.10834933206417197,
        "survey_offset_50": -0.15395933444080648,
        "survey_offset_51": -0.10537472513228428,
        "survey_offset_56": -0.2486423675861603,
        "survey_offset_57": -0.11466521337443195,
        "survey_offset_61": -0.18580906792603807,
        "survey_offset_62": -0.19737694305259457,
        "survey_offset_63": -0.09603183563480423,
        "survey_offset_64": -0.1393897444458737,
        "survey_offset_65": -0.12490500846158543,
        "survey_offset_66": -0.01943146959779856
      }
    },
    {
      "chi2": 268.0052363494905,
      "cut": 0.0949909090909091,
      "dof": 295,
      "n": 311,
      "params": {
        "delta_lnH0": 0.1199629152906218,
        "global_offset_mag": -19.06227047118069,
        "survey_offset_15": -0.0954419819074799,
        "survey_offset_150": -0.09724773443913474,
        "survey_offset_18": -0.09906827209006303,
        "survey_offset_5": -0.09557132813685058,
        "survey_offset_50": -0.1405768155331963,
        "survey_offset_51": -0.092850208328979,
        "survey_offset_56": -0.23644511711278782,
        "survey_offset_57": -0.10187296390370175,
        "survey_offset_61": -0.1732729701436033,
        "survey_offset_62": -0.18670677052826737,
        "survey_offset_63": -0.08338603151830273,
        "survey_offset_64": -0.1266452302862523,
        "survey_offset_65": -0.11218920672405729,
        "survey_offset_66": -0.007050683981676951
      }
    },
    {
      "chi2": 269.2490690860785,
      "cut": 0.10398909090909092,
      "dof": 298,
      "n": 314,
      "params": {
        "delta_lnH0": 0.11995167563032456,
        "global_offset_mag": -19.061678089437528,
        "survey_offset_15": -0.08173828462312419,
        "survey_offset_150": -0.09775778553947159,
        "survey_offset_18": -0.09943072061966378,
        "survey_offset_5": -0.09614524726016307,
        "survey_offset_50": -0.1411815445989087,
        "survey_offset_51": -0.09333455355104514,
        "survey_offset_56": -0.23670777227511958,
        "survey_offset_57": -0.10235431677418474,
        "survey_offset_61": -0.17362647060291586,
        "survey_offset_62": -0.18702482717791016,
        "survey_offset_63": -0.0838884650261601,
        "survey_offset_64": -0.1270968845868003,
        "survey_offset_65": -0.11262561859995175,
        "survey_offset_66": -0.0076340272855916665
      }
    },
    {
      "chi2": 271.04331013060636,
      "cut": 0.11298727272727273,
      "dof": 304,
      "n": 320,
      "params": {
        "delta_lnH0": 0.12039369119177118,
        "global_offset_mag": -19.076359339567883,
        "survey_offset_15": -0.05858717886693992,
        "survey_offset_150": -0.08260894515113346,
        "survey_offset_18": -0.08552714137099143,
        "survey_offset_5": -0.0813614605495057,
        "survey_offset_50": -0.126312893354008,
        "survey_offset_51": -0.07849238895240752,
        "survey_offset_56": -0.2232533460510437,
        "survey_offset_57": -0.08769268861756531,
        "survey_offset_61": -0.159576996935107,
        "survey_offset_62": -0.17408892797588346,
        "survey_offset_63": -0.06939519381524974,
        "survey_offset_64": -0.11243037302237241,
        "survey_offset_65": -0.09786157593161808,
        "survey_offset_66": 0.005505231739770195
      }
    },
    {
      "chi2": 273.2850543407243,
      "cut": 0.12198545454545455,
      "dof": 309,
      "n": 325,
      "params": {
        "delta_lnH0": 0.12097879692361617,
        "global_offset_mag": -19.10155195904898,
        "survey_offset_15": -0.035447834884363226,
        "survey_offset_150": -0.05730993865709415,