{
  "H0_eff": {
    "mean": 76.20590535337261,
    "sd_lin": 1.1144143577690255
  },
  "anchor": {
    "H0": 67.4,
    "rd_Mpc": 147.09
  },
  "delta_lnH0": {
    "mean": 0.12279393984727462,
    "sd": 0.014623727027471178
  },
  "delta_mu_equiv_mag": {
    "mean": -0.26664365243415594,
    "sd": 0.03175501976445087
  }
}