{
  "coverage_68": {
    "delta_lnH0": 0.2734375,
    "global_offset_mag": 0.15234375,
    "survey_offset_15": 0.59765625,
    "survey_offset_150": 0.44140625,
    "survey_offset_18": 0.6015625,
    "survey_offset_5": 0.4453125,
    "survey_offset_50": 0.43359375,
    "survey_offset_51": 0.53515625,
    "survey_offset_56": 0.6015625,
    "survey_offset_57": 0.39453125,
    "survey_offset_61": 0.64453125,
    "survey_offset_62": 0.6796875,
    "survey_offset_63": 0.54296875,
    "survey_offset_64": 0.51171875,
    "survey_offset_65": 0.609375,
    "survey_offset_66": 0.6796875
  },
  "coverage_95": {
    "delta_lnH0": 0.6875,
    "global_offset_mag": 0.44921875,
    "survey_offset_15": 0.8828125,
    "survey_offset_150": 0.8203125,
    "survey_offset_18": 0.91796875,
    "survey_offset_5": 0.8125,
    "survey_offset_50": 0.8046875,
    "survey_offset_51": 0.8984375,
    "survey_offset_56": 0.921875,
    "survey_offset_57": 0.7734375,
    "survey_offset_61": 0.93359375,
    "survey_offset_62": 0.921875,
    "survey_offset_63": 0.8828125,
    "survey_offset_64": 0.859375,
    "survey_offset_65": 0.91015625,
    "survey_offset_66": 0.9375
  },
  "n_rep": 256,
  "param_names": [
    "global_offset_mag",
    "survey_offset_5",
    "survey_offset_15",
    "survey_offset_18",
    "survey_offset_50",
    "survey_offset_51",
    "survey_offset_56",
    "survey_offset_57",
    "survey_offset_61",
    "survey_offset_62",
    "survey_offset_63",
    "survey_offset_64",
    "survey_offset_65",
    "survey_offset_66",
    "survey_offset_150",
    "delta_lnH0"
  ],
  "use_diagonal_errors": true,
  "zscore_mean": {
    "delta_lnH0": -1.5292906240563662,
    "global_offset_mag": -2.019094579024184,
    "survey_offset_15": 0.7540629412649857,
    "survey_offset_150": 1.0577712781240725,
    "survey_offset_18": 0.631242326939315,
    "survey_offset_5": 1.1124390456704334,
    "survey_offset_50": 1.0531008705574427,
    "survey_offset_51": 0.8028849788651988,
    "survey_offset_56": 0.751946248157624,
    "survey_offset_57": 1.1553745937192017,
    "survey_offset_61": 0.5327991785947812,
    "survey_offset_62": 0.4684778146273453,
    "survey_offset_63": 0.8407249237801093,
    "survey_offset_64": 0.8661289680187998,
    "survey_offset_65": 0.5807147683949827,
    "survey_offset_66": 0.3851824535417409
  },
  "zscore_std": {
    "delta_lnH0": 0.9374935051503387,
    "global_offset_mag": 0.9369784381652032,
    "survey_offset_15": 0.9491424492330024,
    "survey_offset_150": 0.9536655191458139,
    "survey_offset_18": 0.9539946560541318,
    "survey_offset_5": 0.9963261361967819,
    "survey_offset_50": 0.9632191675622663,
    "survey_offset_51": 0.9872880354629902,
    "survey_offset_56": 0.8873377802513595,
    "survey_offset_57": 1.0761494048137359,
    "survey_offset_61": 0.884805006396188,
    "survey_offset_62": 1.0031935600928326,
    "survey_offset_63": 0.9623493680851124,
    "survey_offset_64": 0.988863503660104,
    "survey_offset_65": 0.9593510254862264,
    "survey_offset_66": 0.9127371271557898
  }
}