{
  "H0_eff": {
    "mean": 69.07995012481996,
    "sd_lin": 0.28641589052433086
  },
  "anchor": {
    "H0": 67.4,
    "rd_Mpc": 147.09
  },
  "delta_lnH0": {
    "mean": 0.02461951336835122,
    "sd": 0.004146150800728844
  },
  "delta_mu_equiv_mag": {
    "mean": -0.053460594015091366,
    "sd": 0.009003252069476428
  }
}