{
  "always_include_calibrators": false,
  "always_include_hubble_flow": true,
  "mode": "group_holdout",
  "models": {
    "+bounded_calibration_fields": {
      "ladder_level": "L1",
      "logp": [
        0.8692832738528388,
        0.8739612188785867,
        -0.018153007549564615,
        0.6864299831094622,
        0.24505240640497522,
        0.2981808021913652,
        0.5360830427563998,
        0.039827014262535876,
        0.05534086155782725,
        1.0551826393144903,
        0.2714613523266266,
        -0.927480857361543,
        -0.47402816525545743,
        -0.4652860895908606,
        2.342370323521058,
        3.3492295747643377,
        0.5693466704448126,
        2.331362714532425,
        1.1156792603013905,
        1.0827009986292717,
        2.2614849842900795,
        0.622508082950679,
        0.24777561518321856,
        -8.025085372486688,
        0.6978465693274465,
        0.04391158651967303,
        0.3459886107190516,
        0.06441789179833324,
        -0.8402091403463501,
        0.6068163087124143,
        0.7795873966940376,
        -0.11455879708318678,
        0.09723772088332638,
        0.9713767046495545,
        0.43688004084065657,
        0.34155409378925916,
        1.1428388285531013,
        2.2632748096237623,
        2.0458343975413316,
        -0.5600173171667646,
        0.29746147337246154,
        0.07678042627022685,
        1.0757030997786357
      ],
      "mean_delta_logp_vs_base": 0.06866385139512937,
      "mean_logp": 0.4352546984070985,
      "sd_delta_logp_vs_base": 0.2736377651663856,
      "sd_logp": 1.5801632311638876
    },
    "+bounded_fields_plus_metadata_bounded": {
      "ladder_level": "L1",
      "logp": [
        0.6938280627425436,
        0.8175702116784658,
        1.2021309557100388,
        0.5921963842046004,
        0.2243719063801014,
        0.510194771653325,
        -0.6506173534839936,
        0.5572620973863553,
        0.764790479894556,
        0.07947551624561533,
        0.47808503607527464,
        0.12138434144004917,
        1.547087497076329,
        0.06861966761436133,
        2.2015122273100496,
        3.264679919369357,
        0.7362984849214447,
        2.3433800816360044,
        0.7984009639306615,
        1.04091606143261,
        2.231231033631364,
        0.961422774676257,
        0.30638026782836997,
        -2.6546786843560084,
        0.8044179799271891,
        0.027233947473517928,
        0.24348792975343864,
        -0.4917110680076142,
        0.5827079579989111,
        0.14556907104122496,
        0.7156867242193431,
        -0.23684978679742996,
        0.4522653946749151,
        1.0655338586186256,
        0.4214787092893213,
        0.7235563876356667,
        1.1484565140937302,
        2.30856348133654,
        1.198988060661713,
        1.432527262095861,
        0.3414404335310066,
        0.019557525583261293,
        1.069354900663386
      ],
      "mean_delta_logp_vs_base": 0.33592515272734097,
      "mean_logp": 0.7025159997393102,
      "sd_delta_logp_vs_base": 1.244317381539959,
      "sd_logp": 0.9353763872935252
    },
    "+cal_offset_bounded": {
      "ladder_level": "L1",
      "logp": [
        0.9303292783430841,
        0.7772488956978523,
        0.8884578290638303,
        0.6239896815932192,
        0.16228525269247446,
        0.4578607482235365,
        0.11348088409686274,
        0.445633325118354,
        0.5608369817626765,
        0.5441138485725332,
        0.4135906593802448,
        -0.3340764518102888,
        0.7665079771913561,
        0.012502331218872675,
        2.1458307098134584,
        3.185137459239751,
        0.7144703308854318,
        2.4925715337751004,
        1.027943059655461,
        0.9528386614209801,
        2.543660514480729,
        0.9012244197058078,
        0.30564855895687143,
        -5.8832578033924445,
        0.7681197998358494,
        0.09996191428661833,
        0.2698859687530398,
        0.5163360795421617,
        -0.11576957797700893,
        0.46649506357857307,
        0.7509836107759175,
        -0.13847850423820854,
        0.5580739382222746,
        1.113311664332899,
        0.4645612585214705,
        0.6628515812691543,
        1.2467318398644736,
        2.433874048279361,
        1.7010982032329078,
        0.7559033698048965,
        0.3872226203273884,
        -0.05338435067911618,
        1.1235426630611862
      ],
      "mean_delta_logp_vs_base": 0.2789940338363934,
      "mean_logp": 0.6455848808483626,
      "sd_delta_logp_vs_base": 0.7039994412309631,
      "sd_logp": 1.2612237205692807
    },
    "baseline": {
      "ladder_level": "L1",
      "logp": [
        0.8639514349409347,
        0.8910875051173406,
        0.08928256630066711,
        0.6862865576064747,
        0.24362276596643617,
        0.31635560513567107,
        0.6175899269251142,
        0.08564802488043388,
        0.01620631695019159,
        1.0791013885758645,
        0.2400875327710304,
        -0.9734161124152345,
        -0.5475615961608775,
        -0.45501965279879,
        2.3506868740272995,
        3.351095032337749,
        0.5532722057903663,
        2.315217464611532,
        1.1511286926762483,
        1.1327228172025723,
        2.21682121109053,
        0.6003078310231651,
        0.24945280905647543,
        -9.71454020027257,
        0.5691014842552449,
        -0.0943108951996453,
        0.4038630937160175,
        -0.07910266382027165,
        -1.103949709351752,
        0.7018272181767788,
        0.8380622234247588,
        -0.06602514825326564,
        -0.29493217454763165,
        0.8094127451948445,
        0.46463725676811224,
        0.0377485503599162,
        1.0969151861258875,
        2.2129582436325643,
        2.1885520205868834,
        -0.8095497088800827,
        0.2392451161936431,
        0.22461489619012165,
        1.064951685603927
      ],
      "mean_delta_logp_vs_base": 0.0,
      "mean_logp": 0.36659084701196926,
      "sd_delta_logp_vs_base": 0.0,
      "sd_logp": 1.8099967883159929
    }
  },
  "n_rep": 43,
  "seed": 888,
  "train_frac": null,
  "use_diagonal_errors": true
}