{
  "always_include_calibrators": false,
  "always_include_hubble_flow": true,
  "mode": "group_holdout",
  "models": {
    "+bounded_calibration_fields": {
      "ladder_level": "L1",
      "logp": [
        0.8757829116271731,
        0.8883000681375719,
        0.11099778448770481,
        0.6855323629296561,
        0.23874854953855934,
        0.32729812900668664,
        0.5878277300709691,
        -0.46061787659169395,
        1.1005050479676115,
        1.0012308649421453,
        0.30242505919080975,
        -0.9138743861147125,
        -0.24366645887031968,
        -0.15156355007221212,
        2.35573090695497,
        3.390629438182965,
        0.6113245866590653,
        2.3558018619503964,
        1.1453935649286504,
        1.120658800173956,
        2.3162507673501547,
        0.7047196170879304,
        0.5261392084306843,
        -14.915256427537381,
        1.1476866523932419,
        -0.041355021438996276,
        -0.23203152493142776,
        0.7068109132963114,
        -0.8718334351242487,
        1.389016598679248,
        0.8238626536258542,
        -0.10249168765091252,
        0.8760475489797548,
        1.912466505805311,
        1.0090885207895939,
        0.9566765872350176,
        2.196308162552907,
        2.270660931391992,
        2.905386373735417,
        -0.5735465490046696,
        0.2994785697587775,
        0.20096632579470852,
        1.0830070954128175
      ],
      "mean_delta_logp_vs_base": 0.028571920773063027,
      "mean_logp": 0.46317497166818694,
      "sd_delta_logp_vs_base": 0.13393514041458016,
      "sd_logp": 2.5634314762571724
    },
    "+bounded_fields_plus_metadata": {
      "ladder_level": "L1",
      "logp": [
        0.7198362687387091,
        0.8361322503439513,
        1.2080136932295706,
        0.5970594179047549,
        0.20258597142544246,
        0.482552611219381,
        -1.380692293673499,
        1.2997582315307916,
        1.2188218224453289,
        0.13918456791841538,
        0.5202963030880311,
        0.5822558404767548,
        2.0472274742913927,
        0.9458552700192764,
        2.1743352318394202,
        3.191456850215205,
        0.6556602051681811,
        2.3060109191195304,
        0.5122909211658143,
        1.0251733501371363,
        2.299702484829122,
        0.6929715449578108,
        0.5187531725001063,
        -2.0516932425333376,
        1.4968408696475755,
        -0.3971105099303539,
        -1.554706416021968,
        -1.5912508795351115,
        1.0373840814606037,
        -0.09352002247868318,
        0.7028415406373246,
        -0.29949747038515445,
        1.7112174375872211,
        1.3369441971324576,
        0.6890362778286427,
        1.535813832451092,
        1.9213017404195845,
        2.1189769790717854,
        2.1242831916323412,
        2.0053412474888113,
        0.28079205426852805,
        0.08634111418690121,
        0.78382269823446
      ],
      "mean_delta_logp_vs_base": 0.37094115445495396,
      "mean_logp": 0.8055442053500779,
      "sd_delta_logp_vs_base": 2.282934870786766,
      "sd_logp": 1.1039371324294462
    },
    "+cal_offset_bounded": {
      "ladder_level": "L1",
      "logp": [
        0.932219792800483,
        0.7634413508237647,
        0.8948335915985991,
        0.6228398045424504,
        0.15728540495505566,
        0.4629821976871116,
        0.06905529826649015,
        0.33546148700713374,
        1.5764871066065804,
        0.48882694683128713,
        0.43223270330844865,
        -0.27116870833470297,
        0.8890638858825912,
        0.4748030662209577,
        2.0927554253354796,
        3.1375438219831278,
        0.7352573575329833,
        2.488281302227172,
        1.011067406498506,
        0.9314764630607453,
        2.5483015909135602,
        0.9438504892172278,
        0.5702743172909346,
        -10.334555464975354,
        1.470989482480325,
        0.11721124874937,
        -0.766012862604937,
        1.0897195578288779,
        -0.05750904118922806,
        1.0937704403508963,
        0.7444862171476944,
        -0.20220792073514454,
        1.6807313123042427,
        2.0466479101965884,
        0.9340456188262232,
        1.5220703349656959,
        1.8583379761366081,
        2.4347196263402697,
        2.658928553824965,
        0.8453735018954349,
        0.4028278951383207,
        -0.052821396770858176,
        1.1191956947169568
      ],
      "mean_delta_logp_vs_base": 0.2838416185672699,
      "mean_logp": 0.7184446694623937,
      "sd_delta_logp_vs_base": 0.9172773878687535,
      "sd_logp": 1.908939127644157
    },
    "+cal_offset_bounded_plus_bounded_fields_plus_metadata": {
      "ladder_level": "L1",
      "logp": [
        0.7751693466554982,
        0.8267334375860937,
        1.1981431556230717,
        0.57746231029279,
        0.2072154044227506,
        0.4828635450440357,
        -1.2335149247433002,
        1.3029131429623906,
        1.2146899924132,
        0.1026215213449877,
        0.520208252769174,
        0.5822837492322727,
        2.0395035192005775,
        0.981989354725849,
        2.153085712553818,
        3.2003417754711103,
        0.6542242263945413,
        2.3367795744183733,
        0.5088478570371469,
        0.9962719057482604,
        2.3022743111852018,
        0.7211437847446114,
        0.5132879625390783,
        -2.1220129615006185,
        1.5386893290579167,
        -0.4204016500132338,
        -1.659232618605416,
        -1.267083104518159,
        1.0350246806553138,
        -0.05642534458514348,
        0.7014451688666657,
        -0.3059551237167144,
        1.7228443779303153,
        1.3369742380476737,
        0.6929460448264637,
        1.5331159806727177,
        1.9466175071977867,
        2.1428503213805263,
        2.143581943695157,
        2.0004695563937123,
        0.27847531580983814,
        0.10465972802391277,
        0.7669791606590506
      ],
      "mean_delta_logp_vs_base": 0.3811667506839297,
      "mean_logp": 0.8157698015790532,
      "sd_delta_logp_vs_base": 2.263148075176439,
      "sd_logp": 1.0950353455607964
    },
    "baseline": {
      "ladder_level": "L1",
      "logp": [
        0.8789983031086837,
        0.889529510230502,
        0.14935875445949987,
        0.6850938662524161,
        0.2373990992625972,
        0.33412797777482806,
        0.5883557511181603,
        -0.5030891570450291,
        1.1144412796959031,
        1.0167730766076468,
        0.2829397025833877,
        -0.8997833457812598,
        -0.29236743403015675,
        -0.1695908221186364,
        2.360504056704542,
        3.387426973094122,
        0.6144547928904676,
        2.354508429637565,
        1.1544354690091012,
        1.1309112478623056,
        2.3074943723004866,
        0.7116618038689195,
        0.5287709939518227,
        -15.76991121474609,
        0.9831477429270523,
        -0.07344170941252604,
        -0.11602641223790222,
        0.6693861926732221,
        -0.9655600638927049,
        1.4298534847625266,
        0.8338226445427839,
        -0.0928661449132925,
        0.7906292657563236,
        1.8839422541746451,
        1.0207152782896791,
        0.8881499362611911,
        2.1969853049214807,
        2.2602775165531606,
        2.922769421812875,
        -0.6057714245584185,
        0.2761010260270247,
        0.20978337703651173,
        1.0835900110749097
      ],
      "mean_delta_logp_vs_base": 0.0,
      "mean_logp": 0.4346030508951239,
      "sd_delta_logp_vs_base": 0.0,
      "sd_logp": 2.6833670116559842
    }
  },
  "n_rep": 43,
  "seed": 777,
  "train_frac": null,
  "use_diagonal_errors": true
}