{
  "cut_var": "z_hf_max",
  "cuts": [
    0.05,
    0.058998181818181825,
    0.06799636363636363,
    0.07699454545454545,
    0.08599272727272728,
    0.0949909090909091,
    0.10398909090909092,
    0.11298727272727273,
    0.12198545454545455,
    0.13098363636363636,
    0.1399818181818182,
    0.14898
  ],
  "mc": {
    "end_to_end": [
      0.09967097792024754,
      0.07019019082076954,
      0.08246119173142662,
      0.08100901933510402,
      0.06106021301651892,
      0.09068620045345882,
      0.08015540168787774,
      0.05550215564140986,
      0.060026589558370605,
      0.10324500444887563,
      0.06638306341142826,
      0.08527717506854313,
      0.09724630488340649,
      0.057286232080115226,
      0.061333262081166316,
      0.06814785533652501,
      0.05389850020730176,
      0.04530324702849152,
      0.0672093734819088,
      0.07297366103965393,
      0.104731746119238,
      0.06839129063348787,
      0.07962891091877507,
      0.0643797892634969,
      0.056683420408093786,
      0.11182381096517778,
      0.1018897070955816,
      0.08751777194245006,
      0.07726611419569165,
      0.06621465043357047,
      0.08666931653336349,
      0.08036816876299957,
      0.1099161384602232,
      0.10486429426067766,
      0.09176463460464535,
      0.05720773393899946,
      0.01658385319299409,
      0.06663003361716954,
      0.061853939715061805,
      0.07518485844768132,
      0.026554207840806886,
      0.09487997582021025,
      0.10197038600363194,
      0.05344215964883934,
      0.026610949808160728,
      0.08340409228698607,
      0.0455885042342919,
      0.08561854499423358,
      0.10215086717693869,
      0.07096165330911873,
      0.03816761008757267,
      0.06972264340110725,
      0.09020678378478106,
      0.05494746417307078,
      0.10123262832235695,
      0.11806351074166131,
      0.06033684448382104,
      0.06217442909446573,
      0.08152314226697031,
      0.10369622122611603,
      0.09395333775266079,
      0.11514632001771634,
      0.13071607657059547,
      0.10843894768739702,
      0.07746564789325527,
      0.0445898761391093,
      0.035714746135540515,
      0.074412224082356,
      0.10182253026775413,
      0.07210457896008782,
      0.09908303666361892,
      0.06301764333414248,
      0.0036378557439518955,
      0.12367201894894735,
      0.07568065280679925,
      0.11734450324976106,
      0.02710910552811656,
      0.09810949200044183,
      0.08928987488941029,
      0.10612291505254154,
      0.08425389359965232,
      0.061025152635264174,
      0.019208765691823587,
      0.05712959482414558,
      0.052393153119334394,
      0.10124679182344815,
      0.05851583215849969,
      0.039419952322346574,
      0.12703856852743264,
      0.08703541975013303,
      0.03919371919967887,
      0.03600263378780958,
      0.05247009702884156,
      0.05920479776736262,
      0.04640130100063275,
      0.0928394578641299,
      0.10427544071885152,
      0.09075109290205907,
      0.026492539398260115,
      0.11579354676432758,
      0.1088107667150719,
      0.09905335047616749,
      0.046873151948776705,
      0.06985504200849778,
      0.06118056712288788,
      0.07725800814086572,
      0.10981836218610065,
      0.06143624551091184,
      0.06631103483541906,
      0.09700266422100166,
      0.0676187205771285,
      0.07900304959480495,
      0.06581583141459044,
      0.07629507905944355,
      0.0727047145859139,
      0.06521594256592723,
      0.0732189429366403,
      0.04625083333249352,
      0.08579472588561567,
      0.07035296047886708,
      0.07531628986555611,
      0.03762550536357422,
      0.05718101466105979,
      0.11796264033658538,
      0.03909687111970187,
      0.12118327451221814,
      0.11035196240630378,
      0.11022147973915483,
      0.11407875329399164,
      0.04816068701998901,
      0.10302654472336313,
      0.08647320785610298,
      0.03631984230457094,
      0.04577034741041962,
      0.08456591159273465,
      0.11131170538806437,
      0.0565937675439922,
      0.1376001075940363,
      0.13162760511879346,
      0.08334650546970086,
      0.046153989148355445,
      0.026412035531623405,
      0.04014746115225616,
      0.07946361764667406,
      0.12363992874605446,
      0.07121561736231045,
      0.07266893096094452,
      0.07434926078493924,
      0.07075941973625625,
      0.08415801048523566,
      0.11588691886615869,
      0.0928051350850503,
      0.039540684934310955,
      0.07122302892165443,
      0.09502367126821872,
      0.04422591958081517,
      0.0869291793161276,
      0.06558318928082603,
      0.007628910790356089,
      0.1240054749965201,
      0.08224121149870509,
      0.03988429250378728,
      0.08770029435109566,
      0.08531587107983515,
      0.060542761949242345,
      0.07024241792857308,
      0.09612821409787879,
      0.04667490960937594,
      0.06626536038885725,
      0.07160612589165014,
      0.08329508995557519,
      0.07099380170738306,
      0.10650124071331803,
      0.04660164127586627,
      0.10983767296539071,
      0.08861609013920776,
      0.057016039133670454,
      0.08192285490779508,
      0.09376414778899583,
      0.055284201597752894,
      0.10645100054003934,
      0.11718032403361305,
      0.05441273267095929,
      0.06706775805867782,
      0.08194319824873544,
      0.07682580856160036,
      0.0805207676283382,
      0.0427415642412568,
      0.046500076613669984,
      0.09034219872946794,
      0.07574677843044997,
      0.04572542862796589,
      0.08001876452284293,
      0.0912294034044126,
      0.0806310909612502,
      0.027441888679988632,
      0.07287369800722243,
      0.047906470425495014,
      0.1052698806033697,
      0.05151778697399854
    ],