{
  "coverage_68": {
    "delta_lnH0": 0.69140625,
    "global_offset_mag": 0.69921875,
    "survey_offset_15": 0.66796875,
    "survey_offset_150": 0.6953125,
    "survey_offset_18": 0.69140625,
    "survey_offset_5": 0.70703125,
    "survey_offset_50": 0.66796875,
    "survey_offset_51": 0.703125,
    "survey_offset_56": 0.7734375,
    "survey_offset_57": 0.625,
    "survey_offset_61": 0.75,
    "survey_offset_62": 0.69140625,
    "survey_offset_63": 0.71484375,
    "survey_offset_64": 0.66015625,
    "survey_offset_65": 0.69140625,
    "survey_offset_66": 0.71875
  },
  "coverage_95": {
    "delta_lnH0": 0.96484375,
    "global_offset_mag": 0.95703125,
    "survey_offset_15": 0.96484375,
    "survey_offset_150": 0.96484375,
    "survey_offset_18": 0.96875,
    "survey_offset_5": 0.9375,
    "survey_offset_50": 0.96484375,
    "survey_offset_51": 0.9453125,
    "survey_offset_56": 0.9609375,
    "survey_offset_57": 0.91796875,
    "survey_offset_61": 0.9765625,
    "survey_offset_62": 0.94921875,
    "survey_offset_63": 0.96484375,
    "survey_offset_64": 0.96875,
    "survey_offset_65": 0.95703125,
    "survey_offset_66": 0.97265625
  },
  "n_rep": 256,
  "param_names": [
    "global_offset_mag",
    "survey_offset_5",
    "survey_offset_15",
    "survey_offset_18",
    "survey_offset_50",
    "survey_offset_51",
    "survey_offset_56",
    "survey_offset_57",
    "survey_offset_61",
    "survey_offset_62",
    "survey_offset_63",
    "survey_offset_64",
    "survey_offset_65",
    "survey_offset_66",
    "survey_offset_150",
    "delta_lnH0"
  ],
  "use_diagonal_errors": true,
  "zscore_mean": {
    "delta_lnH0": -0.011170923377157284,
    "global_offset_mag": -0.046724996445669444,
    "survey_offset_15": 0.11542461318229785,
    "survey_offset_150": 0.06099500229027422,
    "survey_offset_18": -0.06646830753720981,
    "survey_offset_5": 0.05277777079118782,
    "survey_offset_50": 0.10876053015894535,
    "survey_offset_51": 0.0006556487886404706,
    "survey_offset_56": -0.08932091612495174,
    "survey_offset_57": 0.09182729950797555,
    "survey_offset_61": -0.029194218626733943,
    "survey_offset_62": -0.013513989960919903,
    "survey_offset_63": 0.10100662171737962,
    "survey_offset_64": 0.020960854118721152,
    "survey_offset_65": -0.04530778371849459,
    "survey_offset_66": 0.044598377167721526
  },
  "zscore_std": {
    "delta_lnH0": 0.9382613593561605,
    "global_offset_mag": 0.9385242228159294,
    "survey_offset_15": 0.9494073196116046,
    "survey_offset_150": 0.9540666044323236,
    "survey_offset_18": 0.9541335953602805,
    "survey_offset_5": 0.9967553540106773,
    "survey_offset_50": 0.9636087821312301,
    "survey_offset_51": 0.9875319278296641,
    "survey_offset_56": 0.8876574549319972,
    "survey_offset_57": 1.0765795227161041,
    "survey_offset_61": 0.8848574562677275,
    "survey_offset_62": 1.0032716246899587,
    "survey_offset_63": 0.9626113378155067,
    "survey_offset_64": 0.9892183139937364,
    "survey_offset_65": 0.9595091857943364,
    "survey_offset_66": 0.9127367831994659
  }
}