{
  "chi2": 1489.3105208825723,
  "cov": [
    [
      0.00018588645941457953,
      -8.137695674544756e-05,
      -0.00010209453388516697,
      -9.844345692641486e-05,
      -9.915417628679588e-05,
      -9.171351621122091e-05,
      -0.00011304271218386935,
      -9.14930799843701e-05,
      -9.280934340961831e-05,
      -9.819103411358951e-05,
      -0.00010635460132577241,
      -0.00011017118096649206,
      -9.620177586249815e-05,
      -9.478394815961867e-05,
      -9.2359680455945e-05,
      -7.011595448111958e-05,
      -0.00010539172142191156,
      4.3299477212760824e-05,
      -5.5045281432206104e-05,
      -4.548602666469063e-05,
      -6.435970793684781e-05,
      -4.7181605393043775e-05
    ],
    [
      -8.137695674544688e-05,
      0.00048258127615664605,
      8.376357968313838e-05,
      7.660501535344233e-05,
      8.431425555547184e-05,
      6.97357010307842e-05,
      8.789943144874009e-05,
      6.812932955171378e-05,
      7.874323611055028e-05,
      8.2575421980768e-05,
      0.00010135521279959921,
      7.706861141273018e-05,
      7.620190840685509e-05,
      8.383144088227885e-05,
      8.196496456491786e-05,
      5.094456976189588e-05,
      8.65782072486987e-05,
      -1.0185796152911278e-07,
      -1.1436979700870625e-06,
      2.6697684256306774e-06,
      5.006914530712942e-06,
      4.389388506312613e-06
    ],
    [
      -0.0001020945338851663,
      8.376357968313853e-05,
      0.00033120835706767593,
      8.614231969531512e-05,
      9.999293678039708e-05,
      0.00011297770202413621,
      9.93144327973078e-05,
      0.00014074342894107404,
      8.71875196285759e-05,
      0.00012452777026026256,
      0.00010477307583385522,
      9.984356309091348e-05,
      0.0001068534150847162,
      0.00014553934534899154,
      0.00013877223533055645,
      0.00010097623060814474,
      0.00011591028487126923,
      -7.253768060324353e-07,
      -4.939547924695618e-05,
      -3.405664580014587e-05,
      -6.21693941338382e-05,
      -1.5331173045601265e-05
    ],
    [
      -9.844345692641406e-05,
      7.660501535344232e-05,
      8.614231969531494e-05,
      0.00024559000360449405,
      0.0001286425520766043,
      8.244020385571808e-05,
      0.00011438807023779428,
      8.965786200666758e-05,
      0.00010543773157388959,
      9.467266223672873e-05,
      9.005699540193417e-05,
      9.23818802485248e-05,
      9.329084285206888e-05,
      9.220976829405707e-05,
      8.868117328835223e-05,
      6.290862302212606e-05,
      0.0001110057559537528,
      -1.2188620259333084e-08,
      4.0386041214398377e-07,
      6.79138727843225e-06,
      3.815097400186397e-06,
      7.015844407992375e-06
    ],
    [
      -9.915417628679487e-05,
      8.431425555547173e-05,
      9.999293678039679e-05,
      0.00012864255207660415,
      0.0001954835258729586,
      8.379063007924497e-05,
      0.00011465340384209281,
      8.895838599075796e-05,
      6.706176331063573e-05,
      9.684689528860215e-05,
      9.389071277963293e-05,
      9.256533714738951e-05,
      9.233746057910369e-05,
      9.564338526205905e-05,
      8.980849669805179e-05,
      6.858792908845759e-05,
      0.00011844881526849323,
      -1.0326505594558139e-07,
      -1.3042636602261684e-06,
      8.777705221875465e-06,
      3.544667105843409e-06,
      9.234758877592693e-06
    ],
    [
      -9.171351621121994e-05,
      6.973570103078415e-05,
      0.000112977702024136,
      8.244020385571802e-05,
      8.379063007924504e-05,
      0.0008933061536436805,
      0.00010632659060599212,
      0.0001449456385614605,
      0.00010182912561933902,
      0.00010912896766177409,
      9.827952269370063e-05,
      5.4022887876643876e-05,
      9.856855130756599e-05,
      0.00010152457371724911,
      0.00010316917016371018,
      6.182354765421776e-05,
      0.00013202884156032004,
      -1.697909293793869e-06,
      -2.942431369123165e-06,
      -1.3558195966576957e-05,
      2.2257420163752044e-05,
      -0.00020087318545824724
    ],
    [
      -0.00011304271218386854,
      8.789943144874017e-05,
      9.931443279730767e-05,
      0.00011438807023779441,
      0.0001146534038420931,
      0.00010632659060599228,
      0.0008437153304503059,
      0.000104077734412481,
      0.00017628400430420906,
      0.0001387298898930145,
      0.00012822728745511051,
      0.00016309429256382583,
      0.00013984932471730184,
      0.00011538034166729096,
      0.00011793706432028854,
      6.451852954365675e-05,
      8.798692183814036e-05,
      -3.6958120188553195e-06,
      -0.00012990898290009812,
      -9.010022658580316e-05,
      3.575267623446383e-05,
      1.5191147741863068e-05
    ],
    [
      -9.149307998436948e-05,
      6.812932955171386e-05,
      0.00014074342894107407,
      8.965786200666772e-05,
      8.895838599075822e-05,
      0.00014494563856146068,
      0.00010407773441248102,
      0.0005034462306159353,
      0.00013974488962260954,
      0.00010559437700736427,
      9.56795432427636e-05,
      8.429285056979465e-05,
      9.825140650025585e-05,
      0.00011243523982850932,
      0.00012653667671464066,
      8.511775107591491e-05,
      0.00011397662095046571,
      -6.508533055600228e-07,
      -1.5128813919083371e-05,
      -5.2926511417676235e-06,
      -0.00010751237633227839,
      -4.554251459229456e-05
    ],
    [
      -9.280934340961776e-05,
      7.874323611055036e-05,
      8.718751962857585e-05,
      0.00010543773157388968,
      6.706176331063594e-05,
      0.00010182912561933917,
      0.00017628400430420903,
      0.00013974488962260954,
      0.0013111868810627737,
      0.00012191613287538287,
      0.000101636242724517,
      0.00010027284819210922,
      0.00012220290102564021,
      0.00011635078681142242,
      0.00010590629529418673,
      0.00023887390704147414,
      4.62258645170569e-05,
      -1.276185165412735e-06,
      -6.136828618919157e-05,
      -7.675186281145969e-05,
      -0.00021512407492439305,
      -3.337825440750527e-05
    ],
    [
      -9.819103411358908e-05,
      8.25754219807681e-05,
      0.00012452777026026256,
      9.467266223672885e-05,
      9.684689528860241e-05,
      0.0001091289676617743,
      0.00013872988989301456,
      0.00010559437700736428,
      0.00012191613287538289,
      0.00026706799993001147,
      0.00010637866559950728,
      0.0001529067580261489,
      0.00015273430101040442,
      0.00013498154100479158,
      0.0001115792846106391,
      8.056736743685142e-05,
      0.00011284514868094632,
      -1.294875282524613e-06,
      -2.954811919277733e-05,
      -4.7296303227331505e-05,
      -1.1823945166300134e-05,
      -4.909135000320334e-05
    ],
    [
      -0.00010635460132577176,
      0.00010135521279959933,
      0.00010477307583385515,
      9.00569954019343e-05,
      9.389071277963319e-05,
      9.827952269370081e-05,
      0.00012822728745511051,
      9.567954324276364e-05,
      0.000101636242724517,
      0.00010637866559950725,
      0.001333026144057096,
      0.00010920988939645544,
      0.00010149466109347902,
      0.00010341965597535862,
      0.00010237083714266533,
      8.428568275067388e-05,
      0.00011150817658619554,
      -5.678590824850257e-06,
      4.124080322701796e-05,
      4.522568214703996e-05,
      5.320544053440034e-05,
      4.7525922997730915e-05
    ],
    [
      -0.00011017118096649193,
      7.706861141273049e-05,
      9.984356309091369e-05,
      9.23818802485252e-05,
      9.256533714739004e-05,
      5.4022887876644255e-05,
      0.00016309429256382613,
      8.429285056979488e-05,
      0.00010027284819210949,
      0.00015290675802614908,
      0.00010920988939645574,
      0.0009460324475145603,
      0.00012235628808985127,
      0.00010677814927541843,
      9.319077523435107e-05,
      7.179860716855952e-05,
      9.486213472725087e-05,
      -8.649459383529366e-06,
      8.286185021499635e-05,
      0.00032747384386172854,
      0.00013184067904455974,
      0.00042106788425706136
    ],
