{
  "H0_eff": {
    "mean": 68.48514513617322,
    "sd_lin": 0.3051686779385498
  },
  "anchor": {
    "H0": 67.4,
    "rd_Mpc": 147.09
  },
  "delta_lnH0": {
    "mean": 0.015971844506596094,
    "sd": 0.004455983517765264
  },
  "delta_mu_equiv_mag": {
    "mean": -0.03468241967515724,
    "sd": 0.009676045266086472
  }
}