{
  "always_include_calibrators": false,
  "always_include_hubble_flow": true,
  "mode": "group_holdout",
  "models": {
    "+c_x1_biascor_cal": {
      "ladder_level": "L2",
      "logp": [
        0.901688329085271,
        0.841808974265774,
        1.0599689896586537,
        0.5207170370911357,
        0.23115482535678536,
        0.5000649797069588,
        -0.21831201916344956,
        1.3295335151353642,
        1.2799484713532134,
        -0.09449117590016454,
        0.5187672329592778,
        0.4847407876468085,
        1.917497268221605,
        1.1517711096825112,
        2.1932161229589147,
        3.267760661022124,
        0.6358141396157355,
        2.4514597958507913,
        0.5654244146289055,
        0.9105347715575263,
        2.045854266959557,
        0.8428584400706418,
        0.4644630419206447,
        -3.022905325889223,
        1.6781810490398459,
        -0.5791253768238867,
        -2.3558350259744194,
        0.6438289904599248,
        0.9365773659326883,
        0.4193311315593753,
        0.6537683552756172,
        -0.24948883618244236,
        1.6802198741376349,
        1.8194219013526052,
        0.8515935264566807,
        1.6305544250558048,
        2.0307579729152323,
        2.1214782983993716,
        2.2609282046920787,
        1.8463908317745656,
        0.2315386481780698,
        0.23525351277631845,
        0.7434534744831236
      ],
      "mean_delta_logp_vs_base": 0.11177056683233917,
      "mean_logp": 0.869259697146594,
      "sd_delta_logp_vs_base": 0.7611975945747371,
      "sd_logp": 1.1307821237951892
    },
    "+cal_offset": {
      "ladder_level": "L2",
      "logp": [
        0.8937765760673244,
        0.6265270532170293,
        1.1688049388603867,
        0.5393502183383803,
        0.09239125932903905,
        0.5053974964952369,
        -0.31957928540035363,
        0.7221875532098649,
        1.6583670086651159,
        0.08108022248162561,
        0.4890589801927287,
        0.025121425741191028,
        1.3992661642584707,
        0.7654695578316967,
        1.6833019823478108,
        2.6445039197643068,
        0.7563574096284551,
        2.383811377504977,
        0.819162265786699,
        0.7093873061434306,
        2.5002249142897135,
        0.9986319937604258,
        0.5530544225669258,
        -7.4351998541939,
        1.634772628408692,
        0.20311404658052729,
        -1.2279875562104938,
        1.1176584369979465,
        0.36487716093598654,
        0.7823623179343664,
        0.6388141352252755,
        -0.2889566541165848,
        1.994181928507897,
        1.9499515756056776,
        0.8176128083851131,
        1.7425742539962308,
        1.3531416279037534,
        2.358079702297102,
        2.1644905859113917,
        1.4747707110973065,
        0.4494136435427911,
        -0.2390002929689592,
        1.0216862390463364
      ],
      "mean_delta_logp_vs_base": -4.743615356002147e-07,
      "mean_logp": 0.7574886559527194,
      "sd_delta_logp_vs_base": 6.719498029615492e-06,
      "sd_logp": 1.5130596180860945
    },
    "+cal_offset_plus_c_x1_biascor_cal": {
      "ladder_level": "L2",
      "logp": [
        0.9016887430361287,
        0.8418098458449574,
        1.059965715856591,
        0.5207188222607173,
        0.23115491565283663,
        0.5000653632500619,
        -0.21830999986931676,
        1.329531535129671,
        1.279948515079076,
        -0.094484090483685,
        0.5187673293886625,
        0.48473728235224894,
        1.917494930842611,
        1.1517689121947368,
        2.193217366322301,
        3.267761483540445,
        0.6358154785476986,
        2.451460636664397,
        0.5654272756102261,
        0.9105363942549751,
        2.0458563405477146,
        0.8428586469141006,
        0.4644644183353155,
        -3.0229389133251736,
        1.6781811884371423,
        -0.579129662602941,
        -2.355824629974849,
        0.6438186569092403,
        0.9365745779658421,
        0.4193341417597045,
        0.6537664436830409,
        -0.2494872475214252,
        1.6802194576402183,
        1.819420925283032,
        0.8515914493920986,
        1.6305558059093253,
        2.030760240681164,
        2.1214824340340432,
        2.2609322508791396,
        1.8463849732734687,
        0.23153692827021133,
        0.23525541406652195,
        0.7434554089163208
      ],
      "mean_delta_logp_vs_base": 0.11177007212640995,
      "mean_logp": 0.869259202440665,
      "sd_delta_logp_vs_base": 0.7611927596321978,
      "sd_logp": 1.1307842362042493
    },
    "+x1_linear_cal": {
      "ladder_level": "L2",
      "logp": [
        0.8270989281406262,
        0.7870059862215177,
        0.9092126471660812,
        0.6627690590227094,
        0.0908974092769978,
        0.5255000887865124,
        -0.6845399341295393,
        1.0630230425040645,
        1.5461828177929196,
        0.687722643500934,
        0.5119157070395278,
        0.07320933496599813,
        1.7078743954087598,
        0.8745847087642284,
        1.7963106229960424,
        2.932199959876027,
        0.7489962305139417,
        2.376585634528671,
        0.7912243107874795,
        0.7218803809576317,
        1.4763092044622932,
        0.7206838441839718,
        0.5721338067630295,
        -5.4337547355627045,
        1.596541447189318,
        0.05680550696395209,
        -1.0646721787236801,
        0.7081327187704982,
        0.561885539457654,
        0.4530043158757011,
        0.7487351513937555,
        -0.10321655137455131,
        2.000669442028805,
        2.004014429890174,
        0.9664812802934232,
        1.777922550195059,
        1.888858625261473,
        2.419769926016165,
        2.3814476353881453,
        1.300326782385491,
        0.42406046624962224,
        -0.23846751871024363,
        0.7740843416823178
      ],
      "mean_delta_logp_vs_base": 0.05510180001599612,
      "mean_logp": 0.8125909303302511,
      "sd_delta_logp_vs_base": 0.3982110004059055,
      "sd_logp": 1.2724192342773033
    },
    "baseline": {
      "ladder_level": "L2",
      "logp": [
        0.8937760296922534,
        0.62652556517162,
        1.1688072339589077,
        0.5393493165962868,
        0.09239056612204563,
        0.5053978525893099,
        -0.31958312448067705,
        0.7221912864473836,
        1.6583674486603484,
        0.08107622119595836,
        0.48905945203070683,
        0.025124373872563277,
        1.3992710595818258,
        0.7654723328521018,
        1.6832976632457515,
        2.644498658223463,
        0.7563574823624791,
        2.383809939581639,
        0.8191601561679298,
        0.7093849216264326,
        2.500223993112641,
        0.9986323039632947,
        0.5530541669074988,
        -7.435159388118299,
        1.6347739201005527,
        0.20311486067093223,
        -1.2279919326282753,
        1.1176580682704025,
        0.3648811881639369,
        0.7823591945455644,
        0.6388130044171908,
        -0.2889575370621252,
        1.9941844637804387,
        1.94995016615776,
        0.8176115532487566,
        1.7425760040485903,
        1.3531365576247232,
        2.3580785306117384,
        2.1644853624073885,
        1.4747768160626635,
        0.4494140234304504,
        -0.23900215248825107,
        1.0216850007870648
      ],
      "mean_delta_logp_vs_base": 0.0,
      "mean_logp": 0.757489130314255,
      "sd_delta_logp_vs_base": 0.0,
      "sd_logp": 1.5130544785689002
    }
  },
  "n_rep": 43,
  "seed": 445,
  "train_frac": null,
  "use_diagonal_errors": true
}