{
  "H0_eff": {
    "mean": 68.45110671219751,
    "sd_lin": 0.31484433464501094
  },
  "anchor": {
    "H0": 67.4,
    "rd_Mpc": 147.09
  },
  "delta_lnH0": {
    "mean": 0.015474701869532589,
    "sd": 0.004599550683216461
  },
  "delta_mu_equiv_mag": {
    "mean": -0.033602888155179686,
    "sd": 0.009987797404776202
  }
}