{
  "created_utc": "2026-02-05T04:52:11.564389+00:00",
  "run_id": "stack_sn_bao_cc_stress",
  "tasks": {
    "baseline_fit": {
      "chi2": 1222.7708479572193,
      "cov": [
        [
          0.00011807850205294824,
          4.5936010808243564e-05
        ],
        [
          4.593601080824357e-05,
          2.1155866487477014e-05
        ]
      ],
      "dof": 1351,
      "ladder_level": "L1",
      "logdet_cov": -5049.65071299199,
      "mean": [
        -19.407915569467967,
        0.015474701869532589
      ],
      "n": 1353,
      "param_names": [
        "global_offset_mag",
        "delta_lnH0"
      ]
    }
  }
}