{
  "chi2": 290.49234634599685,
  "cov": [
    [
      0.0012830232897521384,
      -4.020792934547642e-05,
      -4.6713415540042015e-06,
      -1.950877203598027e-05,
      -4.364990534927318e-05,
      -4.330200644409764e-06,
      -8.165050949745812e-05,
      -4.592074093360602e-06,
      -7.58635504849294e-07,
      -8.546862937585665e-07,
      -1.359056115689027e-06,
      -9.633584153997335e-07,
      -4.2950221149522443e-07,
      -1.0831810362644687e-05,
      -1.391656052892565e-05,
      -0.0003716361835139779,
      0.0005822701448001077
    ],
    [
      -4.0207929345476934e-05,
      0.00025086458441375014,
      2.331906032793851e-06,
      4.761144736013167e-06,
      -5.17539597892372e-07,
      1.9690749184868815e-06,
      -3.10423314607779e-06,
      1.906287073686108e-06,
      1.0246425453286331e-07,
      2.4111441329290943e-07,
      2.889306469324206e-07,
      1.839983692772079e-06,
      1.0730732552260202e-06,
      5.181403080732634e-06,
      7.972406490934092e-06,
      -4.637411315256778e-09,
      -6.548476693295113e-06
    ],
    [
      -4.671341554004279e-06,
      2.3319060327938528e-06,
      0.00013839310315396844,
      4.903181951079177e-07,
      2.0015647988852435e-06,
      2.686063582556374e-07,
      -2.4747262190919388e-06,
      4.4043814420870996e-07,
      3.1573179700430154e-08,
      -5.672429213461839e-08,
      8.867013499920102e-08,
      1.4700112042425148e-07,
      8.117965373281942e-08,
      7.434024295310812e-08,
      7.612271095698315e-06,
      2.1474825395710906e-09,
      3.158892636739869e-06
    ],
    [
      -1.9508772035980298e-05,
      4.76114473601316e-06,
      4.903181951079163e-07,
      0.0002496686394920051,
      2.350523108277393e-06,
      1.8696891439907524e-06,
      6.062926373534917e-06,
      3.2433263044832136e-07,
      4.414273926570645e-08,
      1.9997972530376394e-07,
      8.970671743985625e-08,
      1.6850232132020133e-07,
      1.2877413234774015e-07,
      3.712584313291755e-07,
      1.042502339515968e-05,
      -4.795205986190224e-09,
      -6.891094427813043e-06
    ],
    [
      -4.36499053492733e-05,
      -5.175395978923825e-07,
      2.0015647988852397e-06,
      2.350523108277393e-06,
      0.0003766940997664887,
      7.512211435216957e-07,
      2.2960698670219054e-05,
      1.7530379545453588e-06,
      1.4829369975308247e-07,
      1.300225805616375e-06,
      7.279743268002067e-07,
      3.34881209720402e-07,
      3.1095788074753523e-07,
      6.102493877528759e-07,
      9.150508589763714e-07,
      -9.109429789875432e-09,
      -1.3055208417570316e-05
    ],
    [
      -4.330200644409807e-06,
      1.9690749184868815e-06,
      2.686063582556375e-07,
      1.8696891439907528e-06,
      7.512211435216967e-07,
      4.1743470551141444e-05,
      5.050381926181345e-06,
      1.0864901731334276e-07,
      1.1113704050309586e-08,
      3.036741248325489e-08,
      3.706919592729304e-08,
      8.930093664997123e-08,
      8.39255870296272e-08,
      4.053251183022394e-07,
      1.47126315452564e-06,
      -6.173370293885207e-10,
      -8.772898987554298e-07
    ],
    [
      -8.165050949745821e-05,
      -3.10423314607783e-06,
      -2.474726219091943e-06,
      6.062926373534922e-06,
      2.2960698670219044e-05,
      5.050381926181348e-06,
      0.001130164647904136,
      2.661878793781246e-06,
      2.1355342033971534e-07,
      6.863412504946614e-07,
      9.434562629829543e-07,
      1.5639867627354444e-06,
      7.00534073065759e-07,
      3.61058797160292e-05,
      -1.1090190112969398e-05,
      -1.6387167833316182e-08,
      -2.346834285047237e-05
    ],
    [
      -4.592074093360616e-06,
      1.9062870736861055e-06,
      4.404381442087095e-07,
      3.243326304483212e-07,
      1.7530379545453582e-06,
      1.0864901731334265e-07,
      2.6618787937812447e-06,
      2.0956592480671743e-05,
      1.505451084269658e-08,
      3.8455487514815553e-07,
      2.2924120095903333e-07,
      2.3180726483561146e-07,
      5.713026247990728e-08,
      3.0396501699157215e-07,
      1.1624924800380582e-06,
      -7.458327389583588e-10,
      -1.0633648362605863e-06
    ],
    [
      -7.586355048492932e-07,
      1.0246425453286299e-07,
      3.157317970043011e-08,
      4.414273926570644e-08,
      1.4829369975308242e-07,
      1.1113704050309556e-08,
      2.1355342033971532e-07,
      1.5054510842696566e-08,
      1.0298558020774293e-05,
      3.564896253668357e-11,
      3.6624836854012245e-09,
      6.886282343807875e-09,
      4.286644164531001e-09,
      4.538566340619695e-08,
      1.1499154756379205e-07,
      -1.5978173418935312e-10,
      -2.2902967679299134e-07
    ],
    [
      -8.546862937585851e-07,
      2.4111441329290933e-07,
      -5.6724292134618416e-08,
      1.9997972530376389e-07,
      1.3002258056163757e-06,
      3.036741248325495e-08,
      6.863412504946646e-07,
      3.845548751481555e-07,
      3.564896253669013e-11,
      3.12792292885967e-05,
      2.8531978843618786e-08,
      2.6392084286982293e-08,
      2.1828582916404254e-09,
      5.215249918884284e-08,
      -7.169925482316056e-08,
      -2.2778423063655156e-11,
      -2.8597680203597335e-08
    ],
    [
      -1.3590561156890386e-06,
      2.889306469324204e-07,
      8.867013499920089e-08,
      8.970671743985636e-08,
      7.279743268002071e-07,
      3.706919592729303e-08,
      9.434562629829558e-07,
      2.2924120095903338e-07,
      3.6624836854012295e-09,
      2.8531978843618812e-08,
      1.9509030411844588e-05,
      2.3339730202619826e-08,
      1.3135687728142859e-08,
      1.2244898467914004e-07,
      2.746715891660541e-07,
      -1.557855696228971e-10,
      -2.1993911752511455e-07
    ],
    [
      -9.633584153997796e-07,
      1.839983692772079e-06,
      1.4700112042425137e-07,
      1.6850232132020186e-07,
      3.348812097204034e-07,
      8.930093664997131e-08,
      1.5639867627354465e-06,
      2.3180726483561162e-07,
      6.8862823438078974e-09,
      2.639208428698233e-08,
      2.3339730202619852e-08,
      1.306015265989057e-05,
      3.069078462418428e-08,
      2.226284246701248e-07,
      5.864653096912236e-07,
      2.1544496482481e-10,
      3.1959972367872774e-07
    ],
    [
      -4.2950221149523216e-07,
      1.0730732552260195e-06,
      8.117965373281941e-08,
      1.287741323477402e-07,
      3.1095788074753555e-07,
      8.392558702962716e-08,
      7.005340730657593e-07,
      5.713026247990728e-08,
      4.286644164531004e-09,
      2.1828582916404283e-09,
      1.3135687728142869e-08,
      3.069078462418428e-08,
      1.438072055559749e-05,
      1.0595594294523149e-07,
      3.563638345457632e-07,
      2.0714341631831055e-10,
      3.045882516707306e-07
    ],
    [
      -1.0831810362644708e-05,
      5.1814030807326295e-06,
      7.43402429531073e-08,
      3.712584313291762e-07,
      6.102493877528758e-07,
      4.0532511830223916e-07,
      3.6105879716029204e-05,
      3.039650169915721e-07,
      4.538566340619696e-08,
      5.215249918884293e-08,
      1.2244898467914e-07,
      2.2262842467012453e-07,
      1.0595594294523149e-07,
      0.00046742071530484706,
      -1.5717753173505665e-06,
      -1.1912386681974386e-09,
      -1.6794124670128518e-06
    ],
    [
      -1.3916560528925936e-05,
      7.972406490934096e-06,
      7.612271095698312e-06,
      1.0425023395159686e-05,
      9.150508589763814e-07,
      1.4712631545256396e-06,
      -1.1090190112969379e-05,
      1.162492480038059e-06,
      1.1499154756379221e-07,
      -7.169925482316051e-08,
      2.7467158916605435e-07,
      5.864653096912237e-07,
      3.5636383454576316e-07,
      -1.5717753173505635e-06,
      0.00012105078632663328,
      4.005706635354839e-09,
      5.9205393212918885e-06
    ],
    [
      -0.00037163618351397827,
      -4.637411315405396e-09,
      2.1474825395516514e-09,
      -4.7952059861965166e-09,
      -9.109429789897255e-09,
      -6.173370293988425e-10,
      -1.6387167833298606e-08,
