{
  "H0_eff": {
    "mean": 73.58818891195791,
    "sd_lin": 1.2391377906360665
  },
  "anchor": {
    "H0": 67.4,
    "rd_Mpc": 147.09
  },
  "calibrator_offset_equiv_H0": {
    "mean": 67.40035366873488,
    "sd_lin": 0.5985954423935274
  },
  "calibrator_offset_equiv_delta_lnH0": {
    "mean": 5.24729683942594e-06,
    "sd": 0.008881191415338208
  },
  "calibrator_offset_mag": {
    "mean": -1.1394360311355296e-05,
    "sd": 0.019285262122039574
  },
  "delta_lnH0": {
    "mean": 0.08783951819909715,
    "sd": 0.01683881352371086
  },
  "delta_mu_equiv_mag": {
    "mean": -0.19074109023454075,
    "sd": 0.036565018975727386
  }
}