{
  "chi2": 294.67434417059394,
  "cov": [
    [
      0.0009700970980785259,
      -1.977451782796951e-05,
      -2.6334881426452255e-06,
      -1.1489655888420039e-05,
      -1.1002157712661208e-05,
      -1.1372140437800056e-05,
      -9.904432952855325e-06,
      -1.576623890593123e-05,
      -8.072364694223466e-06,
      -3.033025634994799e-06,
      -7.934461784418396e-06,
      -5.6028434480631895e-06,
      -8.094447149695158e-07,
      -1.3496591586458714e-06,
      -6.8857763513930805e-06,
      7.675234675054183e-05,
      0.00013179222332234558,
      -4.5129840611032e-05,
      0.00044101416986525916
    ],
    [
      -1.9774517827969768e-05,
      0.00015659514008340973,
      1.0276791781457547e-06,
      6.068349781220651e-07,
      1.4681489816538856e-07,
      3.779872932124705e-06,
      -9.071935706350225e-08,
      6.661410901860081e-06,
      4.572355873852656e-07,
      4.4460505082374425e-07,
      9.975059405462218e-07,
      7.41529984004821e-06,
      4.375886800627318e-06,
      6.528049484801214e-07,
      3.9474192955596346e-06,
      9.69359727582359e-07,
      1.5975305946186166e-05,
      -1.024761898835605e-05,
      -1.029197039110293e-06
    ],
    [
      -2.63348814264526e-06,
      1.0276791781457547e-06,
      9.145592250540851e-05,
      6.704160740866058e-08,
      3.502205925691162e-07,
      4.967152709776662e-07,
      -1.6837455776549761e-07,
      1.3216030766701281e-06,
      1.939564113639534e-07,
      -2.2644201456306696e-08,
      2.848504486557452e-07,
      5.938991422189867e-07,
      3.3007203853963095e-07,
      5.298208417045778e-08,
      3.3579048063321067e-06,
      1.886840296222978e-06,
      3.031774288933097e-08,
      8.054248812205749e-07,
      2.195678613691095e-06
    ],
    [
      -1.1489655888420047e-05,
      6.068349781220632e-07,
      6.704160740866009e-08,
      9.376488745008649e-05,
      1.1810712107965081e-07,
      2.023499363974313e-06,
      2.0838943496761705e-07,
      -1.1192474782630059e-07,
      2.882695926751779e-07,
      6.727969894700758e-07,
      2.14030820011761e-07,
      2.932754709776847e-07,
      2.2211921237005523e-07,
      1.0051980154640472e-07,
      2.397512432129379e-06,
      1.3864401892719816e-06,
      -1.1006111733034953e-05,
      9.853391495261094e-06,
      -4.755340249662153e-06
    ],
    [
      -1.1002157712661226e-05,
      1.4681489816538658e-07,
      3.502205925691156e-07,
      1.1810712107965085e-07,
      9.31622174797662e-05,
      5.324802909775866e-07,
      5.83801874131805e-07,
      2.8188454205682935e-06,
      3.531790886149061e-07,
      2.185929829637436e-07,
      9.197735417269043e-07,
      6.109669970725528e-07,
      4.678580172364174e-07,
      -1.3048197219526221e-08,
      2.384054878567541e-07,
      -1.3820581309454737e-06,
      -4.585070861557414e-06,
      -5.9445428500892356e-06,
      -3.2091566520876438e-06
    ],
    [
      -1.1372140437800148e-05,
      3.7798729321247066e-06,
      4.967152709776662e-07,
      2.023499363974315e-06,
      5.324802909775869e-07,
      0.00012515153523845555,
      1.276770357802543e-06,
      1.363959849190302e-06,
      2.813134706054254e-07,
      2.3597440098754038e-07,
      4.738685952246985e-07,
      1.4472105877808154e-06,
      1.4458540798665358e-06,
      1.7945203978828027e-07,
      2.925813362855196e-06,
      9.478788603834386e-07,
      -1.0640119119627239e-06,
      3.2706043563797993e-07,
      -2.2222188961375273e-06
    ],
    [
      -9.904432952855323e-06,
      -9.07193570635038e-08,
      -1.6837455776549796e-07,
      2.0838943496761644e-07,
      5.838018741318048e-07,
      1.276770357802543e-06,
      9.568207503676915e-05,
      1.1119486880879242e-06,
      6.903451486744768e-08,
      -1.2474096991570758e-07,
      5.509703353215491e-07,
      1.019519911879949e-06,
      2.7954483199594624e-07,
      3.805349276263587e-07,
      -6.016026715043643e-07,
      -1.7507655012964712e-05,
      2.9590508949201337e-06,
      -9.087309440357223e-06,
      -3.2907781843884277e-06
    ],
    [
      -1.576623890593132e-05,
      6.661410901860079e-06,
      1.321603076670128e-06,
      -1.1192474782630031e-07,
      2.8188454205682943e-06,
      1.3639598491903034e-06,
      1.1119486880879247e-06,
      0.00010098309295578819,
      5.691645228944788e-07,
      2.843978066490514e-06,
      4.842439396311533e-06,
      6.504054613328379e-06,
      1.5772475085446274e-06,
      2.3301073444335828e-07,
      3.89264704767191e-06,
      2.418023521644127e-06,
      -5.285643168083642e-06,
      -2.0212498267106464e-05,
      -2.242743337859911e-06
    ],
    [
      -8.072364694223463e-06,
      4.572355873852633e-07,
      1.9395641136395312e-07,
      2.882695926751779e-07,
      3.531790886149059e-07,
      2.813134706054244e-07,
      6.903451486744788e-08,
      5.691645228944784e-07,
      9.633247698804662e-05,
      5.220931867833335e-08,
      1.6319949020797243e-07,
      3.417518670355482e-07,
      2.3305315576441126e-07,
      1.6521004232476517e-07,
      6.536574653385546e-07,
      4.076371687868698e-06,
      -6.343534758121115e-06,
      4.444465425617455e-06,
      -2.6689427262550155e-06
    ],
    [
      -3.0330256349948733e-06,
      4.446050508237428e-07,
      -2.2644201456306908e-08,
      6.72796989470077e-07,
      2.1859298296374357e-07,
      2.3597440098753948e-07,
      -1.2474096991570586e-07,
      2.843978066490514e-06,
      5.220931867833417e-08,
      9.487508224610031e-05,
      4.830040613541477e-07,
      6.057348784705416e-07,
      1.7441221889901947e-07,
      1.5191587147264365e-07,
      5.524690990052937e-08,
      7.813293101995872e-06,
      1.0502213542778384e-05,
      2.2517340391380618e-05,
      -3.746491831530103e-07
    ],
    [
      -7.934461784418424e-06,
      9.975059405462208e-07,
      2.8485044865574474e-07,
      2.1403082001176084e-07,
      9.197735417269047e-07,
      4.738685952246981e-07,
      5.509703353215499e-07,
      4.842439396311535e-06,
      1.6319949020797254e-07,
      4.830040613541476e-07,
      9.022798451237983e-05,
      8.67190797600749e-07,
      3.56195649422807e-07,
      4.8612867019450875e-08,
      9.45930661448398e-07,
      -4.294887283768806e-06,
      -1.655177223242183e-06,
      -1.0717201093019002e-06,
      -1.7459663311229905e-06
    ],
    [
      -5.602843448063362e-06,
      7.415299840048209e-06,
      5.938991422189861e-07,
      2.9327547097768637e-07,
      6.109669970725546e-07,
      1.4472105877808164e-06,
      1.0195199118799502e-06,
      6.504054613328379e-06,
      3.417518670355495e-07,
      6.05734878470543e-07,
      8.6719079760075e-07,
      8.117515837187305e-05,
      1.0731244389199054e-06,
      1.5624412813610212e-07,
      2.568243719971932e-06,
      -4.311352671928136e-06,
      2.118657198564574e-06,
      -3.1646363945463543e-06,
      1.9691200751086324e-06
    ],
    [
      -8.094447149695816e-07,
      4.375886800627317e-06,
      3.3007203853963095e-07,
      2.2211921237005573e-07,
      4.6785801723641803e-07,
      1.4458540798665365e-06,
      2.7954483199594677e-07,
      1.5772475085446283e-06,
      2.330531557644116e-07,
      1.7441221889901987e-07,
      3.561956494228075e-07,
      1.073124438919906e-06,
      8.975314803314487e-05,
      1.5336603127487355e-07,
      1.5589161155128737e-06,
      3.596634116214777e-06,
      1.5268508133097925e-06,
      1.0455821749447436e-06,
      2.6279703118609845e-06
    ],
    [
      -1.3496591586458794e-06,
      6.528049484801205e-07,
      5.2982084170457735e-08,
      1.0051980154640516e-07,
      -1.3048197219526434e-08,
      1.7945203978827993e-07,
      3.805349276263583e-07,
      2.3301073444335789e-07,
      1.6521004232476525e-07,
      1.5191587147264402e-07,
      4.861286701945095e-08,
      1.5624412813610175e-07,
      1.5336603127487355e-07,
      9.798051159398069e-05,
      -1.8242851896236842e-07,
      8.815172559892583e-06,
