{
  "H0_eff": {
    "mean": 73.29337503560703,
    "sd_lin": 1.085628500038044
  },
  "anchor": {
    "H0": 67.4,
    "rd_Mpc": 147.09
  },
  "delta_lnH0": {
    "mean": 0.08382520538364659,
    "sd": 0.014812095902400855
  },
  "delta_mu_equiv_mag": {
    "mean": -0.1820241207126223,
    "sd": 0.03216405757917229
  }
}