{
  "coverage_68": {
    "biascor_m_b_linear_mag": 0.6640625,
    "c_linear_mag": 0.67578125,
    "delta_lnH0": 0.67578125,
    "global_offset_mag": 0.6796875,
    "survey_offset_15": 1.0,
    "survey_offset_150": 0.97265625,
    "survey_offset_18": 1.0,
    "survey_offset_5": 0.6875,
    "survey_offset_50": 1.0,
    "survey_offset_51": 0.98046875,
    "survey_offset_56": 0.98828125,
    "survey_offset_57": 0.8828125,
    "survey_offset_61": 1.0,
    "survey_offset_62": 1.0,
    "survey_offset_63": 1.0,
    "survey_offset_64": 0.98828125,
    "survey_offset_65": 1.0,
    "survey_offset_66": 1.0,
    "x1_linear_mag": 0.63671875
  },
  "coverage_95": {
    "biascor_m_b_linear_mag": 0.953125,
    "c_linear_mag": 0.9375,
    "delta_lnH0": 0.94921875,
    "global_offset_mag": 0.9609375,
    "survey_offset_15": 1.0,
    "survey_offset_150": 1.0,
    "survey_offset_18": 1.0,
    "survey_offset_5": 0.9921875,
    "survey_offset_50": 1.0,
    "survey_offset_51": 1.0,
    "survey_offset_56": 1.0,
    "survey_offset_57": 1.0,
    "survey_offset_61": 1.0,
    "survey_offset_62": 1.0,
    "survey_offset_63": 1.0,
    "survey_offset_64": 1.0,
    "survey_offset_65": 1.0,
    "survey_offset_66": 1.0,
    "x1_linear_mag": 0.94921875
  },
  "n_rep": 256,
  "param_names": [
    "global_offset_mag",
    "survey_offset_5",
    "survey_offset_15",
    "survey_offset_18",
    "survey_offset_50",
    "survey_offset_51",
    "survey_offset_56",
    "survey_offset_57",
    "survey_offset_61",
    "survey_offset_62",
    "survey_offset_63",
    "survey_offset_64",
    "survey_offset_65",
    "survey_offset_66",
    "survey_offset_150",
    "c_linear_mag",
    "x1_linear_mag",
    "biascor_m_b_linear_mag",
    "delta_lnH0"
  ],
  "use_diagonal_errors": true,
  "zscore_mean": {
    "biascor_m_b_linear_mag": -0.11770703740046957,
    "c_linear_mag": -0.0001365483881304178,
    "delta_lnH0": -0.006874480700694435,
    "global_offset_mag": -0.08255067732062155,
    "survey_offset_15": 0.3044533594256555,
    "survey_offset_150": 0.20263997710312054,
    "survey_offset_18": -0.006387339902536295,
    "survey_offset_5": 0.7427808748782709,
    "survey_offset_50": -0.18377875905492472,
    "survey_offset_51": 0.23739220697393554,
    "survey_offset_56": -0.49988278037554046,
    "survey_offset_57": 0.4290640467815296,
    "survey_offset_61": -0.23017383479537945,
    "survey_offset_62": -0.18007994817721729,
    "survey_offset_63": 0.15895770294110892,
    "survey_offset_64": -0.21038119703225408,
    "survey_offset_65": -0.20999927677138827,
    "survey_offset_66": 0.19309234463512864,
    "x1_linear_mag": 0.029288180794142277
  },
  "zscore_std": {
    "biascor_m_b_linear_mag": 0.9742304442068219,
    "c_linear_mag": 1.0242119703120636,
    "delta_lnH0": 1.0072554361057686,
    "global_offset_mag": 0.984378434115367,
    "survey_offset_15": 0.29514457045699766,
    "survey_offset_150": 0.44795663654280155,
    "survey_offset_18": 0.15392148010008172,
    "survey_offset_5": 0.555549888600232,
    "survey_offset_50": 0.2463649243433089,
    "survey_offset_51": 0.3677778505625783,
    "survey_offset_56": 0.2106183740446308,
    "survey_offset_57": 0.44122823296308133,
    "survey_offset_61": 0.19826058165977226,
    "survey_offset_62": 0.16211061488377326,
    "survey_offset_63": 0.24659465230091762,
    "survey_offset_64": 0.3490181716525207,
    "survey_offset_65": 0.26744820703466693,
    "survey_offset_66": 0.10970611815414848,
    "x1_linear_mag": 1.0362691001300133
  }
}