{
  "H0_eff": {
    "mean": 73.8306438980425,
    "sd_lin": 1.494171842178018
  },
  "anchor": {
    "H0": 67.4,
    "rd_Mpc": 147.09
  },
  "delta_lnH0": {
    "mean": 0.09112885647523816,
    "sd": 0.020237827591500033
  },
  "delta_mu_equiv_mag": {
    "mean": -0.19788379754674673,
    "sd": 0.0439458842434892
  }
}