{
  "H0_eff": {
    "mean": 73.46591456368498,
    "sd_lin": 1.079092997651258
  },
  "anchor": {
    "H0": 67.4,
    "rd_Mpc": 147.09
  },
  "delta_lnH0": {
    "mean": 0.08617653330357511,
    "sd": 0.014688349067183134
  },
  "delta_mu_equiv_mag": {
    "mean": -0.18712996441647237,
    "sd": 0.03189534474073205
  }
}