{
  "H0_eff": {
    "mean": 68.5945245903064,
    "sd_lin": 0.3044884340120313
  },
  "anchor": {
    "H0": 67.4,
    "rd_Mpc": 147.09
  },
  "delta_lnH0": {
    "mean": 0.01756769716023774,
    "sd": 0.0044389612120011804
  },
  "delta_mu_equiv_mag": {
    "mean": -0.03814776968219338,
    "sd": 0.009639081798773416
  }
}