{
  "base_label": "baseline",
  "group_labels": [
    "5",
    "18",
    "50",
    "51",
    "56",
    "57",
    "62",
    "63",
    "64",
    "150"
  ],
  "group_var": "idsurvey",
  "mode": "group_holdout",
  "models": {
    "+bounded_calibration_fields": {
      "delta_logp": [
        0.3749563805186664,
        0.010065571798721251,
        -0.029113765706886063,
        0.08201733437721126,
        0.02486198610494217,
        0.6204985110633938,
        -0.013936339206639614,
        -0.040242261910042654,
        0.22158267889201255,
        -0.00833670516709395
      ],
      "mean_delta_logp": 0.12423533907642852,
      "win_rate": 0.6
    },
    "+bounded_fields_plus_metadata_bounded": {
      "delta_logp": [
        5.0698085546133544,
        1.023209161726387,
        -0.26318064056984714,
        1.3648508003567912,
        0.6405967814615465,
        6.253066619286161,
        0.3715292747462067,
        1.5990083270100781,
        2.7818243468526784,
        0.4753011387497814
      ],
      "mean_delta_logp": 1.9316014364233136,
      "win_rate": 0.9
    },
    "+cal_offset_bounded": {
      "delta_logp": [
        3.3638511179003974,
        0.8162741533562974,
        0.37805327241065445,
        1.1634457527114281,
        -0.16226783991353422,
        3.5536580802216857,
        0.0752909148202785,
        0.7655113282689623,
        1.5382391686225034,
        0.44670408624060265
      ],
      "mean_delta_logp": 1.1938760034639277,
      "win_rate": 0.9
    },
    "+fields+host_mass_step": {
      "delta_logp": [
        2.9780028717239357,
        0.8482137534063643,
        0.321836830237193,
        1.0891973678488087,
        0.29816456857036666,
        4.36901034880031,
        0.15058908593622378,
        1.3749980261754096,
        1.7436026506888616,
        0.36808477409742846
      ],
      "mean_delta_logp": 1.3541700277484903,
      "win_rate": 1.0
    },
    "+fields+pkmjd_err": {
      "delta_logp": [
        4.038337293359984,
        0.8309364665582857,
        -0.017516185557967745,
        1.4199545706965648,
        0.3624250639921307,
        3.5503302987915006,
        0.007095220834874683,
        0.407532916390938,
        1.8353981809639919,
        0.3522254308223429
      ],
      "mean_delta_logp": 1.2786719256852646,
      "win_rate": 0.9
    },
    "baseline": {
      "delta_logp": [
        0.0,
        0.0,
        0.0,
        0.0,
        0.0,
        0.0,
        0.0,
        0.0,
        0.0,
        0.0
      ],
      "mean_delta_logp": 0.0,
      "win_rate": 0.0
    }
  },
  "run_dir": "/home/primary/Hubble-Systematics-Review-Chain/outputs/stack_sn_bao_cc_plus_ladder_predictive_score_cal_survey_holdout_covproj_term_ablations_v1",
  "test_counts": [
    11,
    4,
    9,
    7,
    12,
    13,
    4,
    4,
    4,
    4
  ]
}
