{
  "always_include_calibrators": false,
  "always_include_hubble_flow": true,
  "mode": "group_holdout",
  "models": {
    "+bounded_calibration_fields": {
      "ladder_level": "L1",
      "logp": [
        -1.7954933670371318,
        2.5260604606952706,
        4.875468179928818,
        2.1819785155901537,
        4.068197484341341,
        1.267611039292829,
        1.1417795719417243,
        1.533464784784981,
        -0.3026575812200507,
        2.71760018063952
      ],
      "mean_delta_logp_vs_base": 0.12423533907642852,
      "mean_logp": 1.8214009268957454,
      "sd_delta_logp_vs_base": 0.20749516350556585,
      "sd_logp": 1.8506804273588193
    },
    "+bounded_fields_plus_metadata_bounded": {
      "ladder_level": "L1",
      "logp": [
        2.899358807057556,
        3.5392040506229363,
        4.641401305065857,
        3.4648119815697336,
        4.683932279697945,
        6.900179147515596,
        1.5272451858945706,
        3.1727153737051017,
        2.257584086740615,
        3.201238024556395
      ],
      "mean_delta_logp_vs_base": 1.9316014364233136,
      "mean_logp": 3.628767024242631,
      "sd_delta_logp_vs_base": 2.038177674214903,
      "sd_logp": 1.4175746594643805
    },
    "+cal_offset_bounded": {
      "ladder_level": "L1",
      "logp": [
        1.1934013703445991,
        3.3322690422528467,
        5.282635218046359,
        3.2634069339243705,
        3.8810676583228645,
        4.200770608451121,
        1.2310068259686424,
        2.339218374963986,
        1.0139989085104402,
        3.1726409720472164
      ],
      "mean_delta_logp_vs_base": 1.1938760034639277,
      "mean_logp": 2.891041591283245,
      "sd_delta_logp_vs_base": 1.226260421597147,
      "sd_logp": 1.3525307185924103
    },
    "+fields+host_mass_step": {
      "ladder_level": "L1",
      "logp": [
        0.8075531241681375,
        3.3642086423029136,
        5.226418775872897,
        3.189158549061751,
        4.341500066806765,
        5.016122877029745,
        1.3063049970845877,
        2.948705072870433,
        1.2193623905767983,
        3.094021659904042
      ],
      "mean_delta_logp_vs_base": 1.3541700277484903,
      "mean_logp": 3.051335615567807,
      "sd_delta_logp_vs_base": 1.2963880465910684,
      "sd_logp": 1.4771918457687507
    },
    "+fields+pkmjd_err": {
      "ladder_level": "L1",
      "logp": [
        1.8678875458041855,
        3.346931355454835,
        4.8870657600777365,
        3.5199157519095072,
        4.405760562228529,
        4.197442827020936,
        1.1628111319832386,
        1.9812399630859616,
        1.3111579208519286,
        3.0781623166289567
      ],
      "mean_delta_logp_vs_base": 1.2786719256852646,
      "mean_logp": 2.975837513504582,
      "sd_delta_logp_vs_base": 1.3805890838722328,
      "sd_logp": 1.261308655193832
    },
    "baseline": {
      "ladder_level": "L1",
      "logp": [
        -2.1704497475557982,
        2.5159948888965493,
        4.904581945635704,
        2.0999611812129424,
        4.043335498236399,
        0.6471125282294352,
        1.155715911148364,
        1.5737070466950236,
        -0.5242402601120633,
        2.7259368858066138
      ],
      "mean_delta_logp_vs_base": 0.0,
      "mean_logp": 1.6971655878193173,
      "sd_delta_logp_vs_base": 0.0,
      "sd_logp": 1.974518740204996
    }
  },
  "n_rep": 10,
  "seed": 890,
  "train_frac": null,
  "use_diagonal_errors": true
}