{
  "H0_eff": {
    "mean": 73.5952689571596,
    "sd_lin": 1.0657187764991432
  },
  "anchor": {
    "H0": 67.4,
    "rd_Mpc": 147.09
  },
  "delta_lnH0": {
    "mean": 0.08793572527711613,
    "sd": 0.014480805513728151
  },
  "delta_mu_equiv_mag": {
    "mean": -0.19095000125005915,
    "sd": 0.03144466964063159
  }
}