{
  "created_utc": "2026-02-05T10:26:16.361228+00:00",
  "run_id": "pantheon_plus_shoes_ladder_predictive_score_cal_survey_holdout_v1",
  "tasks": {
    "predictive_score": {
      "always_include_calibrators": false,
      "always_include_hubble_flow": true,
      "mode": "group_holdout",
      "models": {
        "L2_baseline": {
          "ladder_level": "L2",
          "logp": [
            -5.454898501514004,
            1.9715989961292393,
            2.4335123201562965,
            0.4410377862206323,
            -1.7227533361733798,
            -3.07764704528943,
            0.12522464172149972,
            0.5396825112998385,
            -4.09673815613606,
            1.065024817470348
          ],
          "mean_delta_logp_vs_base": 0.0,
          "mean_logp": -0.7775955966115017,
          "sd_delta_logp_vs_base": 0.0,
          "sd_logp": 2.53726896257038
        },
        "L2_plus_cal_offset": {
          "ladder_level": "L2",
          "logp": [
            2.6652488111597563,
            2.694997051207382,
            4.788550366576831,
            3.3666605311688604,
            3.1125769432849824,
            5.722128657523687,
            1.0639032069035734,
            2.1169231829912722,
            1.5313863034144344,
            2.7812669555854947
          ],
          "mean_delta_logp_vs_base": 3.7619597975931294,
          "mean_logp": 2.984364200981627,
          "sd_delta_logp_vs_base": 2.7901380523131913,
          "sd_logp": 1.330098361842351
        },
        "L2_plus_cal_survey_offsets_min4": {
          "ladder_level": "L2",
          "logp": [
            -5.460172659083247,
            1.905697922325548,
            3.652739332497017,
            2.0188604385025624,
            1.9155001136393857,
            3.9196581721697594,
            0.18750689618525263,
            1.0863304439124994,
            0.37208902721619186,
            1.8367575716987443
          ],
          "mean_delta_logp_vs_base": 1.921092322517873,
          "mean_logp": 1.1434967259063715,
          "sd_delta_logp_vs_base": 2.2392479057262613,
          "sd_logp": 2.4808846543270993
        },
        "L2_plus_cal_time_bins": {
          "ladder_level": "L2",
          "logp": [
            4.741972949012437,
            2.6077009659353987,
            2.3414113006295763,
            3.1175145304359,
            3.674373472321201,
            4.683211060400535,
            0.12022969700431618,
            0.5352301139391153,
            2.6058500511946385,
            2.7632607824577295
          ],
          "mean_delta_logp_vs_base": 3.496671088944587,
          "mean_logp": 2.719075492333085,
          "sd_delta_logp_vs_base": 3.556042344782061,
          "sd_logp": 1.4392455495669112
        }
      },
      "n_rep": 10,
      "seed": null,
      "train_frac": null,
      "use_diagonal_errors": true
    },
    "report": {
      "ok": true
    }
  }
}