{
  "chi2": 0.008924732506945057,
  "cov": [
    [
      0.043818324311521085
    ]
  ],
  "dof": 32,
  "ladder_level": "L0",
  "log_evidence": -40.48601076125363,
  "logdet_cov": 18.52975055489052,
  "mean": [
    -0.10246245520770907
  ],
  "n": 33,
  "param_names": [
    "delta_lnH0"
  ]
}