{
  "H0_eff": {
    "mean": 60.836051327381014,
    "sd_lin": 12.73470533299267
  },
  "anchor": {
    "H0": 67.4,
    "rd_Mpc": 147.09
  },
  "delta_lnH0": {
    "mean": -0.10246245520770907,
    "sd": 0.20932826926032014
  },
  "delta_mu_equiv_mag": {
    "mean": 0.22249439449483574,
    "sd": 0.4545505612305756
  }
}