{
  "chi2": 1500.6426722369895,
  "cov": [
    [
      0.00018627430035865735,
      -8.114576197778067e-05,
      -0.00010077337511862188,
      -9.838519252454839e-05,
      -9.890126654928805e-05,
      -8.878386185744421e-05,
      -0.00010547322791148172,
      -9.04493989841836e-05,
      -9.068723444662956e-05,
      -9.574917395794898e-05,
      -9.451070880219053e-05,
      -9.078224406267563e-05,
      -9.22488537967746e-05,
      -9.361734155038297e-05,
      -9.108421974282941e-05,
      -6.921922179994556e-05,
      -0.00010431890346856451,
      4.365620168903443e-05,
      -8.904033135996293e-05
    ],
    [
      -8.114576197778044e-05,
      0.00048255957033724117,
      8.391411283287145e-05,
      7.657848760378759e-05,
      8.428150591222546e-05,
      7.014042439306849e-05,
      8.777295113934044e-05,
      6.844249056575325e-05,
      7.926032662491785e-05,
      8.271769900014367e-05,
      0.0001011526923206806,
      7.576428296858964e-05,
      7.6220096298746e-05,
      8.389174890082646e-05,
      8.19776320617869e-05,
      5.123136985177516e-05,
      8.65873722627744e-05,
      -1.761295002158188e-11,
      -8.101849421038368e-08
    ],
    [
      -0.00010077337511862172,
      8.391411283287156e-05,
      0.0003305810340537395,
      8.618929432820714e-05,
      0.00010010109202732395,
      0.00011641268353231436,
      0.00010233678764036427,
      0.0001397555879240067,
      8.438770894170428e-05,
      0.0001256112008432017,
      0.00011097041098067906,
      0.00010841482841569338,
      0.0001087777897042563,
      0.00014562017424383697,
      0.00013902385387406564,
      9.931331272649645e-05,
      0.00011657011286756645,
      -4.6813499899624244e-08,
      -4.2877853870534225e-05
    ],
    [
      -9.838519252454806e-05,
      7.657848760378753e-05,
      8.618929432820695e-05,
      0.00024555528624306875,
      0.00012859149067747207,
      8.303993687572671e-05,
      0.00011416228297296495,
      8.980648730592371e-05,
      0.00010561067488820676,
      9.481698524971482e-05,
      8.951829994610421e-05,
      9.001790293142539e-05,
      9.323308158118107e-05,
      9.224493174232778e-05,
      8.866228489333844e-05,
      6.294410369164572e-05,
      0.0001109852001677248,
      2.948610157912017e-09,
      2.6169322619238113e-06
    ],
    [
      -9.890126654928756e-05,
      8.428150591222534e-05,
      0.00010010109202732364,
      0.00012859149067747194,
      0.00019541369826587459,
      8.481749449870704e-05,
      0.0001145529739538943,
      8.921207948959696e-05,
      6.737420775443465e-05,
      9.714748501094771e-05,
      9.345913234520916e-05,
      8.958282729879482e-05,
      9.237921783913759e-05,
      9.573277620633826e-05,
      8.981938761713914e-05,
      6.866006740340433e-05,
      0.00011845374688930295,
      1.10237383057212e-09,
      9.2867699711693e-07
    ],
    [
      -8.878386185744353e-05,
      7.014042439306834e-05,
      0.00011641268353231402,
      8.303993687572655e-05,
      8.481749449870698e-05,
      0.0008710651142282097,
      0.00011392023992565934,
      0.00014659508176858056,
      0.00011265663974812569,
      0.0001065761862204344,
      0.00010914731074482129,
      0.00010740990666704057,
      0.00010016317534068373,
      0.00010247324658823442,
      0.00010500532146208845,
      6.850099426763827e-05,
      0.000131567994174391,
      -7.824215106520244e-08,
      -7.160055909514543e-05
    ],
    [
      -0.00010547322791148126,
      8.777295113934044e-05,
      0.00010233678764036412,
      0.00011416228297296499,
      0.00011455297395389446,
      0.00011392023992565952,
      0.0008447479067056952,
      0.00011104035502172805,
      0.00018687213936108925,
      0.000141797615327313,
      0.00013755278805103972,
      0.00016991002254605075,
      0.0001433075869078034,
      0.00011641333274053417,
      0.0001185544419120536,
      7.187080251956349e-05,
      8.950524749586876e-05,
      -1.0068910436413294e-07,
      -9.213507523597499e-05
    ],
    [
      -9.044939898418338e-05,
      6.844249056575331e-05,
      0.00013975558792400669,
      8.98064873059238e-05,
      8.921207948959717e-05,
      0.00014659508176858083,
      0.0001110403550217281,
      0.0005001552214894248,
      0.00013407919454970786,
      0.0001068262234114023,
      0.00010375362273705587,
      9.875055105450528e-05,
      0.00010079941051988296,
      0.00011285407401967785,
      0.00012731334616448772,
      8.088989864476085e-05,
      0.00011447583568912766,
      -5.673923961972761e-08,
      -5.194377666592456e-05
    ],
    [
      -9.068723444662919e-05,
      7.926032662491785e-05,
      8.438770894170413e-05,
      0.0001056106748882068,
      6.737420775443479e-05,
      0.00011265663974812588,
      0.00018687213936108925,
      0.00013407919454970783,
      0.001297988050007847,
      0.00012503260202210024,
      0.00011709956800822525,
      0.00011980788446166442,
      0.00012726227809505363,
      0.00011668426577099885,
      0.00010672854829586143,
      0.00023018340578832868,
      4.786738564874635e-05,
      -1.1082088966321385e-07,
      -0.0001013857967539289
    ],
    [
      -9.574917395794892e-05,
      8.271769900014372e-05,
      0.0001256112008432016,
      9.481698524971492e-05,
      9.714748501094795e-05,
      0.00010657618622043458,
      0.00014179761532731304,
      0.00010682622341140225,
      0.00012503260202210027,
      0.00026730331658623844,
      0.0001128332314174517,
      0.0001706375824228417,
      0.00015436075094425852,
      0.0001353982779952051,
      0.00011219320388295861,
      8.277174055461287e-05,
      0.00011330656724873987,
      -5.257411759645401e-08,
      -4.814023225435585e-05
    ],
    [
      -9.451070880219008e-05,
      0.00010115269232068052,
      0.00011097041098067884,
      8.951829994610417e-05,
      9.345913234520923e-05,
      0.00010914731074482139,
      0.00013755278805103967,
      0.00010375362273705574,
      0.00011709956800822516,
      0.00011283323141745159,
      0.0013390479038907727,
      9.756307147862947e-05,
      0.00010611490258693528,
      0.00010718820868214675,
      0.00010493215443931327,
      9.134722165632625e-05,
      0.00011252520708236398,
      -1.0330735136644614e-07,
      -9.451992528606236e-05
    ],
    [
      -9.078224406267559e-05,
      7.576428296858974e-05,
      0.00010841482841569338,
      9.001790293142557e-05,
      8.958282729879509e-05,
      0.00010740990666704086,
      0.00016991002254605083,
      9.875055105450533e-05,
      0.00011980788446166454,
      0.0001706375824228418,
      9.756307147862968e-05,
      0.0008185981533599499,
      0.00012817603223988047,
      0.00011370096669588199,
      9.5960419279463e-05,
      7.675781258257794e-05,
      9.6270417785874e-05,
      -4.52590472173818e-08,
      -4.144876924754707e-05
    ],
    [
      -9.224885379677425e-05,
      7.622009629874593e-05,
      0.00010877778970425608,
      9.323308158118104e-05,
      9.237921783913767e-05,
      0.00010016317534068381,
      0.00014330758690780335,
      0.00010079941051988281,
      0.00012726227809505358,
      0.00015436075094425842,
      0.00010611490258693527,
      0.00012817603223988025,
      0.0005238643950486013,
      0.00011145018329225854,
      0.00010179567635529216,
      8.32946040974463e-05,
      0.00010472056194086977,
      -5.0195574367488247e-08,
      -4.596295083038513e-05
    ],
    [
      -9.361734155038268e-05,
      8.389174890082651e-05,
      0.00014562017424383687,
      9.224493174232787e-05,
      9.573277620633849e-05,
      0.0001024732465882346,
      0.00011641333274053423,
      0.00011285407401967784,
      0.00011668426577099887,
      0.00013539827799520512,
      0.00010718820868214687,
      0.00011370096669588193,
      0.00011145018329225863,
      0.0002926900563818063,
      0.00010865219536827531,
      8.341543602271575e-05,
