{
  "H0_eff": {
    "mean": 68.45740082291081,
    "sd_lin": 0.3069355418682045
  },
  "anchor": {
    "H0": 67.4,
    "rd_Mpc": 147.09
  },
  "calibrator_offset_equiv_H0": {
    "mean": 62.77799959475699,
    "sd_lin": 0.9183867393857867
  },
  "calibrator_offset_equiv_delta_lnH0": {
    "mean": -0.07104033074647167,
    "sd": 0.014629117609897326
  },
  "calibrator_offset_mag": {
    "mean": 0.15426211817887284,
    "sd": 0.03176672526546048
  },
  "delta_lnH0": {
    "mean": 0.015566648101816263,
    "sd": 0.0044835991168026
  },
  "delta_mu_equiv_mag": {
    "mean": -0.03380254686174265,
    "sd": 0.009736011777468311
  }
}