{
  "created_utc": "2026-02-05T18:05:21.488214+00:00",
  "run_id": "stack_sn_bao_cc_plus_ladder_predictive_score_cal_survey_holdout_extgrid_all_v1",
  "tasks": {
    "predictive_score": {
      "always_include_calibrators": false,
      "always_include_hubble_flow": true,
      "mode": "group_holdout",
      "models": {
        "+cal_offset": {
          "ladder_level": "L1",
          "logp": [
            2.713736267037926,
            3.1206057873235853,
            4.732215784812268,
            3.4756035386909776,
            3.6045240685560787,
            5.785238041473326,
            1.0151784000864634,
            2.1948965572482986,
            1.5514752228801996,
            2.913178302213164
          ],
          "mean_delta_logp_vs_base": 1.5725012238425606,
          "mean_logp": 3.1106651970322288,
          "sd_delta_logp_vs_base": 1.5645613703816639,
          "sd_logp": 1.3422840885913814
        },
        "+cal_time_bins": {
          "ladder_level": "L1",
          "logp": [
            4.877515126652968,
            3.0272973598108384,
            3.9328036386424836,
            3.25641919798936,
            4.274849631052801,
            6.418126224321897,
            0.9603110975045153,
            1.511628007399381,
            2.7701588825767174,
            2.9208506407129913
          ],
          "mean_delta_logp_vs_base": 1.856832007476727,
          "mean_logp": 3.394995980666395,
          "sd_delta_logp_vs_base": 2.321709861057806,
          "sd_logp": 1.5048244222316125
        },
        "+pkmjderr_linear_cal": {
          "ladder_level": "L1",
          "logp": [
            2.954139245003163,
            3.1657129795819303,
            4.139455623094159,
            3.683345740442632,
            3.5718430234051626,
            4.792220065030368,
            0.9429497483005607,
            1.5978863351887584,
            1.5440137699723961,
            3.022604595033092
          ],
          "mean_delta_logp_vs_base": 1.403253139315554,
          "mean_logp": 2.941417112505222,
          "sd_delta_logp_vs_base": 1.5704002759618236,
          "sd_logp": 1.1669364812657494
        },
        "baseline": {
          "ladder_level": "L1",
          "logp": [
            -1.1389952443346782,
            2.7470816831189815,
            4.556330067493496,
            2.23605015446088,
            0.8850001315250147,
            1.5626769824336133,
            1.0929517391037769,
            1.924656378947176,
            -1.1482881223800065,
            2.664175961528428
          ],
          "mean_delta_logp_vs_base": 0.0,
          "mean_logp": 1.5381639731896684,
          "sd_delta_logp_vs_base": 0.0,
          "sd_logp": 1.6578533489006935
        }
      },
      "n_rep": 10,
      "seed": null,
      "train_frac": null,
      "use_diagonal_errors": true
    },
    "report": {
      "ok": true
    }
  }
}