{
  "H0_eff": {
    "mean": 69.0576664568676,
    "sd_lin": 0.285902400504053
  },
  "anchor": {
    "H0": 67.4,
    "rd_Mpc": 147.09
  },
  "delta_lnH0": {
    "mean": 0.024296883389680845,
    "sd": 0.004140053019060867
  },
  "delta_mu_equiv_mag": {
    "mean": -0.05276001191792583,
    "sd": 0.008990010904825162
  }
}