{
  "chi2": 1501.3498603034939,
  "cov": [
    [
      0.0001825931867897462,
      -8.11457604926473e-05,
      -0.00010076942778002992,
      -9.83854411528858e-05,
      -9.890135950202084e-05,
      -8.877726443868535e-05,
      -0.00010546473775397852,
      -9.044461470207046e-05,
      -9.067788997173517e-05,
      -9.574474088108506e-05,
      -9.450199787274215e-05,
      -9.077842779634008e-05,
      -9.224462127990944e-05,
      -9.361480779795955e-05,
      -9.108225956705861e-05,
      -6.921493400060549e-05,
      -0.00010431788939583218,
      4.196113488378698e-05,
      -8.544407322618441e-05
    ],
    [
      -8.114576049264683e-05,
      0.00048255957033724046,
      8.391411283127882e-05,
      7.657848760388777e-05,
      8.428150591226286e-05,
      7.014042439040669e-05,
      8.777295113591505e-05,
      6.844249056382301e-05,
      7.926032662114782e-05,
      8.271769899835506e-05,
      0.00010115269231716613,
      7.576428296704987e-05,
      7.622009629703831e-05,
      8.389174889980416e-05,
      8.197763206099601e-05,
      5.123136985004524e-05,
      8.658737226236516e-05,
      -1.692908072692177e-11,
      -8.101994510929068e-08
    ],
    [
      -0.00010076942778002944,
      8.391411283127894e-05,
      0.0003305810298209218,
      8.618929459481658e-05,
      0.00010010109212699909,
      0.0001164126764577578,
      0.00010233677853618262,
      0.00013975558279371634,
      8.438769892141943e-05,
      0.0001256111960895163,
      0.00011097040163975882,
      0.00010841482432342741,
      0.00010877778516563577,
      0.0001456201715268388,
      0.00013902385177212617,
      9.931330812859541e-05,
      0.00011657011178015393,
      -4.499584269037387e-08,
      -4.28817102167874e-05
    ],
    [
      -9.838544115288514e-05,
      7.657848760388772e-05,
      8.618929459481641e-05,
      0.00024555528622627576,
      0.00012859149067119373,
      8.303993732132684e-05,
      0.00011416228354640375,
      8.980648762906172e-05,
      0.00010561067551934759,
      9.481698554913183e-05,
      8.95183005344543e-05,
      9.001790318918203e-05,
      9.323308186705194e-05,
      9.224493191346142e-05,
      8.866228502573175e-05,
      6.294410398125052e-05,
      0.00011098520023621675,
      2.8341226167349827e-09,
      2.617175158988304e-06
    ],
    [
      -9.890135950201994e-05,
      8.42815059122627e-05,
      0.00010010109212699876,
      0.00012859149067119357,
      0.00019541369826352726,
      8.48174946653e-05,
      0.00011455297416828133,
      8.921207961040598e-05,
      6.737420799039431e-05,
      9.714748512288835e-05,
      9.345913256517095e-05,
      8.958282739516021e-05,
      9.237921794601382e-05,
      9.573277627031864e-05,
      8.981938766663591e-05,
      6.866006751167657e-05,
      0.00011845374691490942,
      1.0595712686631607e-09,
      9.287678071433368e-07
    ],
    [
      -8.877726443868447e-05,
      7.014042439040655e-05,
      0.00011641267645775751,
      8.303993732132674e-05,
      8.481749466529998e-05,
      0.0008710651024040878,
      0.00011392022470930605,
      0.00014659507319402502,
      0.00011265662300063535,
      0.00010657617827532097,
      0.0001091472951327929,
      0.00010740989982739626,
      0.00010016316775502084,
      0.00010247324204715583,
      0.0001050053179489937,
      6.850098658289627e-05,
      0.00013156799235693469,
      -7.520419384674309e-08,
      -7.16070044330656e-05
    ],
    [
      -0.00010546473775397764,
      8.7772951135915e-05,
      0.0001023367785361824,
      0.00011416228354640373,
      0.00011455297416828144,
      0.00011392022470930616,
      0.0008447478871239103,
      0.00011104034398721138,
      0.00018687211780889795,
      0.00014179760510281961,
      0.00013755276796006402,
      0.0001699100137441754,
      0.0001433075771458837,
      0.00011641332689666192,
      0.00011855443739108428,
      7.187079263013973e-05,
      8.950524515700097e-05,
      -9.677958516945989e-08,
      -9.214336968204611e-05
    ],
    [
      -9.044461470206996e-05,
      6.844249056382302e-05,
      0.00013975558279371618,
      8.98064876290618e-05,
      8.921207961040617e-05,
      0.00014659507319402524,
      0.00011104034398721146,
      0.0005001552152713728,
      0.00013407918240484917,
      0.00010682621764980586,
      0.0001037536114156056,
      9.875054609456727e-05,
      0.00010079940501895103,
      0.00011285407072660189,
      0.00012731334361687973,
      8.088989307197926e-05,
      0.00011447583437115401,
      -5.4536189470522207e-08,
      -5.194845066283944e-05
    ],
    [
      -9.067788997173444e-05,
      7.926032662114781e-05,
      8.438769892141927e-05,
      0.00010561067551934763,
      6.737420799039441e-05,
      0.00011265662300063544,
      0.00018687211780889795,
      0.00013407918240484912,
      0.001297988026286979,
      0.00012503259076877292,
      0.00011709954589560628,
      0.00011980787477410533,
      0.00012726226735084622,
      0.00011668425933909024,
      0.00010672854331997218,
      0.00023018339490378756,
      4.7867383074531386e-05,
      -1.0651797726729423e-07,
      -0.000101394925824037
    ],
    [
      -9.574474088108471e-05,
      8.271769899835513e-05,
      0.0001256111960895162,
      9.481698554913191e-05,
      9.714748512288857e-05,
      0.00010657617827532115,
      0.0001417976051028197,
      0.00010682621764980588,
      0.000125032590768773,
      0.00026730331124759,
      0.00011283322092708803,
      0.00017063757782700346,
      0.00015436074584713978,
      0.0001353982749438677,
      0.00011219320152236581,
      8.277173539091881e-05,
      0.00011330656602751623,
      -5.053278926013394e-08,
      -4.814456314185277e-05
    ],
    [
      -9.450199787274136e-05,
      0.00010115269231716602,
      0.00011097040163975856,
      8.951830053445425e-05,
      9.3459132565171e-05,
      0.00010914729513279296,
      0.00013755276796006396,
      0.00010375361141560548,
      0.00011709954589560621,
      0.00011283322092708787,
      0.001339047883277366,
      9.756306244787653e-05,
      0.00010611489257117362,
      0.00010718820268631466,
      0.00010493214980078396,
      9.134721150974505e-05,
      0.00011252520468267803,
      -9.929617184840575e-08,
      -9.452843541493944e-05
    ],
    [
      -9.077842779633983e-05,
      7.576428296705003e-05,
      0.00010841482432342747,
      9.001790318918225e-05,
      8.958282739516055e-05,
      0.00010740989982739661,
      0.00016991001374417562,
      9.875054609456741e-05,
      0.00011980787477410554,
      0.00017063757782700365,
      9.756306244787681e-05,
      0.0008185981494035685,
      0.00012817602785196593,
      0.00011370096406910237,
      9.596041724731897e-05,
      7.675780813735125e-05,
      9.62704167345693e-05,
      -4.350174572029166e-08,
      -4.145249754296465e-05
    ],
    [
      -9.224462127990875e-05,
      7.622009629703825e-05,
      0.00010877778516563554,
      9.323308186705192e-05,
      9.237921794601392e-05,
      0.00010016316775502093,
      0.0001433075771458836,
      0.00010079940501895092,
      0.00012726226735084614,
      0.00015436074584713964,
      0.00010611489257117362,
      0.00012817602785196566,
      0.000523864390182085,
      0.00011145018037896884,
      0.00010179567410149661,
      8.32945991673666e-05,
      0.00010472056077489638,
      -4.8246599225367664e-08,
      -4.596708578110552e-05
    ],
    [
      -9.361480779795887e-05,
      8.389174889980419e-05,
      0.00014562017152683864,
      9.224493191346147e-05,
      9.573277627031879e-05,
      0.00010247324204715598,
      0.00011641332689666196,
      0.00011285407072660189,
      0.00011668425933909029,
      0.00013539827494386762,
      0.00010718820268631477,
      0.00011370096406910222,
      0.00011145018037896895,
      0.0002926900546377956,
      0.0001086521940190639,
      8.341543307137457e-05,
