{
  "H0_eff": {
    "mean": 68.4932543216289,
    "sd_lin": 0.3010753608269486
  },
  "anchor": {
    "H0": 67.4,
    "rd_Mpc": 147.09
  },
  "calibrator_offset_equiv_H0": {
    "mean": 62.81012330649865,
    "sd_lin": 0.9172557452444375
  },
  "calibrator_offset_equiv_delta_lnH0": {
    "mean": -0.07052875828722727,
    "sd": 0.014603629111957716
  },
  "calibrator_offset_mag": {
    "mean": 0.15315125269815522,
    "sd": 0.031711377695424606
  },
  "delta_lnH0": {
    "mean": 0.016090245444221888,
    "sd": 0.004395693616967979
  },
  "delta_mu_equiv_mag": {
    "mean": -0.03493952404447251,
    "sd": 0.009545127409932696
  }
}