{
  "always_include_calibrators": false,
  "always_include_hubble_flow": true,
  "mode": "group_holdout",
  "models": {
    "+c_x1_biascor_cal": {
      "ladder_level": "L1",
      "logp": [
        0.859355947148939,
        0.7936299609086966,
        0.04564357520088569,
        0.6291714894692502,
        0.14574503265727107,
        0.46811951691303477,
        0.19814830029885522,
        0.6587261712954602,
        1.0154811494046239,
        1.13698478012464,
        0.3992539558800031,
        -0.5098579861511119,
        1.2048757236967256,
        0.42246113891901926,
        2.2659459039787526,
        3.107686295531952,
        0.7164396710589082,
        2.3290940598143037,
        1.040750822040498,
        1.1311509699776254,
        2.3795600220515474,
        0.8840701684333813,
        0.5116802741624549,
        -9.046219706276707,
        1.242823780392463,
        -1.6246356899118923,
        -0.24969949041761463,
        -2.473329218216749,
        0.05870931416503433,
        1.002117444730903,
        -0.14303983549146104,
        -0.026930922797881313,
        1.5595987715060695,
        1.3881715144603293,
        -0.029870789188478852,
        1.7751361064584865,
        2.006701565786404,
        2.1681095087303186,
        2.65782762997645,
        0.13219676988099227,
        -0.24566410542043382,
        0.5071315040049849,
        1.0523036583280998
      ],
      "mean_delta_logp_vs_base": 0.11296798988429554,
      "mean_logp": 0.5475710407794194,
      "sd_delta_logp_vs_base": 1.2524133582628334,
      "sd_logp": 1.8155085792284764
    },
    "+cal_offset": {
      "ladder_level": "L1",
      "logp": [
        0.8944531724726562,
        0.6270730726618156,
        1.1623578939572394,
        0.5446846205290283,
        0.09262194727313211,
        0.5060203421088418,
        -0.3173274737068936,
        0.7163861995670451,
        1.6688410195683656,
        0.09101629015969492,
        0.4877437872373277,
        0.028651333210014673,
        1.3938191240051059,
        0.7629760498028892,
        1.699920378483974,
        2.6582664065436172,
        0.7569898131165337,
        2.3921010497756723,
        0.8204351949051047,
        0.7107451993943636,
        2.5085376077502057,
        0.998506644204263,
        0.555655912553238,
        -7.528378547181131,
        1.6317973551774538,
        0.2038858403918656,
        -1.2113887631249547,
        1.1120800346207615,
        0.35282663353842725,
        0.796562245744917,
        0.6437408771377228,
        -0.2856724015340938,
        1.9844248011048145,
        1.9563475727446735,
        0.8237321553250272,
        1.7356842346368895,
        1.3924211427748276,
        2.3666766917937236,
        2.1950899419497096,
        1.4619105772994125,
        0.4483960001564222,
        -0.23607616118722707,
        1.030682197443647
      ],
      "mean_delta_logp_vs_base": 0.324355507578972,
      "mean_logp": 0.758958558474096,
      "sd_delta_logp_vs_base": 1.4145638419762012,
      "sd_logp": 1.5261050132718181
    },
    "+survey_pkmjd_bins": {
      "ladder_level": "L1",
      "logp": [
        0.8780067754122926,
        0.8899109571567773,
        0.1422373513562416,
        0.6851881273206518,
        0.23783295242474245,
        0.3328901315605456,
        0.5914195956284123,
        -0.5106857534380151,
        1.1094247517750178,
        1.0199406490508973,
        0.2814628462543933,
        -0.9050816092043756,
        -0.3033555884748558,
        -0.17532645425478321,
        2.3604446667018175,
        3.3863963242704416,
        0.6153824099605296,
        2.3478381109614843,
        1.1515290791363064,
        1.1285838828868624,
        2.301955790916355,
        0.7125738807452604,
        0.5273617498202212,
        -15.560624159062515,
        1.016211330423484,
        -0.07510734159700178,
        -0.14728625288105124,
        0.6709302735668188,
        -0.9528604248422958,
        1.419735302114402,
        0.8309449011918272,
        -0.09636685228065665,
        0.841303139466919,
        1.904094477607757,
        1.0166508564696217,
        0.929468667795804,
        2.1965992220600135,
        2.260626116456929,
        2.909743315511893,
        -0.5944474120398162,
        0.2741245321620557,
        0.21117720223551423,
        1.082746068118117
      ],
      "mean_delta_logp_vs_base": 0.005945637254760745,
      "mean_logp": 0.44054868814988457,
      "sd_delta_logp_vs_base": 0.03412586705344052,
      "sd_logp": 2.6542512355168886
    },
    "+x1_linear_cal": {
      "ladder_level": "L1",
      "logp": [
        0.9325685332917787,
        0.8742931810822946,
        -0.49935571052033345,
        0.5388836615648269,
        0.22503711552980263,
        0.46959868140360034,
        0.15653582496252338,
        0.44615781709647573,
        0.8673710481982804,
        1.372777599605868,
        0.3957282422647184,
        -0.6819506434562763,
        0.7490211256339023,
        0.2669279474902835,
        2.3616120947843284,
        3.311809468581952,
        0.7174560196258812,
        2.4217782159099834,
        1.139216951544576,
        1.1180578592833115,
        2.0326805621463304,
        0.8654480173064727,
        0.45762009019522853,
        -11.183033365811529,
        0.9550530281259519,
        -0.35002984317832275,
        -0.08101541879710328,
        -1.7609985163400617,
        -0.34656672849554826,
        1.1269708479491163,
        0.8127952167109567,
        -0.015780392443748455,
        2.028901179546032,
        1.3517763625816066,
        0.8542411794788296,
        1.7301746238374245,
        1.7742408567648202,
        2.051142161028277,
        2.5748463240269444,
        -0.7394261318957058,
        0.2239751527740087,
        0.16940639135850843,
        1.0834663251478192
      ],
      "mean_delta_logp_vs_base": 0.09561585505590134,
      "mean_logp": 0.5302189059510252,
      "sd_delta_logp_vs_base": 0.8791072178770883,
      "sd_logp": 2.055841563948376
    },
    "baseline": {
      "ladder_level": "L1",
      "logp": [
        0.8789983031086837,
        0.889529510230502,
        0.14935875445949987,
        0.6850938662524161,
        0.2373990992625972,
        0.33412797777482806,
        0.5883557511181603,
        -0.5030891570450291,
        1.1144412796959031,
        1.0167730766076468,
        0.2829397025833877,
        -0.8997833457812598,
        -0.29236743403015675,
        -0.1695908221186364,
        2.360504056704542,
        3.387426973094122,
        0.6144547928904676,
        2.354508429637565,
        1.1544354690091012,
        1.1309112478623056,
        2.3074943723004866,
        0.7116618038689195,
        0.5287709939518227,
        -15.76991121474609,
        0.9831477429270523,
        -0.07344170941252604,
        -0.11602641223790222,
        0.6693861926732221,
        -0.9655600638927049,
        1.4298534847625266,
        0.8338226445427839,
        -0.0928661449132925,
        0.7906292657563236,
        1.8839422541746451,
        1.0207152782896791,
        0.8881499362611911,
        2.1969853049214807,
        2.2602775165531606,
        2.922769421812875,
        -0.6057714245584185,
        0.2761010260270247,
        0.20978337703651173,
        1.0835900110749097
      ],
      "mean_delta_logp_vs_base": 0.0,
      "mean_logp": 0.4346030508951239,
      "sd_delta_logp_vs_base": 0.0,
      "sd_logp": 2.6833670116559842
    }
  },
  "n_rep": 43,
  "seed": 555,
  "train_frac": null,
  "use_diagonal_errors": true
}