{
  "chi2": 1501.6903306259894,
  "cov": [
    [
      0.0001848461289002082,
      -8.115111816672934e-05,
      -0.00010361188697928896,
      -9.82119423970647e-05,
      -9.883977914733772e-05,
      -9.352382252132028e-05,
      -0.00011157257537486343,
      -9.388807732266918e-05,
      -9.739898249173447e-05,
      -9.893605656769376e-05,
      -0.00010076793470392012,
      -9.352615118259717e-05,
      -9.5291600336714e-05,
      -9.544088017646682e-05,
      -9.249594246942836e-05,
      -7.23004294837694e-05,
      -0.00010505226487352427,
      4.2889591055814476e-05,
      -2.670242566787908e-05
    ],
    [
      -8.115111816672873e-05,
      0.0004825595657074638,
      8.391166282104703e-05,
      7.65786371329813e-05,
      8.42815589756637e-05,
      7.013633318555028e-05,
      8.776768660350603e-05,
      6.8439522533348e-05,
      7.925453350925378e-05,
      8.271494829963972e-05,
      0.00010114729151620207,
      7.576191461373807e-05,
      7.621747000663424e-05,
      8.389017494300084e-05,
      8.197641355464921e-05,
      5.122871036461218e-05,
      8.658673926825917e-05,
      -2.5782389405701787e-09,
      -2.3089304697894946e-08
    ],
    [
      -0.00010361188697928839,
      8.391166282104718e-05,
      0.00032928452636547177,
      8.626842281498237e-05,
      0.00010012917235519438,
      0.00011424768092593027,
      9.95508781627063e-05,
      0.00013818495190189635,
      8.1322083342356e-05,
      0.00012415557344074355,
      0.00010811239028314089,
      0.00010716153231254609,
      0.00010738799726433014,
      0.00014478726053811228,
      0.00013837903907575546,
      9.790595399003963e-05,
      0.0001162351421285844,
      -1.4037450418330904e-06,
      -1.2218537909867977e-05
    ],
    [
      -9.821194239706395e-05,
      7.65786371329813e-05,
      8.626842281498217e-05,
      0.0002455504568714816,
      0.0001285897768782818,
      8.317207136411969e-05,
      0.00011433231266366845,
      8.990234639941047e-05,
      0.00010579777621961608,
      9.490582513450903e-05,
      8.969273073041935e-05,
      9.00943941277515e-05,
      9.33179034250421e-05,
      9.229576615060185e-05,
      8.870163924481117e-05,
      6.302999764211202e-05,
      0.00011100564410951534,
      8.576949531155595e-08,
      7.457221850416768e-07
    ],
    [
      -9.883977914733677e-05,
      8.42815589756636e-05,
      0.00010012917235519403,
      0.0001285897768782817,
      0.00019541309008992992,
      8.486438506754638e-05,
      0.00011461331239402065,
      8.924609700824107e-05,
      6.744060440807532e-05,
      9.717901162284804e-05,
      9.352103260152177e-05,
      8.960997173134375e-05,
      9.240931856876231e-05,
      9.575081581394215e-05,
      8.983335329673078e-05,
      6.869054859152103e-05,
      0.00011846100183139261,
      3.0495844023334296e-08,
      2.6463451022827147e-07
    ],
    [
      -9.352382252131938e-05,
      7.013633318555024e-05,
      0.00011424768092593004,
      8.317207136411963e-05,
      8.486438506754644e-05,
      0.000867449835793651,
      0.00010926812614736324,
      0.00014397231978088544,
      0.00010753743569494739,
      0.00010414547397031811,
      0.00010437478041952005,
      0.00010531706190072167,
      9.784239908767918e-05,
      0.00010108238685010057,
      0.00010392856292712771,
      6.615088453816244e-05,
      0.00013100863573052172,
      -2.3441483968348034e-06,
      -2.0403401198399624e-05
    ],
    [
      -0.00011157257537486263,
      8.77676866035061e-05,
      9.955087816270616e-05,
      0.00011433231266366856,
      0.00011461331239402094,
      0.00010926812614736336,
      0.0008387616008103223,
      0.0001076654041290067,
      0.00018028478512523052,
      0.00013866979262858298,
      0.00013141153102601074,
      0.00016721696524784612,
      0.00014032122904398227,
      0.00011462358462885285,
      0.00011716887692527147,
      6.884669855332557e-05,
      8.878546915214244e-05,
      -3.0164410320032837e-06,
      -2.6254947049854892e-05
    ],
    [
      -9.388807732266866e-05,
      6.843952253334809e-05,
      0.0001381849519018963,
      8.990234639941061e-05,
      8.924609700824136e-05,
      0.0001439723197808856,
      0.00010766540412900677,
      0.0004982524965489781,
      0.0001303653854915746,
      0.00010506282404728056,
      0.0001002913137202249,
      9.723226310003653e-05,
      9.911576599609322e-05,
      0.00011184505241389721,
      0.00012653219433717222,
      7.918497367785927e-05,
      0.00011407004009395669,
      -1.7005762846860688e-06,
      -1.4801976102416405e-05
    ],
    [
      -9.739898249173401e-05,
      7.92545335092539e-05,
      8.132208334235597e-05,
      0.00010579777621961626,
      6.744060440807562e-05,
      0.00010753743569494762,
      0.00018028478512523063,
      0.00013036538549157466,
      0.0012907392998458781,
      0.00012159073378756318,
      0.00011034170494803867,
      0.00011684443376088033,
      0.0001239760783137746,
      0.00011471482000416373,
      0.0001052038672080121,
      0.00022685567004948593,
      4.707533876635828e-05,
      -3.3193267434729924e-06,
      -2.8891045634928584e-05
    ],
    [
      -9.893605656769332e-05,
      8.271494829963983e-05,
      0.0001241555734407435,
      9.490582513450918e-05,
      9.71790116228483e-05,
      0.00010414547397031827,
      0.00013866979262858306,
      0.00010506282404728057,
      0.00012159073378756316,
      0.00026566904078983555,
      0.00010962444732633557,
      0.0001692304699408693,
      0.00015280039000109454,
      0.00013446314122362384,
      0.00011146925129985701,
      8.119165741248306e-05,
      0.00011293048572519812,
      -1.5760419285652838e-06,
      -1.3718112728743176e-05
    ],
    [
      -0.00010076793470391941,
      0.00010114729151620211,
      0.00010811239028314078,
      8.969273073041943e-05,
      9.352103260152199e-05,
      0.00010437478041952017,
      0.0001314115310260107,
      0.00010029131372022481,
      0.00011034170494803852,
      0.00010962444732633548,
      0.0013327476849399472,
      9.480030637098688e-05,
      0.00010305124504403815,
      0.00010535213425561254,
      0.00010351072512089215,
      8.824484098088593e-05,
      0.00011178679780506595,
      -3.0945319789291947e-06,
      -2.6934537076613644e-05
    ],
    [
      -9.352615118259688e-05,
      7.576191461373826e-05,
      0.00010716153231254615,
      9.009439412775171e-05,
      8.96099717313441e-05,
      0.00010531706190072193,
      0.00016721696524784628,
      9.72322631000366e-05,
      0.00011684443376088044,
      0.00016923046994086934,
      9.480030637098708e-05,
      0.0008173866286336578,
      0.00012683256049273657,
      0.0001128958133511781,
      9.533709565301062e-05,
      7.539736000979956e-05,
      9.59466113590901e-05,
      -1.3569654167297216e-06,
      -1.1811303623932344e-05
    ],
    [
      -9.529160033671334e-05,
      7.621747000663424e-05,
      0.00010738799726432996,
      9.331790342504212e-05,
      9.240931856876244e-05,
      9.784239908767921e-05,
      0.00014032122904398213,
      9.911576599609308e-05,
      0.00012397607831377447,
      0.0001528003900010944,
      0.00010305124504403808,
      0.00012683256049273638,
      0.0005223746059454949,
      0.00011055734078788842,
      0.00010110446662321347,
      8.178598478890731e-05,
      0.00010436148979278344,
      -1.5047601073687651e-06,
      -1.3097671373250595e-05
    ],
    [
      -9.544088017646609e-05,
      8.389017494300091e-05,
      0.00014478726053811217,
      9.229576615060196e-05,
      9.575081581394238e-05,
      0.00010108238685010069,
      0.00011462358462885283,
      0.00011184505241389717,
      0.00011471482000416365,
      0.00013446314122362378,
      0.00010535213425561256,
      0.00011289581335117796,
      0.00011055734078788847,
      0.0002921549687402445,
      0.00010823794785703898,
      8.251130842588268e-05,
