{
  "H0_eff": {
    "mean": 68.57040921683767,
    "sd_lin": 0.3043287204020727
  },
  "anchor": {
    "H0": 67.4,
    "rd_Mpc": 147.09
  },
  "calibrator_offset_equiv_H0": {
    "mean": 65.98559907879286,
    "sd_lin": 0.5164899594924256
  },
  "calibrator_offset_equiv_delta_lnH0": {
    "mean": -0.021208495475863245,
    "sd": 0.007827313333560694
  },
  "calibrator_offset_mag": {
    "mean": 0.04605366277318744,
    "sd": 0.016996794944465782
  },
  "delta_lnH0": {
    "mean": 0.01721607123008388,
    "sd": 0.004438193148880084
  },
  "delta_mu_equiv_mag": {
    "mean": -0.03738422367639378,
    "sd": 0.009637413970897186
  }
}