{
  "parts": [
    {
      "chi2": 1180.8838808117473,
      "label": "pantheon_plus",
      "n": 1322
    },
    {
      "chi2": 292.16902750354154,
      "label": "pantheon_plus_shoes_ladder",
      "n": 354
    },
    {
      "chi2": 16.157583176207922,
      "label": "bao",
      "n": 12
    },
    {
      "chi2": 12.479839134493858,
      "label": "chronometers",
      "n": 19
    }
  ]
}