{
  "H0_eff": {
    "mean": 68.22120628772105,
    "sd_lin": 0.313467380424458
  },
  "anchor": {
    "H0": 67.4,
    "rd_Mpc": 147.09
  },
  "calibrator_offset_equiv_H0": {
    "mean": 62.566366364516355,
    "sd_lin": 0.9173504454371063
  },
  "calibrator_offset_equiv_delta_lnH0": {
    "mean": -0.074417162720136,
    "sd": 0.014662038068385714
  },
  "calibrator_offset_mag": {
    "mean": 0.16159481564125724,
    "sd": 0.03183821113277664
  },
  "delta_lnH0": {
    "mean": 0.012110441233718596,
    "sd": 0.004594867160548554
  },
  "delta_mu_equiv_mag": {
    "mean": -0.026297489006087974,
    "sd": 0.0099776272645235
  }
}