{
  "parts": [
    {
      "chi2": 1180.4552016525997,
      "label": "pantheon_plus",
      "n": 1322
    },
    {
      "chi2": 280.135237880755,
      "label": "pantheon_plus_shoes_ladder",
      "n": 354
    },
    {
      "chi2": 14.69923919321999,
      "label": "bao",
      "n": 12
    },
    {
      "chi2": 12.60892133711702,
      "label": "chronometers",
      "n": 19
    }
  ]
}