{
  "H0_eff": {
    "mean": 69.06830931835789,
    "sd_lin": 0.28589176695726337
  },
  "anchor": {
    "H0": 67.4,
    "rd_Mpc": 147.09
  },
  "delta_lnH0": {
    "mean": 0.02445098708309006,
    "sd": 0.004139261113798181
  },
  "delta_mu_equiv_mag": {
    "mean": -0.05309464383636849,
    "sd": 0.008988291304396288
  }
}