{
  "always_include_calibrators": false,
  "always_include_hubble_flow": true,
  "mode": "group_holdout",
  "models": {
    "+bounded_calibration_fields": {
      "ladder_level": "L1",
      "logp": [
        0.8753131699520428,
        0.8709216812120645,
        0.05569828972050006,
        0.6864428418075099,
        0.241329698006569,
        0.3107076258740409,
        0.514878979400955,
        -0.5146474256070919,
        1.1137879829121142,
        1.013768511915482,
        0.29898943550105445,
        -0.8929510881355223,
        -0.318648570987778,
        -0.19001220028816967,
        2.3464421465556815,
        3.3671653998656508,
        0.5825146410899269,
        2.3375645829831613,
        1.1130967636243023,
        1.0776333687926671,
        2.2976432100696274,
        0.6472785674713106,
        0.5194018423412048,
        -13.394196397999577,
        1.4327874783692476,
        0.09594298194633111,
        -0.6190386697375323,
        0.6972925138071626,
        -0.6910026867587593,
        1.2816003791499837,
        0.7923916565034315,
        -0.12834053813336022,
        0.9320957735650417,
        1.8975010569055153,
        0.973635315543259,
        1.0131772419288811,
        2.2426473388824473,
        2.2906888615785737,
        2.8297390903020223,
        -0.4541754777296756,
        0.3179885486440942,
        0.12918739402514018,
        1.0831871925980494
      ],
      "mean_delta_logp_vs_base": 0.08892093439968031,
      "mean_logp": 0.49017275598761834,
      "sd_delta_logp_vs_base": 0.47396857374118645,
      "sd_logp": 2.3525630951734264
    },
    "+bounded_fields_plus_metadata_bounded": {
      "ladder_level": "L1",
      "logp": [
        0.6911017123357183,
        0.8125555026381073,
        1.241341003932551,
        0.577344064746743,
        0.2232424922803657,
        0.5158253604834194,
        -0.7461918148489743,
        0.7610132806575025,
        1.470018462271669,
        0.12030506651413297,
        0.4875127178546697,
        0.18154360494058097,
        1.6490396145440513,
        0.6364068458240861,
        2.1881282761842784,
        3.2539218636830243,
        0.7383459666011163,
        2.3007897144668994,
        0.7703180463277285,
        1.0375029663184365,
        2.233106609098201,
        0.9688533893784274,
        0.5513218787543668,
        -5.274440413494686,
        1.5551034171032563,
        0.05968838993299419,
        -1.2547471855362096,
        0.24122278954896226,
        0.6893597454985947,
        0.48194147108206775,
        0.7350468894189433,
        -0.3512073830209262,
        1.2522075956419987,
        1.9361876076670579,
        0.939407514385543,
        1.2520270378547196,
        1.8032223329515846,
        2.3048167269460587,
        2.2333405855272064,
        1.5308600037111377,
        0.34650663766464873,
        0.10148005842071794,
        1.0637687889569953
      ],
      "mean_delta_logp_vs_base": 0.3966351373713126,
      "mean_logp": 0.7978869589592504,
      "sd_delta_logp_vs_base": 1.8109373967774836,
      "sd_logp": 1.2753732334499135
    },
    "+cal_offset_bounded": {
      "ladder_level": "L1",
      "logp": [
        0.9301284461912325,
        0.7630473268544039,
        0.9415738564873831,
        0.6150402531690408,
        0.15398086049503962,
        0.4666323593184576,
        0.0678314719470261,
        0.31804851642645326,
        1.5756234746931004,
        0.49422318072326454,
        0.42504289480821933,
        -0.28513454332851884,
        0.8663761612532503,
        0.46725287188526954,
        2.10850524405824,
        3.144069623058173,
        0.7233359571728387,
        2.491045201330996,
        1.0095245344900166,
        0.9301943545678499,
        2.553856887887488,
        0.9189536542347452,
        0.5764780447779867,
        -10.63383979970605,
        1.4645946406391785,
        0.11400654631612284,
        -0.7515780580538396,
        1.0670327565161026,
        -0.03999309991701172,
        1.0791394897865858,
        0.739739152019297,
        -0.20045564700111043,
        1.5947690567562711,
        2.019048729134702,
        0.9306184439256195,
        1.459889267020103,
        1.9521222393803908,
        2.436471323329641,
        2.649764544283059,
        0.8755937654212909,
        0.39683311291960105,
        -0.07634234667757811,
        1.118565910928068
      ],
      "mean_delta_logp_vs_base": 0.30692517049397844,
      "mean_logp": 0.7081769920819163,
      "sd_delta_logp_vs_base": 0.9681704406719915,
      "sd_logp": 1.949091777402039
    },
    "baseline": {
      "ladder_level": "L1",
      "logp": [
        0.8771165676304261,
        0.8867058366507385,
        0.18793224820530519,
        0.6851365284825466,
        0.23787868786925326,
        0.333776549213195,
        0.5791133984759154,
        -0.5706102296858244,
        1.1052849175995616,
        1.0384240281051287,
        0.2609556930180632,
        -0.9053829304574144,
        -0.3922737835750687,
        -0.21608120142320386,
        2.3582593843746293,
        3.3714916341567065,
        0.575418071372369,
        2.3528128009141924,
        1.1502670140565805,
        1.1262989310686158,
        2.2704871646175575,
        0.64051741327448,
        0.5276859486583718,
        -16.403791995229184,
        0.9457683763746003,
        -0.07348885524495502,
        -0.07784737364230554,
        0.6431508002961501,
        -0.9900545373024077,
        1.4353374934601213,
        0.8353620477045934,
        -0.089150443193988,
        0.6137080223556954,
        1.8093351509280458,
        1.0241254603780396,
        0.7562900996231512,
        2.2540086166054563,
        2.2540803316681606,
        2.918619533398135,
        -0.6244674170105395,
        0.25720445727057817,
        0.20158918009409976,
        1.0828347071457547
      ],
      "mean_delta_logp_vs_base": 0.0,
      "mean_logp": 0.4012518215879378,
      "sd_delta_logp_vs_base": 0.0,
      "sd_logp": 2.7717659676625117
    }
  },
  "n_rep": 43,
  "seed": 888,
  "train_frac": null,
  "use_diagonal_errors": true
}