{
  "H0_eff": {
    "mean": 67.4000072008089,
    "sd_lin": 0.0067399969305237456
  },
  "anchor": {
    "H0": 67.4,
    "rd_Mpc": 147.09
  },
  "delta_lnH0": {
    "mean": 1.0683692149835028e-07,
    "sd": 9.999994377512256e-05
  },
  "delta_mu_equiv_mag": {
    "mean": -2.3199342735132207e-07,
    "sd": 0.00021714711886085578
  }
}