{
  "chi2": 1524.871281785331,
  "cov": [
    [
      0.00017536111125580222,
      -8.115264694206653e-05,
      -0.0001044142690978675,
      -9.816298755114217e-05,
      -9.882241643044061e-05,
      -9.486368611267357e-05,
      -0.00011329670066277602,
      -9.486010697704616e-05,
      -9.929621272636162e-05,
      -9.983691193806781e-05,
      -0.00010253668559167226,
      -9.430178950886545e-05,
      -9.615171204379683e-05,
      -9.595635791475228e-05,
      -9.289501150536194e-05,
      -7.31714088421892e-05,
      -0.00010525958351987659,
      3.849078475097746e-05
    ],
    [
      -8.11526469420663e-05,
      0.0004825595638098457,
      8.391065805655326e-05,
      7.65786984571936e-05,
      8.428158073864699e-05,
      7.013465535583082e-05,
      8.7765527584409e-05,
      6.84383053250952e-05,
      7.925215771592128e-05,
      8.271382022068885e-05,
      0.00010114507661229834,
      7.576094333716837e-05,
      7.621639294833024e-05,
      8.388952945387412e-05,
      8.197591383813575e-05,
      5.1227619692493456e-05,
      8.658647967447039e-05,
      -3.3208194813116072e-09
    ],
    [
      -0.00010441426909786729,
      8.391065805655338e-05,
      0.00032875251031394467,
      8.63008935884185e-05,
      0.00010014069572305822,
      0.00011335928134633743,
      9.840769203484574e-05,
      0.00013754044830221573,
      8.006411670744576e-05,
      0.00012355826320989115,
      0.00010693961352307589,
      0.00010664724789098165,
      0.00010681770212357611,
      0.0001444454783846911,
      0.00013811444254375907,
      9.732845042233894e-05,
      0.00011609768897197666,
      -1.793669466250317e-06
    ],
    [
      -9.816298755114173e-05,
      7.657869845719354e-05,
      8.630089358841824e-05,
      0.00024554847506821876,
      0.00012858907356738601,
      8.322629345272312e-05,
      0.0001144020852535499,
      8.99416826756558e-05,
      0.00010587455425949356,
      9.494228103677853e-05,
      8.976430933858626e-05,
      9.012578267869389e-05,
      9.335271050324369e-05,
      9.231662629350739e-05,
      8.871778848318509e-05,
      6.306524467546547e-05,
      0.0001110140333494246,
      1.0955995977388868e-07
    ],
    [
      -9.882241643044001e-05,
      8.428158073864684e-05,
      0.00010014069572305786,
      0.0001285890735673859,
      0.0001954128404959101,
      8.488362763579318e-05,
      0.00011463807359111266,
      8.926005683530459e-05,
      6.746785172942818e-05,
      9.719194925039194e-05,
      9.354643472616138e-05,
      8.962111103543145e-05,
      9.242167105452246e-05,
      9.575821875125333e-05,
      8.983908440795878e-05,
      6.870305721046466e-05,
      0.00011846397904095075,
      3.8933829782185546e-08
    ],
    [
      -9.486368611267296e-05,
      7.013465535583071e-05,
      0.00011335928134633713,
      8.322629345272308e-05,
      8.488362763579323e-05,
      0.0008659663207553987,
      0.00010735914976875918,
      0.0001428960802099865,
      0.00010543679037342171,
      0.00010314804136193137,
      0.00010241639142425301,
      0.00010445827190256551,
      9.689007826608413e-05,
      0.00010051165384207169,
      0.00010348672015357443,
      6.51865265544292e-05,
      0.00013077910632782312,
      -2.9952668553859684e-06
    ],
    [
      -0.00011329670066277553,
      8.776552758440902e-05,
      9.840769203484559e-05,
      0.00011440208525355,
      0.0001146380735911129,
      0.00010735914976875932,
      0.0008363051438684621,
      0.00010628050686434239,
      0.00017758168997943167,
      0.00013738630359101892,
      0.0001288914902878404,
      0.0001661118805143666,
      0.0001390957895260802,
      0.00011388916953852938,
      0.0001166003168527285,
      6.760576970259189e-05,
      8.84901123834918e-05,
      -3.8542948676867995e-06
    ],
    [
      -9.486010697704592e-05,
      6.843830532509526e-05,
      0.00013754044830221565,
      8.994168267565595e-05,
      8.926005683530484e-05,
      0.0001428960802099867,
      0.00010628050686434247,
      0.0004974717214411391,
      0.00012884143894492642,
      0.00010433922070334678,
      9.887056928719266e-05,
      9.660924024197247e-05,
      9.842488971511963e-05,
      0.00011143100507913603,
      0.00012621165247223614,
      7.84853648462358e-05,
      0.00011390352433947423,
      -2.172942507193549e-06
    ],
    [
      -9.929621272636131e-05,
      7.925215771592133e-05,
      8.006411670744567e-05,
      0.00010587455425949366,
      6.746785172942841e-05,
      0.00010543679037342189,
      0.00017758168997943172,
      0.00012884143894492645,
      0.001287764803023755,
      0.00012017837726382542,
      0.00010756864193582558,
      0.0001156283940543207,
      0.0001226275997160612,
      0.00011390666667087607,
      0.00010457822140653986,
      0.0002254901469273275,
      4.675032698455399e-05,
      -4.241302556143789e-06
    ],
    [
      -9.983691193806769e-05,
      8.271382022068893e-05,
      0.0001235582632098911,
      9.494228103677867e-05,
      9.71919492503922e-05,
      0.00010314804136193158,
      0.00013738630359101903,
      0.0001043392207033468,
      0.00012017837726382546,
      0.00026499842284352095,
      0.00010830773600665634,
      0.00016865306753790235,
      0.0001521601026992348,
      0.0001340794122433151,
      0.0001111721809104306,
      8.054327699547773e-05,
      0.00011277616298161416,
      -2.013820341617578e-06
    ],
    [
      -0.00010253668559167189,
      0.0001011450766122983,
      0.00010693961352307571,
      8.976430933858627e-05,
      9.354643472616152e-05,
      0.0001024163914242531,
      0.00012889149028784042,
      9.887056928719255e-05,
      0.00010756864193582547,
      0.00010830773600665622,
      0.0013301624145800972,
      9.366661723520877e-05,
      0.00010179408581822488,
      0.00010459870930653377,
      0.00010292744823926565,
      8.697179149089574e-05,
      0.00011148379591783558,
      -3.954072074687192e-06
    ],
    [
      -9.430178950886546e-05,
      7.576094333716852e-05,
      0.00010664724789098168,
      9.012578267869415e-05,
      8.96211110354318e-05,
      0.00010445827190256579,
      0.00016611188051436678,
      9.660924024197255e-05,
      0.00011562839405432084,
      0.00016865306753790243,
      9.366661723520896e-05,
      0.0008168894848623284,
      0.00012628127279052891,
      0.00011256542249817954,
      9.508131789214298e-05,
      7.4839104131214e-05,
      9.58137393960461e-05,
      -1.7338934954219658e-06
    ],
    [
      -9.615171204379648e-05,
      7.621639294833021e-05,
      0.00010681770212357593,
      9.335271050324376e-05,
      9.242167105452262e-05,
      9.689007826608422e-05,
      0.00013909578952608014,
      9.842488971511955e-05,
      0.00012262759971606114,
      0.00015216010269923473,
      0.00010179408581822489,
      0.00012628127279052875,
      0.0005217632774965981,
      0.00011019096706526802,
      0.00010082083210499987,
      8.116692925950431e-05,
      0.00010421414674351347,
      -1.922738783423169e-06
    ],
    [
      -9.595635791475189e-05,
      8.388952945387416e-05,
      0.00014444547838469098,
      9.231662629350751e-05,
      9.575821875125358e-05,
      0.00010051165384207183,
      0.00011388916953852941,
      0.000111431005079136,
      0.00011390666667087605,
      0.00013407941224331503,
      0.00010459870930653383,
      0.00011256542249817942,
      0.00011019096706526806,
      0.0002919353982215291,
      0.00010806796356382824,
      8.214030380598713e-05,
      0.00010966870765834302,
      -1.152280185267099e-06
    ],
    [
      -9.289501150536158e-05,
      8.197591383813578e-05,
      0.00013811444254375893,
      8.871778848318517e-05,
      8.983908440795895e-05,
      0.00010348672015357457,
      0.0001166003168527285,
      0.0001262116524722361,
      0.0001045782214065398,
      0.00011117218091043052,
      0.00010292744823926569,
      9.508131789214282e-05,
