{
  "H0_eff": {
    "mean": 68.92556826583312,
    "sd_lin": 0.28962576841757337
  },
  "anchor": {
    "H0": 67.4,
    "rd_Mpc": 147.09
  },
  "delta_lnH0": {
    "mean": 0.022382183655952327,
    "sd": 0.004202007697644806
  },
  "delta_mu_equiv_mag": {
    "mean": -0.04860229427362622,
    "sd": 0.009124543780010635
  }
}