{
  "H0_eff": {
    "mean": 68.217533958766,
    "sd_lin": 0.31341558536010916
  },
  "anchor": {
    "H0": 67.4,
    "rd_Mpc": 147.09
  },
  "calibrator_offset_equiv_H0": {
    "mean": 62.55481563320904,
    "sd_lin": 1.7770660523105766
  },
  "calibrator_offset_equiv_delta_lnH0": {
    "mean": -0.07460179542829473,
    "sd": 0.028408141472759284
  },
  "calibrator_offset_mag": {
    "mean": 0.1619957404729182,
    "sd": 0.06168749541373137
  },
  "delta_lnH0": {
    "mean": 0.012056610057187642,
    "sd": 0.00459435525109355
  },
  "delta_mu_equiv_mag": {
    "mean": -0.026180596091479207,
    "sd": 0.009976515667265788
  }
}