{
  "edges": [
    44672.6,
    53410.4,
    54131.12,
    54885.0,
    57269.22,
    59385.6
  ],
  "mc": {
    "chi2_const": [
      0.7158994276099504,
      0.6897214327308564,
      1.296090891140928,
      0.3383299079184753,
      1.3281059760233376,
      1.0903518524457332,
      4.437642188972664,
      2.1334099961583965,
      2.3253321212806655,
      1.0105216108993011,
      2.661244736658944,
      0.6995511227552779,
      0.8076539458850248,
      0.39258021288797246,
      1.253590360349276,
      2.1265587099176577,
      0.700187842228631,
      0.11076757224182802,
      1.8624709499040648,
      2.983297823967158,
      1.6032427641189033,
      0.6171018479706802,
      0.3748304477678894,
      1.34706547075759,
      0.6858354878094934,
      2.0245469922370973,
      0.48756024600849873,
      0.8165327491953739,
      1.165400969789221,
      3.7663518635186937,
      1.9108875445851718,
      1.2080977570963678,
      1.1081647933034888,
      1.425426831507653,
      0.4928333270593992,
      1.547684602016129,
      0.11333335695150873,
      1.3864700759776867,
      0.302509140342376,
      0.7152081029670765,
      2.127155030494451,
      1.8985142578107825,
      1.4175943677855,
      1.0095614339890933,
      0.6931490891840562,
      0.4058775259188421,
      1.731632071014372,
      1.1370074217177824,
      1.397270626929319,
      2.691897447427843,
      1.4312807673364198,
      3.259948295786831,
      0.6495457753526067,
      1.3060672044748352,
      0.29155422166522615,
      0.9011051223180744,
      2.591953625839487,
      4.301398876876949,
      1.3617092001737787,
      1.6787475969090895,
      0.28182182544587425,
      1.1709331819742554,
      1.2705145827348578,
      0.3126245821140641,
      0.062264278168301455,
      1.9774270236657974,
      0.20830120991808365,
      0.5984022844690844,
      0.9244640959753199,
      1.2006878097374452,
      0.9999934497406368,
      2.1090663615251097,
      1.1738684138908637,
      2.6164896684850825,
      0.6304686945863174,
      0.7395652415181986,
      0.7533462157363007,
      0.4564688423753206,
      0.648716442426538,
      0.9547789857024318,
      1.0798844683274347,
      0.7170181495463558,
      0.46311417824866563,
      1.2207858581828972,
      3.3986675870483207,
      0.6876604004171024,
      0.3800137765524067,
      3.4458038106008324,
      1.921673232626922,
      1.4421131534923688,
      1.8562934637884088,
      1.463204130659662,
      1.0881584941817513,
      3.2081869435626547,
      0.6695086416493286,
      0.9156601095645617,
      0.44360531133981496,
      0.8261401439112872,
      2.0129544649023305,
      1.417019190893858,
      1.3712106310300396,
      0.9330138043998962,
      0.7148164897199399,
      1.4270353722108635,
      1.2179903005336907,
      0.8022613734705588,
      1.3809846267711547,
      0.706621947698731,
      0.2408948161374412,
      0.8103042149095521,
      3.0546340883702845,
      0.9722240168027069,
      0.684475829077385,
      1.345468891368992,
      0.3189301931896114,
      2.678879662444852,
      2.029836760658012,
      1.7403196462353472,
      3.8836436626809396,
      1.0699744062053065,
      1.2167232217569497,
      1.4912505796596627,
      0.5715073871501607,
      1.0099554890017794,
      0.9090750623573527,
      0.28508418668673796,
      1.444045587488187,
      2.302996586134327,
      1.1089389817117024,
      2.0953431001735767,
      0.9911502431046013,
      3.70268073481538,
      1.4600736470028588,
      1.3555970300137707,
      0.4828725910882496,
      0.8157703357869076,
      1.5463836978495622,
      1.3273025151171391,
      0.6495965567907325,
      1.4228797088087104,
      1.1346633376235526,
      0.163332735692988,
      0.20491784834650925,
      0.3354138077514533,
      1.0783789681665858,
      1.524730297814078,
      0.4865539333562666,
      2.5066678290019775,
      0.41388339004409525,
      0.9338474773856613,
      0.6909835135072144,
      0.631439638043675,
      0.3389383723497158,
      0.8929234080185466,
      0.4806438472986309,
      2.837487096935951,
      1.1774091635113482,
      0.7039009649477024,
      0.2223023696487259,
      0.25890508740846674,
      2.8529199298930243,
      0.6339070096967347,
      2.2467824262816807,
      1.4783314807034484,
      2.2971411068949896,
      2.4677431029382695,
      1.5416376877394253,
      1.2976277877844198,
      1.539705762365136,
      0.4278978438800697,
      0.297955815422553,
      3.0797207126989186,
      0.5125930703260816,
      2.327085233848048,
      0.9131487731638376,
      1.0499334693335347,
      0.6295078345353875,
      2.9305729121470954,
      1.3737808053394633,
      2.039101927100237,
      2.688059272465447,
      1.5732484559403446,
      0.5476554626061553,
      1.9647265987956875,
      0.5656409836176235,
      3.2204630898532387,
      1.3403859695559488,
      0.24727339448606028,
      1.362803527254107,
      0.4303920711399588,
      2.4648091342518557,
      1.7309146304893939,
      1.002999570269851,
      0.5478950619532983,
      1.2013810641958056,
      1.9264294766035646,
      0.6719630217230301,
      1.0708642367497239,
      0.837602933212033,
      1.788719215886911
    ],