{
  "cal_survey_offset_150": 0.018964704057801693,
  "cal_survey_offset_18": 0.01982435370951598,
  "cal_survey_offset_5": 0.01861934477901948,
  "cal_survey_offset_50": 0.018648324321504064,
  "cal_survey_offset_51": 0.019372274001778936,
  "cal_survey_offset_56": 0.01842254054141285,
  "cal_survey_offset_57": 0.018733526096279898,
  "cal_survey_offset_62": 0.019248506435565332,
  "cal_survey_offset_63": 0.018659180046293567,
  "cal_survey_offset_64": 0.018622835444689942,
  "calibrator_offset_mag": 0.018730056059713222,
  "pkmjd_bin_offset_1": 0.01823677603086686,
  "pkmjd_bin_offset_2": 0.0187,
  "pkmjd_bin_offset_3": 0.018611824198610946,
  "pkmjd_bin_offset_4": 0.019564508682816444,
  "survey_offset_1": 0.00299833287011299,
  "survey_offset_15": 0.002745906043549196,
  "survey_offset_150": 0.0015491933384829666,
  "survey_offset_18": 0.01982435370951598,
  "survey_offset_5": 0.0024392621835300937,
  "survey_offset_50": 0.01811339283513721,
  "survey_offset_51": 0.002565151067676132,
  "survey_offset_56": 0.016661332479726825,
  "survey_offset_57": 0.002687005768508881,
  "survey_offset_61": 0.0048574684764803155,
  "survey_offset_62": 0.012959166639873107,
  "survey_offset_63": 0.0011269427669584645,
  "survey_offset_64": 0.0022847319317591723,
  "survey_offset_65": 0.001118033988749895
}
