{
  "cal_survey_offset_150": 0.01898762755059199,
  "cal_survey_offset_18": 0.019665070556700276,
  "cal_survey_offset_5": 0.018756598838808702,
  "cal_survey_offset_50": 0.018589109715099323,
  "cal_survey_offset_51": 0.019353165115815037,
  "cal_survey_offset_56": 0.018384368360104188,
  "cal_survey_offset_57": 0.018812628737101045,
  "cal_survey_offset_62": 0.019967097936355198,
  "cal_survey_offset_63": 0.018738596532291315,
  "cal_survey_offset_64": 0.018950461735799472,
  "calibrator_offset_mag": 0.018855635762286035,
  "pkmjd_bin_offset_1": 0.01882817038376273,
  "pkmjd_bin_offset_2": 0.019062528688503003,
  "pkmjd_bin_offset_3": 0.01846347746227671,
  "pkmjd_bin_offset_4": 0.019312431229651022,
  "survey_offset_1": 0.002569046515733026,
  "survey_offset_15": 0.002929163703175362,
  "survey_offset_150": 0.002097617696340303,
  "survey_offset_18": 0.016909612650797178,
  "survey_offset_5": 0.0029732137494637013,
  "survey_offset_50": 0.003994996871087636,
  "survey_offset_51": 0.0030116440692751194,
  "survey_offset_56": 0.005253570214625479,
  "survey_offset_57": 0.0036633318168028403,
  "survey_offset_61": 0.0025641762809916167,
  "survey_offset_62": 0.005760208329565867,
  "survey_offset_63": 0.00378549864614954,
  "survey_offset_64": 0.0024166091947189143,
  "survey_offset_65": 0.0027964262908219124,
  "survey_offset_66": 0.0029563490998188962
}
