{
  "cal_survey_offset_150": 0.01916337652920278,
  "cal_survey_offset_18": 0.019987621169113647,
  "cal_survey_offset_5": 0.018614241859393574,
  "cal_survey_offset_50": 0.018697192302589177,
  "cal_survey_offset_51": 0.019458802635311353,
  "cal_survey_offset_56": 0.018136013895010114,
  "cal_survey_offset_57": 0.018673912284253667,
  "cal_survey_offset_62": 0.019023275217480297,
  "cal_survey_offset_63": 0.018678061997969703,
  "cal_survey_offset_64": 0.0182,
  "calibrator_offset_mag": 0.018726318378154312,
  "pkmjd_bin_offset_1": 0.0185129684275645,
  "pkmjd_bin_offset_2": 0.019196093352554837,
  "pkmjd_bin_offset_3": 0.018787761974221412,
  "pkmjd_bin_offset_4": 0.01972320967794035,
  "survey_offset_1": 0.0031080540535840108,
  "survey_offset_15": 0.003666060555964672,
  "survey_offset_150": 0.003591656999213594,
  "survey_offset_18": 0.018399592386789444,
  "survey_offset_5": 0.004014971979976947,
  "survey_offset_50": 0.0042473521163190605,
  "survey_offset_51": 0.0037669616403674727,
  "survey_offset_56": 0.004682947789587238,
  "survey_offset_57": 0.00428485705712571,
  "survey_offset_61": 0.003666060555964672,
  "survey_offset_62": 0.004806245936279166,
  "survey_offset_63": 0.004511097427455984,
  "survey_offset_64": 0.003531288716601915,
  "survey_offset_65": 0.0034677081768799407,
  "survey_offset_66": 0.0027712812921102037
}
