{
  "biascor_m_b_linear_mag": 0.025832907981664117,
  "c_linear_mag": 0.025970785963855967,
  "host_mass_step_mag": 0.03728820553472639,
  "mwebv_linear_mag": 0.020837561079303332,
  "pkmjd_err_linear_mag": 0.04497067831994139,
  "x1_linear_mag": 0.028797665892737506
}
