{
  "cal_survey_offset_150": 0.018964704057801693,
  "cal_survey_offset_18": 0.01982435370951598,
  "cal_survey_offset_5": 0.018678061997969703,
  "cal_survey_offset_50": 0.018648324321504064,
  "cal_survey_offset_51": 0.019372274001778936,
  "cal_survey_offset_56": 0.01842254054141285,
  "cal_survey_offset_57": 0.018733526096279898,
  "cal_survey_offset_62": 0.019248506435565332,
  "cal_survey_offset_63": 0.018659180046293567,
  "cal_survey_offset_64": 0.018622835444689942,
  "calibrator_offset_mag": 0.018730456481356773,
  "pkmjd_bin_offset_1": 0.01823677603086686,
  "pkmjd_bin_offset_2": 0.0187,
  "pkmjd_bin_offset_3": 0.018611824198610946,
  "pkmjd_bin_offset_4": 0.019564508682816444,
  "survey_offset_1": 0.0031622776601683794,
  "survey_offset_15": 0.0031622776601683794,
  "survey_offset_150": 0.007745966692414834,
  "survey_offset_18": 0.01982435370951598,
  "survey_offset_5": 0.01,
  "survey_offset_50": 0.01834420889545254,
  "survey_offset_51": 0.01332216198670471,
  "survey_offset_56": 0.018213456563760763,
  "survey_offset_57": 0.01341640786499874,
  "survey_offset_61": 0.010488088481701515,
  "survey_offset_62": 0.018349114420047635,
  "survey_offset_63": 0.011832159566199232,
  "survey_offset_64": 0.007745966692414834,
  "survey_offset_65": 0.00894427190999916,
  "survey_offset_66": 0.005477225575051661
}
