{
  "cal_survey_offset_150": 0.021002856948520124,
  "cal_survey_offset_18": 0.028587234913506412,
  "cal_survey_offset_5": 0.02242275629801118,
  "cal_survey_offset_50": 0.020518284528683192,
  "cal_survey_offset_51": 0.02951118432052499,
  "cal_survey_offset_56": 0.021820174151459013,
  "cal_survey_offset_57": 0.02066264745863898,
  "cal_survey_offset_62": 0.034068166959788135,
  "cal_survey_offset_63": 0.012803710399723979,
  "cal_survey_offset_64": 0.024044542000212856,
  "calibrator_offset_mag": 0.02189657507465494,
  "pkmjd_bin_offset_1": 0.02229080527930743,
  "pkmjd_bin_offset_2": 0.03319020939976125,
  "pkmjd_bin_offset_3": 0.023703586226560738,
  "pkmjd_bin_offset_4": 0.024562369592529137,
  "survey_offset_1": 0.01723484841824842,
  "survey_offset_15": 0.02472933480706669,
  "survey_offset_150": 0.02147708080722331,
  "survey_offset_18": 0.017646104385954424,
  "survey_offset_5": 0.01672826948611242,
  "survey_offset_50": 0.017578964702166053,
  "survey_offset_51": 0.019284579331683645,
  "survey_offset_56": 0.017349927953740903,
  "survey_offset_57": 0.015069505632236248,
  "survey_offset_61": 0.013756089560627323,
  "survey_offset_62": 0.014715128269913245,
  "survey_offset_63": 0.01397712416772492,
  "survey_offset_64": 0.015254179755070412,
  "survey_offset_65": 0.016550830794857398,
  "survey_offset_66": 0.013889384435604049
}
