{
  "cal_survey_offset_150": 0.018882266813070935,
  "cal_survey_offset_18": 0.01979115964262832,
  "cal_survey_offset_5": 0.01865368596283319,
  "cal_survey_offset_50": 0.018682612237050793,
  "cal_survey_offset_51": 0.018495269665511772,
  "cal_survey_offset_56": 0.018194779471046082,
  "cal_survey_offset_57": 0.018743665596675587,
  "cal_survey_offset_62": 0.019261879451393106,
  "cal_survey_offset_63": 0.018648458381324715,
  "cal_survey_offset_64": 0.018612227163883423,
  "calibrator_offset_mag": 0.018702539934458102,
  "pkmjd_bin_offset_1": 0.018219769482625187,
  "pkmjd_bin_offset_2": 0.018700534751712315,
  "pkmjd_bin_offset_3": 0.01828277878223111,
  "pkmjd_bin_offset_4": 0.019400773180468865,
  "survey_offset_1": 0.001606237840420901,
  "survey_offset_15": 0.0011423659658795862,
  "survey_offset_150": 0.0010954451150103322,
  "survey_offset_18": 0.015975762892582,
  "survey_offset_5": 0.0012288205727444507,
  "survey_offset_50": 0.0018520259177452136,
  "survey_offset_51": 0.0026739483914241875,
  "survey_offset_56": 0.002836370920736567,
  "survey_offset_57": 0.001212435565298214,
  "survey_offset_61": 0.0021071307505705476,
  "survey_offset_62": 0.001282575533838066,
  "survey_offset_63": 0.0012288205727444507,
  "survey_offset_64": 0.0010392304845413265,
  "survey_offset_65": 0.0015066519173319362,
  "survey_offset_66": 0.0001414213562373095
}
