{
  "biascor_m_b_linear_mag": 0.025832907981664117,
  "c_linear_mag": 0.025970785963855967,
  "cal_survey_offset_1": 0.01,
  "cal_survey_offset_15": 0.01,
  "cal_survey_offset_150": 0.01923603389475076,
  "cal_survey_offset_18": 0.019984118694603474,
  "cal_survey_offset_5": 0.030732718721258618,
  "cal_survey_offset_50": 0.029961058058753532,
  "cal_survey_offset_51": 0.019014205216100935,
  "cal_survey_offset_56": 0.0527176915276077,
  "cal_survey_offset_57": 0.018869022232219666,
  "cal_survey_offset_61": 0.01,
  "cal_survey_offset_62": 0.020671477934584164,
  "cal_survey_offset_63": 0.01895837545782866,
  "cal_survey_offset_64": 0.019243830180086293,
  "cal_survey_offset_65": 0.01,
  "cal_survey_offset_66": 0.01,
  "calibrator_offset_mag": 0.028,
  "hf_survey_offset_1": 0.01,
  "hf_survey_offset_15": 0.01,
  "hf_survey_offset_150": 0.01,
  "hf_survey_offset_18": 0.01,
  "hf_survey_offset_5": 0.014881986354745884,
  "hf_survey_offset_50": 0.01,
  "hf_survey_offset_51": 0.012158503102087471,
  "hf_survey_offset_56": 0.01,
  "hf_survey_offset_57": 0.012158503102087471,
  "hf_survey_offset_61": 0.01,
  "hf_survey_offset_62": 0.01,
  "hf_survey_offset_63": 0.01,
  "hf_survey_offset_64": 0.01,
  "hf_survey_offset_65": 0.01,
  "hf_survey_offset_66": 0.01,
  "host_mass_step_mag": 0.03728820553472639,
  "mwebv_linear_mag": 0.020837561079303332,
  "pkmjd_bin_offset_1": 0.019040220586957497,
  "pkmjd_bin_offset_2": 0.024039758734230258,
  "pkmjd_bin_offset_3": 0.021919169692303585,
  "pkmjd_bin_offset_4": 0.02179908254950194,
  "pkmjd_err_linear_mag": 0.04497067831994139,
  "survey_offset_1": 0.005579426493825329,
  "survey_offset_15": 0.012600793625799925,
  "survey_offset_150": 0.013287588193498472,
  "survey_offset_18": 0.01742067736914957,
  "survey_offset_5": 0.022102714765385723,
  "survey_offset_50": 0.02300956322923145,
  "survey_offset_51": 0.006629856710367125,
  "survey_offset_56": 0.05175442010108895,
  "survey_offset_57": 0.004751841748206688,
  "survey_offset_61": 0.0032155870381627054,
  "survey_offset_62": 0.005670097000933935,
  "survey_offset_63": 0.004465422712353221,
  "survey_offset_64": 0.003670149860700514,
  "survey_offset_65": 0.003823610858861032,
  "survey_offset_66": 0.022804166286010105,
  "survey_pkmjd_bin_offset_150_1": 0.01,
  "survey_pkmjd_bin_offset_150_2": 0.01,
  "survey_pkmjd_bin_offset_150_3": 0.01,
  "survey_pkmjd_bin_offset_150_4": 0.01923603389475076,
  "survey_pkmjd_bin_offset_15_1": 0.01,
  "survey_pkmjd_bin_offset_15_2": 0.01,
  "survey_pkmjd_bin_offset_15_3": 0.01,
  "survey_pkmjd_bin_offset_15_4": 0.01,
  "survey_pkmjd_bin_offset_18_1": 0.01,
  "survey_pkmjd_bin_offset_18_2": 0.01,
  "survey_pkmjd_bin_offset_18_3": 0.01,
  "survey_pkmjd_bin_offset_18_4": 0.019984118694603474,
  "survey_pkmjd_bin_offset_1_1": 0.01,
  "survey_pkmjd_bin_offset_1_2": 0.01,
  "survey_pkmjd_bin_offset_1_3": 0.01,
  "survey_pkmjd_bin_offset_1_4": 0.01,
  "survey_pkmjd_bin_offset_50_1": 0.01,
  "survey_pkmjd_bin_offset_50_2": 0.01,
  "survey_pkmjd_bin_offset_50_3": 0.01,
  "survey_pkmjd_bin_offset_50_4": 0.01,
  "survey_pkmjd_bin_offset_51_1": 0.012158503102087471,
  "survey_pkmjd_bin_offset_51_2": 0.012158503102087471,
  "survey_pkmjd_bin_offset_51_3": 0.018229371903606552,
  "survey_pkmjd_bin_offset_51_4": 0.012158503102087471,
  "survey_pkmjd_bin_offset_56_1": 0.01,
  "survey_pkmjd_bin_offset_56_2": 0.01,
  "survey_pkmjd_bin_offset_56_3": 0.05130516543195236,
  "survey_pkmjd_bin_offset_56_4": 0.01,
  "survey_pkmjd_bin_offset_57_1": 0.012158503102087471,
  "survey_pkmjd_bin_offset_57_2": 0.012158503102087471,
  "survey_pkmjd_bin_offset_57_3": 0.012158503102087471,
  "survey_pkmjd_bin_offset_57_4": 0.012158503102087471,
  "survey_pkmjd_bin_offset_5_1": 0.03274110566245435,
  "survey_pkmjd_bin_offset_5_2": 0.014881986354745884,
  "survey_pkmjd_bin_offset_5_3": 0.02605599739023628,
  "survey_pkmjd_bin_offset_5_4": 0.014881986354745884,
  "survey_pkmjd_bin_offset_61_1": 0.01,
  "survey_pkmjd_bin_offset_61_2": 0.01,
  "survey_pkmjd_bin_offset_61_3": 0.01,
  "survey_pkmjd_bin_offset_61_4": 0.01,
  "survey_pkmjd_bin_offset_62_1": 0.01,
  "survey_pkmjd_bin_offset_62_2": 0.01,
  "survey_pkmjd_bin_offset_62_3": 0.01,
  "survey_pkmjd_bin_offset_62_4": 0.01,
  "survey_pkmjd_bin_offset_63_1": 0.01,
  "survey_pkmjd_bin_offset_63_2": 0.01,
  "survey_pkmjd_bin_offset_63_3": 0.01,
  "survey_pkmjd_bin_offset_63_4": 0.01,
  "survey_pkmjd_bin_offset_64_1": 0.01,
  "survey_pkmjd_bin_offset_64_2": 0.01,
  "survey_pkmjd_bin_offset_64_3": 0.01,
  "survey_pkmjd_bin_offset_64_4": 0.01,
  "survey_pkmjd_bin_offset_65_1": 0.01,
  "survey_pkmjd_bin_offset_65_2": 0.01,
  "survey_pkmjd_bin_offset_65_3": 0.01,
  "survey_pkmjd_bin_offset_65_4": 0.01,
  "survey_pkmjd_bin_offset_66_1": 0.01,
  "survey_pkmjd_bin_offset_66_2": 0.01,
  "survey_pkmjd_bin_offset_66_3": 0.01,
  "survey_pkmjd_bin_offset_66_4": 0.01,
  "x1_linear_mag": 0.028797665892737506
}
