{
  "cal_survey_offset_150": 0.019008550707510556,
  "cal_survey_offset_18": 0.019861772327765717,
  "cal_survey_offset_5": 0.02442498720572848,
  "cal_survey_offset_50": 0.018681809334215996,
  "cal_survey_offset_51": 0.01939858242243489,
  "cal_survey_offset_56": 0.01816590212458495,
  "cal_survey_offset_57": 0.018786032045112665,
  "cal_survey_offset_62": 0.019322913858939597,
  "cal_survey_offset_63": 0.018690371852908654,
  "cal_survey_offset_64": 0.01867404616037992,
  "calibrator_offset_mag": 0.01870534682918229,
  "pkmjd_bin_offset_1": 0.018324982946786063,
  "pkmjd_bin_offset_2": 0.018770455508591154,
  "pkmjd_bin_offset_3": 0.018377295774950134,
  "pkmjd_bin_offset_4": 0.01942524131124244,
  "survey_offset_1": 0.0011532562594670796,
  "survey_offset_15": 0.0010488088481701515,
  "survey_offset_150": 0.0009486832980505138,
  "survey_offset_18": 0.01575610992599379,
  "survey_offset_5": 0.016173435009298427,
  "survey_offset_50": 0.0012,
  "survey_offset_51": 0.0011467344941179715,
  "survey_offset_56": 0.00156684396159924,
  "survey_offset_57": 0.0010770329614269007,
  "survey_offset_61": 0.0012206555615733702,
  "survey_offset_62": 0.001466287829861518,
  "survey_offset_63": 0.0009797958971132711,
  "survey_offset_64": 0.0011958260743101397,
  "survey_offset_65": 0.000848528137423857,
  "survey_offset_66": 0.0007483314773547883
}
