{
  "cal_survey_offset_150": 0.021383989337820014,
  "cal_survey_offset_18": 0.022648399501951567,
  "cal_survey_offset_5": 0.02313611894851857,
  "cal_survey_offset_50": 0.01984389074753235,
  "cal_survey_offset_51": 0.018157367650626012,
  "cal_survey_offset_56": 0.019229404566964627,
  "cal_survey_offset_57": 0.019379628479411052,
  "cal_survey_offset_62": 0.018727252868480204,
  "cal_survey_offset_63": 0.017134759992483116,
  "cal_survey_offset_64": 0.018657840175111372,
  "calibrator_offset_mag": 0.019663290670688872,
  "pkmjd_bin_offset_1": 0.017949373248110922,
  "pkmjd_bin_offset_2": 0.021161521684415797,
  "pkmjd_bin_offset_3": 0.01960459129897892,
  "pkmjd_bin_offset_4": 0.021851086929487055,
  "survey_offset_1": 0.012095660378830086,
  "survey_offset_15": 0.022495332849282314,
  "survey_offset_150": 0.01955620106257859,
  "survey_offset_18": 0.01826102406766937,
  "survey_offset_5": 0.011591807451816994,
  "survey_offset_50": 0.013529966740535618,
  "survey_offset_51": 0.013843590574702793,
  "survey_offset_56": 0.016423915489310093,
  "survey_offset_57": 0.012470765814495917,
  "survey_offset_61": 0.005962382074305537,
  "survey_offset_62": 0.00913537081896515,
  "survey_offset_63": 0.01217374223482656,
  "survey_offset_64": 0.010893805579318919,
  "survey_offset_65": 0.009773433378296493,
  "survey_offset_66": 0.010787724505195708
}
