{
  "survey_offset_1": 0.002788075423188689,
  "survey_offset_10": 0.0024256994632497245,
  "survey_offset_100": 0.01,
  "survey_offset_101": 0.01,
  "survey_offset_106": 0.01,
  "survey_offset_15": 0.002272342145671854,
  "survey_offset_150": 0.002272342145671854,
  "survey_offset_18": 0.007612315362757858,
  "survey_offset_4": 0.0029099070746622497,
  "survey_offset_5": 0.004051390662760063,
  "survey_offset_50": 0.01,
  "survey_offset_51": 0.0028598773964593222,
  "survey_offset_56": 0.007854331285683925,
  "survey_offset_57": 0.0028598773964593222,
  "survey_offset_61": 0.01,
  "survey_offset_62": 0.01,
  "survey_offset_63": 0.005552522750373665,
  "survey_offset_64": 0.005435696193352983,
  "survey_offset_65": 0.005077066071301967,
  "survey_offset_66": 0.005208378671394337
}
