{
  "cal_survey_offset_150": 0.0190571508888396,
  "cal_survey_offset_18": 0.019894471593887585,
  "cal_survey_offset_5": 0.018497026788108408,
  "cal_survey_offset_50": 0.01880186160995767,
  "cal_survey_offset_51": 0.01927705890430384,
  "cal_survey_offset_56": 0.018725650856512305,
  "cal_survey_offset_57": 0.01892392665384222,
  "cal_survey_offset_62": 0.019343991315134527,
  "cal_survey_offset_63": 0.018721111078138498,
  "cal_survey_offset_64": 0.018723648148798355,
  "calibrator_offset_mag": 0.018839851379456263,
  "pkmjd_bin_offset_1": 0.018328938867266702,
  "pkmjd_bin_offset_2": 0.018919038030513074,
  "pkmjd_bin_offset_3": 0.018407878747970934,
  "pkmjd_bin_offset_4": 0.019624856687374816,
  "survey_offset_1": 0.0005099019513592785,
  "survey_offset_15": 0.0019595917942265423,
  "survey_offset_150": 0.0018761663039293718,
  "survey_offset_18": 0.019894471593887585,
  "survey_offset_5": 0.0018138357147217054,
  "survey_offset_50": 0.0030789608636681304,
  "survey_offset_51": 0.0021714050750608464,
  "survey_offset_56": 0.0058172158288995945,
  "survey_offset_57": 0.0022891046284519195,
  "survey_offset_61": 0.0025298221281347035,
  "survey_offset_62": 0.0020493901531919195,
  "survey_offset_63": 0.001764936259472279,
  "survey_offset_64": 0.0017888543819998318,
  "survey_offset_65": 0.0017378147196982767,
  "survey_offset_66": 0.0023021728866442675
}
