{
  "cal_survey_offset_150": 0.018964704057801693,
  "cal_survey_offset_18": 0.01982435370951598,
  "cal_survey_offset_5": 0.018450745242401458,
  "cal_survey_offset_50": 0.01867002945900193,
  "cal_survey_offset_51": 0.01938156340443154,
  "cal_survey_offset_56": 0.018196702998070833,
  "cal_survey_offset_57": 0.01874259853915673,
  "cal_survey_offset_62": 0.019234474258476627,
  "cal_survey_offset_63": 0.018671234560146258,
  "cal_survey_offset_64": 0.0186566342087741,
  "calibrator_offset_mag": 0.018702673605663977,
  "pkmjd_bin_offset_1": 0.018258970398135815,
  "pkmjd_bin_offset_2": 0.01871924143762241,
  "pkmjd_bin_offset_3": 0.018382056468197457,
  "pkmjd_bin_offset_4": 0.019562208464281326,
  "survey_offset_1": 0.001469693845669907,
  "survey_offset_15": 0.0025278449319529077,
  "survey_offset_150": 0.000848528137423857,
  "survey_offset_18": 0.016926901665691805,
  "survey_offset_5": 0.0009486832980505138,
  "survey_offset_50": 0.0012727922061357855,
  "survey_offset_51": 0.0010392304845413265,
  "survey_offset_56": 0.001697056274847714,
  "survey_offset_57": 0.0012727922061357855,
  "survey_offset_61": 0.0012727922061357855,
  "survey_offset_62": 0.0007348469228349535,
  "survey_offset_63": 0.000848528137423857,
  "survey_offset_64": 0.0009,
  "survey_offset_65": 0.0007348469228349535,
  "survey_offset_66": 0.0003
}
