{
  "cal_survey_offset_150": 0.016833894380089236,
  "cal_survey_offset_18": 0.016376049584683115,
  "cal_survey_offset_5": 0.018921680686450663,
  "cal_survey_offset_50": 0.019158288023724875,
  "cal_survey_offset_51": 0.020882049707823223,
  "cal_survey_offset_56": 0.018542518707014965,
  "cal_survey_offset_57": 0.018835073665903194,
  "cal_survey_offset_62": 0.02691077850973472,
  "cal_survey_offset_63": 0.019360655980622143,
  "cal_survey_offset_64": 0.019771064715892264,
  "calibrator_offset_mag": 0.019132694530567304,
  "pkmjd_bin_offset_1": 0.019358331539675623,
  "pkmjd_bin_offset_2": 0.025352514668174436,
  "pkmjd_bin_offset_3": 0.018700267377767622,
  "pkmjd_bin_offset_4": 0.020078844588272502,
  "survey_offset_1": 0.010880487121448193,
  "survey_offset_15": 0.01234564700613135,
  "survey_offset_150": 0.008249242389456138,
  "survey_offset_18": 0.016467392021810863,
  "survey_offset_5": 0.008602906485601247,
  "survey_offset_50": 0.00857146428563988,
  "survey_offset_51": 0.00972779522810796,
  "survey_offset_56": 0.014120552397126679,
  "survey_offset_57": 0.007550496672405068,
  "survey_offset_61": 0.006078239876806443,
  "survey_offset_62": 0.013298684145433337,
  "survey_offset_63": 0.014043503836293847,
  "survey_offset_64": 0.006378087487640789,
  "survey_offset_65": 0.008487048957087498,
  "survey_offset_66": 0.013896762212832167
}
