{
  "cal_survey_offset_150": 0.018788161166010897,
  "cal_survey_offset_18": 0.019835700138890987,
  "cal_survey_offset_5": 0.019527416623813812,
  "cal_survey_offset_50": 0.018818076416042103,
  "cal_survey_offset_51": 0.018889017973415134,
  "cal_survey_offset_56": 0.0181287065175649,
  "cal_survey_offset_57": 0.01870654965513416,
  "cal_survey_offset_62": 0.019021960992494966,
  "cal_survey_offset_63": 0.018626996537284266,
  "cal_survey_offset_64": 0.018738463117342362,
  "calibrator_offset_mag": 0.0187,
  "pkmjd_bin_offset_1": 0.018459956663004387,
  "pkmjd_bin_offset_2": 0.018743265457224895,
  "pkmjd_bin_offset_3": 0.018207690682785667,
  "pkmjd_bin_offset_4": 0.019058987381285503,
  "survey_offset_1": 0.0020445048300260873,
  "survey_offset_15": 0.002694438717061496,
  "survey_offset_150": 0.001928730152198591,
  "survey_offset_18": 0.016505756571572234,
  "survey_offset_5": 0.002598076211353316,
  "survey_offset_50": 0.00282842712474619,
  "survey_offset_51": 0.00506507650485163,
  "survey_offset_56": 0.00764198926981712,
  "survey_offset_57": 0.002853068523537421,
  "survey_offset_61": 0.0019078784028338912,
  "survey_offset_62": 0.0017663521732655693,
  "survey_offset_63": 0.001695582495781317,
  "survey_offset_64": 0.002716615541441225,
  "survey_offset_65": 0.005187484939737175,
  "survey_offset_66": 0.0018
}
