{
  "cal_survey_offset_150": 0.018781773079238284,
  "cal_survey_offset_18": 0.012445481107614923,
  "cal_survey_offset_5": 0.018689301752607024,
  "cal_survey_offset_50": 0.019148368076679537,
  "cal_survey_offset_51": 0.02705060073270093,
  "cal_survey_offset_56": 0.019629060089571278,
  "cal_survey_offset_57": 0.019629060089571278,
  "cal_survey_offset_62": 0.02891867908463317,
  "cal_survey_offset_63": 0.01936375480117428,
  "cal_survey_offset_64": 0.021914150679412606,
  "calibrator_offset_mag": 0.0196562967010574,
  "pkmjd_bin_offset_1": 0.021802293457340676,
  "pkmjd_bin_offset_2": 0.026368352242792874,
  "pkmjd_bin_offset_3": 0.019714968932260584,
  "pkmjd_bin_offset_4": 0.019887433217989695,
  "survey_offset_1": 0.013540679451194464,
  "survey_offset_15": 0.008979420916740678,
  "survey_offset_150": 0.006099590150165829,
  "survey_offset_18": 0.011957006314291216,
  "survey_offset_5": 0.012252346713997282,
  "survey_offset_50": 0.014454757002454244,
  "survey_offset_51": 0.013899280556920923,
  "survey_offset_56": 0.01362754563375225,
  "survey_offset_57": 0.009151229425601787,
  "survey_offset_61": 0.008434453153583817,
  "survey_offset_62": 0.011269649506528586,
  "survey_offset_63": 0.009655568341635825,
  "survey_offset_64": 0.010464702575802143,
  "survey_offset_65": 0.007939143530633515,
  "survey_offset_66": 0.010972237693378685
}
