{
  "cal_survey_offset_150": 0.01923603389475076,
  "cal_survey_offset_18": 0.019984118694603474,
  "cal_survey_offset_5": 0.030732718721258618,
  "cal_survey_offset_50": 0.029961058058753532,
  "cal_survey_offset_51": 0.019014205216100935,
  "cal_survey_offset_56": 0.0527176915276077,
  "cal_survey_offset_57": 0.018869022232219666,
  "cal_survey_offset_62": 0.020671477934584164,
  "cal_survey_offset_63": 0.01895837545782866,
  "cal_survey_offset_64": 0.019243830180086293,
  "calibrator_offset_mag": 0.019288338445807095,
  "pkmjd_bin_offset_1": 0.019040220586957497,
  "pkmjd_bin_offset_2": 0.024039758734230258,
  "pkmjd_bin_offset_3": 0.021919169692303585,
  "pkmjd_bin_offset_4": 0.02179908254950194,
  "survey_offset_1": 0.005579426493825329,
  "survey_offset_15": 0.012600793625799925,
  "survey_offset_150": 0.013287588193498472,
  "survey_offset_18": 0.01742067736914957,
  "survey_offset_5": 0.022102714765385723,
  "survey_offset_50": 0.02300956322923145,
  "survey_offset_51": 0.006629856710367125,
  "survey_offset_56": 0.05175442010108895,
  "survey_offset_57": 0.004751841748206688,
  "survey_offset_61": 0.0032155870381627054,
  "survey_offset_62": 0.005670097000933935,
  "survey_offset_63": 0.004465422712353221,
  "survey_offset_64": 0.003670149860700514,
  "survey_offset_65": 0.003823610858861032,
  "survey_offset_66": 0.022804166286010105
}
