{
  "chi2": 1222.9333759874526,
  "cov": [
    [
      0.000118045518075686,
      4.59208200111563e-05
    ],
    [
      4.592082001115631e-05,
      2.1148870353738755e-05
    ]
  ],
  "dof": 1352,
  "ladder_level": "L1",
  "logdet_cov": -5043.979032173278,
  "mean": [
    -19.407991391490302,
    0.015439781976556178
  ],
  "n": 1354,
  "param_names": [
    "global_offset_mag",
    "delta_lnH0"
  ]
}