{
  "H0_eff": {
    "mean": 68.44871644861114,
    "sd_lin": 0.3147812793374315
  },
  "anchor": {
    "H0": 67.4,
    "rd_Mpc": 147.09
  },
  "delta_lnH0": {
    "mean": 0.015439781976556178,
    "sd": 0.004598790096725307
  },
  "delta_mu_equiv_mag": {
    "mean": -0.033527060571038145,
    "sd": 0.009986145812195611
  }
}