{
  "H0_eff": {
    "mean": 69.06525945650917,
    "sd_lin": 0.2860160766725327
  },
  "anchor": {
    "H0": 67.4,
    "rd_Mpc": 147.09
  },
  "delta_lnH0": {
    "mean": 0.024406828926948104,
    "sd": 0.004141243787734394
  },
  "delta_mu_equiv_mag": {
    "mean": -0.052998755618651125,
    "sd": 0.008992596626145844
  }
}