{
  "H0_eff": {
    "mean": 73.7530531886303,
    "sd_lin": 1.730550431190049
  },
  "anchor": {
    "H0": 67.4,
    "rd_Mpc": 147.09
  },
  "calibrator_offset_equiv_H0": {
    "mean": 67.4006445447768,
    "sd_lin": 0.8688042188877548
  },
  "calibrator_offset_equiv_delta_lnH0": {
    "mean": 9.562933159120477e-06,
    "sd": 0.012890147041703368
  },
  "calibrator_offset_mag": {
    "mean": -2.0765645509078273e-05,
    "sd": 0.02799059865566649
  },
  "delta_lnH0": {
    "mean": 0.09007737561261446,
    "sd": 0.023464119197397906
  },
  "delta_mu_equiv_mag": {
    "mean": -0.195600535864425,
    "sd": 0.050951687450750335
  }
}