{
  "H0_eff": {
    "mean": 73.58780309367282,
    "sd_lin": 1.0531046213900916
  },
  "anchor": {
    "H0": 67.4,
    "rd_Mpc": 147.09
  },
  "delta_lnH0": {
    "mean": 0.08783427524771852,
    "sd": 0.01431085828244598
  },
  "delta_mu_equiv_mag": {
    "mean": -0.1907297053102776,
    "sd": 0.03107563391682868
  }
}