{
  "always_include_calibrators": false,
  "always_include_hubble_flow": true,
  "mode": "group_holdout",
  "models": {
    "L2_baseline": {
      "ladder_level": "L2",
      "logp": [
        -4.829113922959376,
        1.7486365017816934,
        2.7342490035761644,
        0.4926850072075295,
        -0.29370985905598257,
        -1.5414601781206567,
        0.12566847078112442,
        1.0584283180588319,
        -3.24936692790967,
        1.4892483311439806
      ],
      "mean_delta_logp_vs_base": 0.0,
      "mean_logp": -0.22647352554963612,
      "sd_delta_logp_vs_base": 0.0,
      "sd_logp": 2.2351442571673745
    },
    "L2_plus_cal_offset": {
      "ladder_level": "L2",
      "logp": [
        2.063068334239394,
        2.7742731928106847,
        5.345897933272542,
        3.298863486051555,
        3.062512089185418,
        5.310179168018585,
        1.0696015548027702,
        2.2737069818624,
        1.5174529085040795,
        2.7593688910075804
      ],
      "mean_delta_logp_vs_base": 3.1739659795251365,
      "mean_logp": 2.9474924539755007,
      "sd_delta_logp_vs_base": 2.1776531235795042,
      "sd_logp": 1.3544151532929465
    },
    "L2_plus_cal_survey_offsets_min4": {
      "ladder_level": "L2",
      "logp": [
        -5.2282244214626346,
        1.8810929610634455,
        4.075947254171639,
        1.9814584566944191,
        1.9445855833872532,
        3.6749869442965277,
        0.19000986286445798,
        1.2748967183959137,
        0.42402320473523014,
        1.8786439606368144
      ],
      "mean_delta_logp_vs_base": 1.4362155780279426,
      "mean_logp": 1.2097420524783067,
      "sd_delta_logp_vs_base": 1.7170903322791464,
      "sd_logp": 2.4379317660634525
    },
    "L2_plus_cal_time_bins": {
      "ladder_level": "L2",
      "logp": [
        4.057281200160921,
        2.2573267494289797,
        2.945515680609536,
        2.741369177476726,
        3.448459413366263,
        4.82509485262284,
        0.10869328372815934,
        0.979128691294525,
        2.177708395187734,
        2.6385038349186827
      ],
      "mean_delta_logp_vs_base": 2.8443816534290733,
      "mean_logp": 2.6179081278794367,
      "sd_delta_logp_vs_base": 2.9789309062368137,
      "sd_logp": 1.3062093611082433
    }
  },
  "n_rep": 10,
  "seed": null,
  "train_frac": null,
  "use_diagonal_errors": false
}