{
  "n_group": 72,
  "n_total": 149,
  "result": {
    "edges": [
      44672.6,
      53410.4,
      54131.12,
      54885.0,
      57269.22,
      59385.6
    ],
    "mc": {
      "chi2_const": [
        0.059873396238937435,
        0.41248968680287756,
        0.29967743282788994,
        0.20565284026823494,
        0.17048665491490883,
        0.42336056227694374,
        0.1931832311494902,
        0.06189937601128608,
        0.6233408386275536,
        0.14583094592519166,
        0.45860521884664696,
        0.26287984430646844,
        0.625191552343945,
        0.06810233598129531,
        0.07657597940572018,
        0.5294858841664427,
        0.0713665293017597,
        0.5609305831865703,
        0.0960464652506184,
        0.08515236157942777,
        0.07491394448746522,
        0.3015393297849808,
        0.059252752368283604,
        0.9236277314842194,
        0.056949981304046014,
        0.3879708394839308,
        0.05773069772683684,
        0.38857301651748194,
        0.2258924317376914,
        0.1603823040328346,
        0.09788798159490823,
        0.227150030044788,
        0.06033087370656929,
        0.22623971857137015,
        0.7352691036274647,
        0.4448641081888931,
        0.2740672949145912,
        0.1758080621242285,
        0.057109915157887964,
        0.33608978486125296,
        0.2747312430759835,
        0.2730833094784777,
        0.11825492912279,
        0.7153571403626213,
        0.06614271734381107,
        0.05745442583252643,
        0.9345788887339883,
        0.1276906600462896,
        0.1088553825761231,
        0.05854139306516519,
        0.12792688401129912,
        0.09282705678439139,
        0.09230110335253289,
        0.05797703341901039,
        0.28571311167605296,
        0.2166699698481398,
        0.21631427477794557,
        0.24753508309767847,
        0.38199532731531316,
        0.07569114401750668,
        0.06774159220974423,
        0.25730410061860326,
        0.08371072371361123,
        0.3965080174867338,
        0.0694178804201919,
        0.7606294846512545,
        0.1597032113439778,
        0.125571215392835,
        0.27018427395046946,
        0.06608114505032878,
        0.3947717935534253,
        0.16504378592530589,
        0.11584129724702383,
        0.3356164744698276,
        0.14462468223663905,
        0.3884294714515716,
        0.06696499877408213,
        0.2905086023840076,
        0.20456917568740995,
        0.19217486526596086,
        0.16940479258768873,
        0.09233497607205399,
        0.09476205429529146,
        0.12679697694740075,
        0.13897584665598067,
        0.06557654607158227,
        0.07656138848672431,
        0.14143322337401057,
        0.05955956318317181,
        0.504026716176106,
        0.3352752524931368,
        0.2907472632433082,
        0.0767794926445684,
        0.5473638249112924,
        0.06261821595255897,
        0.06882635499644367,
        0.09655981411504795,
        0.17299860798380742,
        0.06223357970544785,
        0.06466291437486024,
        0.08254582130286103,
        0.09716966370932113,
        0.32350281040917583,
        0.19486309434166643,
        0.1469043710984212,
        0.2881800443908979,
        0.07336914012763958,
        0.274146490075462,
        0.38150471632012706,
        0.2213343777059088,
        0.05760521950246805,
        0.09841637632003941,
        0.4637163374594806,
        0.21531598699613003,
        0.5676514567908941,
        0.25930726943915405,
        0.10419435411169771,
        0.07275646594641734,
        0.06445346644509295,
        0.1732558086501683,
        0.3465758241475168,
        0.09414146203975436,
        0.2117682538228803,
        0.13925804798695887,
        0.06417792111055375,
        0.9468622041817563,
        0.5394768775217496,
        0.1673838124555438,
        0.06954422900677437,
        1.0190405955626245,
        0.062352989932744456,
        0.34415666559442476,
        0.11495857321856046,
        0.056989782237726674,
        0.06763212376781581,
        0.31592969647741564,
        0.2971513757860702,
        0.05741777364241391,
        0.0889574943509712,
        0.1588114602912971,
        0.07119411832580315,
        0.06294507195160658,
        0.33292388784845495,
        0.10130080655509363,
        0.7252591565382611,
        0.17749625955253098,
        0.060268450847885395,
        0.3209814776598404,
        0.6633682439257536,
        0.7089929213586056,
        0.32351909055475636,
        0.11221767079919326,
        0.6052420121829425,
        0.4194976629391892,
        0.29517599946534445,
        0.06314667473674658,
        1.1629786256442463,
        0.18041721087780543,
        0.07153656023517638,
        0.16058293198780021,
        0.2537653775686537,
        0.06776269255476343,
        0.08533473574982324,
        0.09056702376966311,
        0.05683874581437871,
        0.10141116803098396,
        0.05676115861004135,
        0.1700751618534041,
        0.06328891939466161,
        1.1678799209261381,
        0.17435999244377992,
        0.5397057912642429,
        0.06152851240914474,
        0.17399682240394293,
        0.1365810017646988,
        0.1458638982342799,
        0.05669170285286539,
        0.18082344534644834,
        0.3400350846620134,
        0.07983343870480401,
        0.4798414683851815,
        0.05678853924443657,
        0.21243166823512702,
        0.06828430663272064,
        0.2661284506512214,
        0.12001003482650695,
        0.09056635124842137,
        0.07734003547782414,
        0.05933011794005089,
        0.07718618430583574,
        0.07753595820183211,
        0.08227036248561773,
        0.05811410518107086,
        0.05700904812428475,
        0.12214249282875456,
        0.19465364514794284,
        0.16045322010655128,
        0.1782506270347482,
        0.188385170522807,
        0.5913181902648089
      ],