{
  "n_group": 27,
  "n_total": 104,
  "result": {
    "edges": [
      44672.6,
      53410.4,
      54131.12,
      54885.0,
      57269.22,
      59385.6
    ],
    "mc": {
      "chi2_const": [
        1.7931088432623132,
        2.669336866363256,
        1.0985061550199091,
        0.9444274276726197,
        0.2789265851111345,
        1.80600253842891,
        2.3350295498278033,
        3.682573759704841,
        1.2814210425039236,
        0.7467516859631347,
        0.40487449713210605,
        0.7957459375185983,
        2.1992382108572865,
        0.5849923612601572,
        1.5373677191900228,
        3.991872661984812,
        1.4479581919474482,
        0.6297714823029938,
        3.6296714755258157,
        1.103183600797187,
        0.3399205857374132,
        0.711717487335101,
        1.2359794524025502,
        0.3088988395832012,
        0.8455338647066778,
        1.4657359451367462,
        0.29205745917592885,
        0.45345864074247655,
        0.8930234849864843,
        3.1670726338304185,
        1.1759030126473353,
        2.693331347454673,
        1.7972078621643353,
        2.4313952696721914,
        4.42317902191086,
        4.313340080089447,
        0.33394376491438316,
        3.6186072601828547,
        0.7819218087491144,
        0.3581731549091553,
        2.0010553579803294,
        3.3373599980807382,
        1.5481421680777019,
        0.8126276534924233,
        0.32676853267196504,
        0.3124595389212924,
        10.828759626129097,
        0.8001661827839418,
        1.5401704706140356,
        2.1435406181425787,
        0.23282748166839745,
        2.670082792210946,
        0.7137685970990808,
        2.24870654055343,
        1.9697538632814435,
        3.2619441311240136,
        3.5574674809064466,
        1.6696020283389057,
        8.767086039737036,
        1.7880414649053198,
        2.4609937080213755,
        2.0667322072857233,
        0.9114412209658274,
        0.6099814814958162,
        2.4404461762496257,
        1.077187578030814,
        1.3167312111840408,
        4.220265989647076,
        1.6666823877302512,
        1.033642320631259,
        1.4169508394946515,
        0.3751286808399012,
        1.8805072159791785,
        1.664689568518017,
        1.8173762025800575,
        0.387745204129502,
        2.831664285293638,
        0.9990721928895282,
        1.3801382929323838,
        3.270853229613402,
        2.0095908018072666,
        3.525616791849205,
        3.5382366089439032,
        2.6614617145015007,
        5.254335454846181,
        1.4363425784843644,
        1.1807961929225226,
        1.5234323895426813,
        0.04509775064949714,
        0.760407690526309,
        1.646239985137538,
        0.5839973627989841,
        1.2458524199075343,
        0.9849554760840236,
        0.959462050603884,
        5.350375054378872,
        6.43357558184494,
        2.2338486481163993,
        0.5178221868229773,
        0.7742287004056322,
        1.5975653697395733,
        1.3284599181181214,
        2.181467718067421,
        2.0484238952802087,
        2.3340355332376714,
        1.806766056852809,
        0.28388371519830186,
        3.597637481536876,
        1.1381252577296959,
        2.6157109172303796,
        4.1486587446149334,
        0.5485900516987776,
        3.4974533783935735,
        3.056503558492306,
        2.5278892784489493,
        0.356127055487442,
        3.286026300581448,
        3.718747700311368,
        4.3764915230596655,
        2.9719001535909353,
        0.6536432486001401,
        2.562054996386988,
        0.7394897489069112,
        2.556286729834317,
        3.024631621782057,
        1.2971641111772563,
        1.6332657668499506,
        4.071330072018541,
        1.1842330337552303,
        2.211100419090169,
        6.774829143385181,
        3.309218397577863,
        3.164179549337339,
        2.2667272414782746,
        3.020786044545368,
        4.254655265050181,
        8.395250841131785,
        2.9279909223809955,
        6.639442327705476,
        2.084610918892266,
        3.207839522464095,
        2.160810880155282,
        1.2452788705733602,
        0.6381637570654352,
        1.118027253295506,
        0.0986950420890435,
        1.508060459484416,
        1.5174289788615585,
        1.6588341631440313,
        2.6060597931021428,
        1.4170084341021165,
        2.008228788380524,
        0.892473647087445,
        0.21911838111257204,
        3.2960790095779586,
        1.0354904379605057,
        1.463430315578071,
        1.8202617038310103,
        1.8545599002070356,
        1.1956322353580875,
        0.5783901750488024,
        4.021816874662632,
        3.4484834945647664,
        0.9795917687333152,
        5.80702480155781,
        3.7278504455072334,
        4.818845834322435,
        3.0955313047272863,
        4.351946117695267,
        5.297650349131633,
        0.8586526902597992,
        5.531991567983065,
        1.71940011086801,
        1.2751385436447473,
        3.26347918503283,
        0.4810500680687549,
        7.123182306958473,
        2.551335880673971,
        1.0118669079783944,
        4.050425069327447,
        2.8103986858777197,
        3.877703851734895,
        0.3153376209050921,
        2.9437509601260197,
        1.5932189071846588,
        1.1942732245719,
        0.8699659222345935,
        0.071684488274485,
        0.6966016575598718,
        2.2324750403495446,
        0.6772216466925085,
        5.240361775926612,
        2.945486700714883,
        0.6698048132737983,
        2.0965055060632536,
        1.10355551943368,
        9.118617455044177,
        0.7331826851527807,
        5.95726453265406,
        1.9204312069832354
      ],