{
  "n_group": 25,
  "n_total": 102,
  "result": {
    "edges": [
      44672.6,
      53410.4,
      54131.12,
      54885.0,
      57269.22,
      59385.6
    ],
    "mc": {
      "chi2_const": [
        1.5529842768886783,
        0.22768432269621106,
        0.29340627651194,
        0.3821421946401788,
        0.17873210234203424,
        0.6597119511704802,
        0.5283241221688885,
        1.0409954913041612,
        0.4336096436070626,
        0.41488640156375517,
        0.9848017502773299,
        0.24600369498343388,
        0.5663312785075507,
        0.22704295498797727,
        0.49846106532194084,
        0.3086567442633593,
        1.8394750753901903,
        0.8452837137357377,
        0.4824090380158106,
        1.063844626702829,
        0.3928590944905537,
        0.2716801977495362,
        0.6839583812427865,
        0.9340158405330361,
        1.9081110090398496,
        0.5020799435080517,
        1.3796198837264229,
        0.7503015330509498,
        0.45370104301678393,
        0.21471467952509385,
        2.1092626516405755,
        0.7086208707880214,
        0.711528771342687,
        0.13857160112442193,
        0.3657180507200982,
        0.5709059024346016,
        0.8582848892973491,
        0.4328799027186671,
        0.8401657496296291,
        1.1909399948078745,
        0.6378647048416802,
        0.5250396097085817,
        0.5275249329272104,
        2.7262592655248703,
        1.8451540992068818,
        0.13543808297743998,
        1.230332818789266,
        0.23551063706897793,
        1.2127328141164735,
        1.7656208496817447,
        1.4681142810772405,
        0.8987064054049401,
        3.190032130794859,
        1.8048138927193165,
        1.5108138848730661,
        0.6830742964663427,
        0.1928340728734184,
        0.39214191499397116,
        0.3221952458185274,
        0.14776579300626655,
        0.32206202085292146,
        1.1926099235969239,
        0.21075996526261415,
        1.6376192200691153,
        0.669784750969675,
        0.7721424194151878,
        0.3386007800192392,
        1.641591937019924,
        1.2172513798878084,
        1.1774129410947234,
        0.3154015254586775,
        0.7347031105538083,
        0.4313060052700907,
        0.33179345993647663,
        1.9918381472921924,
        0.4476574268725504,
        0.3726081558173945,
        0.9652359181785146,
        1.3305767588381154,
        1.1900067134466354,
        0.5026783435151331,
        2.9119681484998465,
        0.9577832103087041,
        0.3580034694724313,
        2.351750524714496,
        1.6665482417068542,
        0.35110348437974515,
        1.8564775517561747,
        0.7287249073175625,
        1.5985689012352298,
        1.4730045492958275,
        0.8458285584886027,
        1.063620870622324,
        0.44565961345288146,
        1.1844820380409598,
        1.8443474850104506,
        0.5629732988906581,
        0.6079133385008462,
        0.4276676925180957,
        1.6721766791516366,
        0.18490843608953117,
        0.6250923823539155,
        2.4580315721590758,
        0.6167954404242559,
        1.1108699382713798,
        0.8186665133316324,
        0.24983829567216737,
        0.663759477356962,
        0.15540875713003338,
        2.776695548331328,
        1.376722402280466,
        0.4456135656464205,
        0.26999956680867143,
        0.6390680697262006,
        1.5019704503067428,
        0.5087387272017179,
        2.468224260562262,
        0.38441060104607405,
        1.985840564236519,
        2.914127715365635,
        0.21304150963784535,
        0.7895041023031042,
        0.7296703751541679,
        0.865198373990894,
        0.44204612721830294,
        1.563859408906666,
        0.6664417047037201,
        0.7817909078229195,
        1.262670167839668,
        0.24923984272393468,
        0.19459620342993356,
        0.45040542707332476,
        0.3304918441100202,
        0.24229781897319702,
        0.15344097351863306,
        0.46305690962494805,
        0.897785501816957,
        1.461870183873145,
        0.3999998763196666,
        0.32196578575488727,
        1.211609043188039,
        2.109302400344559,
        0.3545067238128386,
        1.776726579130025,
        0.7716438366996761,
        1.361672424523606,
        0.8633331265652748,
        0.31140587158267424,
        0.3174880726657533,
        2.731274914455006,
        0.9813751799589188,
        1.479720189694867,
        0.7180824838833806,
        1.1820078621273118,
        1.7396303705315814,
        0.959100639707811,
        0.821723740437888,
        1.5649675501556435,
        1.8992138434357886,
        0.940891064095636,
        1.0024221207029007,
        0.1758466277572353,
        1.5914387027115189,
        0.3123176089758285,
        1.5978703255255553,
        0.6713238435589062,
        2.677262060860693,
        0.33036134340700574,
        0.2178764030028298,
        0.6874712552249279,
        2.46456747239894,
        0.28597910396612775,
        0.6542339161444104,
        0.9588858748913671,
        2.2251555675064125,
        0.5597597015848637,
        0.20732297096454722,
        0.6919240286028919,
        0.7185060977827521,
        1.0292150906016344,
        0.9502616405881024,
        1.1389279828234367,
        3.3377281837665764,
        0.8014831507035987,
        0.5014537458976355,
        0.7965993468367724,
        3.1807031642286026,
        1.597959328150756,
        1.2223657573435687,
        0.5349906022691712,
        0.467492889204028,
        0.7110137803040371,
        0.5034281747016953,
        0.42210053469491604,
        1.5632590402516189,
        0.727387568630687,
        2.1008701574077153,
        0.5858344203332269,
        2.516228783614799,
        0.36711800048736554
      ],