{
  "n_group": 26,
  "n_total": 103,
  "result": {
    "edges": [
      44672.6,
      53410.4,
      54131.12,
      54885.0,
      57269.22,
      59385.6
    ],
    "mc": {
      "chi2_const": [
        0.651495448432378,
        0.4318326784828372,
        2.345516900809484,
        0.23933514133723302,
        0.5844344908706642,
        2.7283271752021188,
        0.22521761993905487,
        1.1317968175621391,
        0.5708794514107678,
        0.794265255033371,
        0.3934757545701527,
        1.2551370546649094,
        0.32263725365795753,
        3.3100942955234647,
        0.10399895152580348,
        3.1452592445813874,
        0.5290383037569077,
        0.30927930174778495,
        0.10033943481451713,
        0.5120113742676637,
        0.264549165500743,
        1.0657144769258209,
        1.0088465945734366,
        0.5778648728663717,
        0.6330231750899731,
        0.39203199299547475,
        0.9978332268705067,
        0.7704920980077135,
        1.4962950348170596,
        0.668374746698,
        1.1955769726445538,
        0.16738539885536738,
        2.4418723015317094,
        2.8231364467329128,
        0.6128014722474059,
        1.5988942146044294,
        0.8733013123000122,
        1.026428938287303,
        0.9054827459894155,
        1.193567539791853,
        0.7594767610497233,
        1.8626127435952473,
        0.2960891119192299,
        3.05963903521225,
        1.7616376913959784,
        1.0004237340441064,
        0.5430873304161249,
        0.5212565725583969,
        0.4947197820266581,
        0.665904998455841,
        0.7067583749918503,
        1.1665274595089121,
        1.311400906678465,
        0.20390936797296738,
        0.9307243063715165,
        1.1648048593951827,
        2.056740025695526,
        0.268081031495687,
        0.3642387062392465,
        0.1259155835784418,
        0.6061215121742642,
        0.5589141027524205,
        2.255121068589036,
        1.0210940116759568,
        1.2816646408665673,
        0.7821201136820117,
        0.4019978562758755,
        1.0302072526873813,
        3.1089718995850646,
        1.4863455182325642,
        1.643537580088609,
        0.9436047431506545,
        1.863879682060103,
        0.08808876177598086,
        0.9976754254437152,
        2.0590909289214565,
        0.33691538155561196,
        0.6559100251059802,
        0.19871266000321053,
        0.09147286385517689,
        1.3243858385329634,
        2.061912548797536,
        1.990211666854238,
        0.5656091905072995,
        0.47556173543112157,
        0.2818771312706068,
        1.632779309452105,
        0.5620596953647529,
        0.4347006368598043,
        0.41942837412817935,
        1.3445976064049787,
        1.7211798613447589,
        0.6752448232745348,
        0.5859606170544154,
        0.5873254399609433,
        0.7042938719597408,
        1.0152511653520242,
        0.2924659169423854,
        0.9581911322752159,
        1.0491390934596443,
        0.36662579854086647,
        0.855793179001541,
        0.703632400667418,
        0.2512833898613414,
        0.42874466864500116,
        0.33012158915001,
        0.6066968122047962,
        0.6508507882648886,
        0.5241005720921897,
        2.018488905359469,
        2.603060038675686,
        3.805091594287725,
        1.4815121517205911,
        1.758911441378801,
        0.11282448817569908,
        1.6026836798317898,
        0.3036501349787849,
        0.20693065321346021,
        1.727845084323146,
        0.11677513585572255,
        2.9546102577412623,
        0.7723450126629772,
        0.1789650348417573,
        0.4411089849817956,
        1.581083256787685,
        0.5208585127161522,
        0.0947965348760711,
        0.5664427692996626,
        1.1556640735084642,
        0.8000706679723095,
        0.8371574529447741,
        0.4116050922489569,
        2.065287194265279,
        0.09998244674569474,
        0.3807430904708136,
        0.5792163297971753,
        0.46480364431700405,
        0.6870179381064258,
        0.5602261635635907,
        0.6767125738413796,
        0.22148050780742706,
        1.113474849558724,
        1.0488861822075408,
        1.8928433855065698,
        1.541366405114243,
        0.6544785195721992,
        0.4396545568646485,
        0.19090804982389648,
        1.8563437944308838,
        0.26599666925790966,
        0.5757227817228737,
        0.7419688571058998,
        1.7658352616655677,
        0.17496820021748416,
        0.2687063076410877,
        0.2961077328231133,
        1.2398073806388794,
        0.3817796457283841,
        0.34545646143993675,
        0.16074820359842037,
        0.46143588661303403,
        0.4794587842303012,
        0.4166961302746565,
        0.8801868543628238,
        2.431581535130873,
        2.7006497559958462,
        1.9917484416043831,
        0.14932027375282125,
        1.5502707923079284,
        1.2364846516209829,
        0.3277443196488649,
        1.6328014395793866,
        0.13809936822221416,
        0.6391726748506794,
        0.6075335978284839,
        0.37548075449239915,
        0.09430871788468675,
        1.5309883031136013,
        0.40232072669683716,
        0.4508621149780462,
        1.0859336141182965,
        2.5705750925996806,
        1.2161553072685525,
        0.9003553463674598,
        0.33876697570880066,
        0.7231405078467473,
        0.4122414275050855,
        0.5848856645730206,
        1.5058615556660415,
        2.435608374517189,
        0.28376426414726796,
        0.17250255754228214,
        0.8766261005084853,
        2.1993385331882314,
        1.0428931568677313,
        0.09192155290862171,
        0.5893256452153939,
        0.2372786003748027,
        1.5167618476172522,
        0.5951037084596751
      ],