{
  "n_group": 37,
  "n_total": 114,
  "result": {
    "edges": [
      44672.6,
      53410.4,
      54131.12,
      54885.0,
      57269.22,
      59385.6
    ],
    "mc": {
      "chi2_const": [
        0.12081942615230659,
        0.11940493682880386,
        0.1953498795444708,
        0.2887155578593185,
        0.10144567548585037,
        0.10199769381465425,
        0.10162233023975906,
        0.1074185252260087,
        0.10315460336387491,
        0.31794559468931227,
        0.14969825805499903,
        0.1664300410107843,
        0.10772758378526263,
        0.13484469250050735,
        0.10452701758346514,
        0.18417710312863622,
        0.1006151595408243,
        0.20412577915793878,
        0.14384713595071869,
        0.17886486738576413,
        0.10347565475458782,
        0.10834359434158886,
        0.3996220829769471,
        0.17327262744748032,
        0.16712582335187523,
        0.22839989599880045,
        0.12637897767068398,
        0.3732470443156844,
        0.18357969270722177,
        0.10472566355625415,
        0.1405021303348194,
        0.13061819390536367,
        0.1149341019908448,
        0.34096895359108054,
        0.21201475441442252,
        0.20929168727610098,
        0.12945905562566318,
        0.14537138457875867,
        0.5072465917900799,
        0.25767410451130013,
        0.10845388292409648,
        0.10072347293339538,
        0.10147678554182035,
        0.10067783367592772,
        0.1960658524695746,
        0.10070468463461019,
        0.10050674943646122,
        0.12485505087363677,
        0.10557896444569612,
        0.1840854255010606,
        0.21300136525967855,
        0.1006900079381482,
        0.23515885048485036,
        0.21893713461044595,
        0.44649012092483026,
        0.17173368814743498,
        0.10874098024475387,
        0.49031783584821476,
        0.33344613310409554,
        0.11328504028477857,
        0.11104846345921557,
        0.10368608291663196,
        0.12178513049962686,
        0.46001420004529203,
        0.1062572895955787,
        0.24949360241761376,
        0.23729350670072702,
        0.3024685222875562,
        0.1740975879331979,
        0.17760111780319165,
        0.10270807726815753,
        0.4185316517085321,
        0.13634790385886378,
        0.13701307100435028,
        0.17879436253918085,
        0.13014246179114375,
        0.18229743164063478,
        0.10164050472714012,
        0.1230481311303038,
        0.16434545460315328,
        0.10920530313533003,
        0.10334047914702763,
        0.11965173902752851,
        0.34728165797120447,
        0.1411879981110657,
        0.23987594134547496,
        0.11480881981078614,
        0.10086788147758768,
        0.1519093931773551,
        0.11006886514097497,
        0.23462105517943252,
        0.18641389866908556,
        0.14794616398649352,
        0.19953108760118776,
        0.10714749938003965,
        0.12936329545378922,
        0.11200909162037122,
        0.10236551662455817,
        0.1206616691782705,
        0.10182909240632407,
        0.14331117952130026,
        0.10051481751131006,
        0.10390754839920396,
        0.14852170258519531,
        0.21064793476698218,
        0.10197300561006167,
        0.13490904234866982,
        0.11888459325187342,
        0.10064551970496535,
        0.323701079672109,
        0.10491111866269134,
        0.23197856057668598,
        0.27647195276718795,
        0.22027672470364712,
        0.10054372213390267,
        0.3411466433988884,
        0.11199935514764736,
        0.2668749041902251,
        0.10221279500841848,
        0.15220695757560676,
        0.22016643066941566,
        0.391694717059078,
        0.14654519377598224,
        0.10553586729339925,
        0.10117463218285053,
        0.10089712983387411,
        0.2970778039371297,
        0.10113867424052433,
        0.1135655443441678,
        0.2485703758562796,
        0.15171390180316832,
        0.17041181065139063,
        0.12721771433745582,
        0.16063785852875387,
        0.13824389196229114,
        0.13385715072148974,
        0.1054859117061849,
        0.35381015660487675,
        0.16230844937675476,
        0.10850203628955099,
        0.15040705488107706,
        0.10601969487572063,
        0.10053008222319051,
        0.10049706833634743,
        0.24343926524792592,
        0.10442810696434782,
        0.38006408739889624,
        0.1032042081976556,
        0.12863199686100588,
        0.12579491769495507,
        0.101883640139285,
        0.1042226420187675,
        0.10048591779208094,
        0.10065533838564228,
        0.11158641350782689,
        0.2709745467843654,
        0.10206207106126107,
        0.12141638704457192,
        0.1135460717430736,
        0.5539982455426632,
        0.10139252334424492,
        0.11749545858563806,
        0.11922950047970099,
        0.12517331577226956,
        0.12128387283812905,
        0.32768867390774004,
        0.3276232077282567,
        0.11934473541176002,
        0.10337862148702903,
        0.10669563816495392,
        0.3526566331252744,
        0.12689154266372524,
        0.10824031377047852,
        0.4259706126651408,
        0.10535925149308865,
        0.16738679510307727,
        0.40762554104025106,
        0.10106467173105518,
        0.10251483702516032,
        0.12797907450005935,
        0.1080000310641259,
        0.16526191108582447,
        0.10132324137289217,
        0.11465932868348172,
        0.20357850342255632,
        0.10428664978641974,
        0.22549385105462563,
        0.21771044408472126,
        0.11859246976296553,
        0.10348308270637052,
        0.38835471228221974,
        0.12006541928743747,
        0.13274983102573018,
        0.1610987995879429,
        0.24880708301795912,
        0.14446541369591367,
        0.18500554143402345,
        0.31067797879274883,
        0.17246129493777546,
        0.18673969399997176
      ],