{
  "H0_eff": {
    "mean": 68.33835949094683,
    "sd_lin": 0.310575162725478
  },
  "anchor": {
    "H0": 67.4,
    "rd_Mpc": 147.09
  },
  "delta_lnH0": {
    "mean": 0.013826223373160232,
    "sd": 0.004544668104984605
  },
  "delta_mu_equiv_mag": {
    "mean": -0.030023262582626265,
    "sd": 0.00986862140038261
  }
}