{
  "H0_eff": {
    "mean": 68.2079324343485,
    "sd_lin": 0.3137882919307113
  },
  "anchor": {
    "H0": 67.4,
    "rd_Mpc": 147.09
  },
  "delta_lnH0": {
    "mean": 0.011915851521597659,
    "sd": 0.0046004662614973525
  },
  "delta_mu_equiv_mag": {
    "mean": -0.025874942815041647,
    "sd": 0.009989785557751912
  }
}