{
  "created_utc": "2026-02-05T05:42:57.826141+00:00",
  "run_id": "stack_sn_bao_cc_stress_v2",
  "tasks": {
    "baseline_fit": {
      "chi2": 1222.0592853044234,
      "cov": [
        [
          0.00011813415898003808,
          4.595766299013868e-05
        ],
        [
          4.5957662990138694e-05,
          2.1164289823175424e-05
        ]
      ],
      "dof": 1351,
      "ladder_level": "L1",
      "logdet_cov": -5049.65071299199,
      "mean": [
        -19.417063593223638,
        0.011915851521597659
      ],
      "n": 1353,
      "param_names": [
        "global_offset_mag",
        "delta_lnH0"
      ]
    }
  }
}