{
  "always_include_calibrators": false,
  "always_include_hubble_flow": true,
  "mode": "group_holdout",
  "models": {
    "+bounded_calibration_fields": {
      "ladder_level": "L1",
      "logp": [
        0.8757829116271731,
        0.8883000681375719,
        0.11099778448770481,
        0.6855323629296561,
        0.23874854953855934,
        0.32729812900668664,
        0.5878277300709691,
        -0.46061787659169395,
        1.1005050479676115,
        1.0012308649421453,
        0.30242505919080975,
        -0.9138743861147125,
        -0.24366645887031968,
        -0.15156355007221212,
        2.35573090695497,
        3.390629438182965,
        0.6113245866590653,
        2.3558018619503964,
        1.1453935649286504,
        1.120658800173956,
        2.3162507673501547,
        0.7047196170879304,
        0.5261392084306843,
        -14.915256427537381,
        1.1476866523932419,
        -0.041355021438996276,
        -0.23203152493142776,
        0.7068109132963114,
        -0.8718334351242487,
        1.389016598679248,
        0.8238626536258542,
        -0.10249168765091252,
        0.8760475489797548,
        1.912466505805311,
        1.0090885207895939,
        0.9566765872350176,
        2.196308162552907,
        2.270660931391992,
        2.905386373735417,
        -0.5735465490046696,
        0.2994785697587775,
        0.20096632579470852,
        1.0830070954128175
      ],
      "mean_delta_logp_vs_base": 0.028571920773063027,
      "mean_logp": 0.46317497166818694,
      "sd_delta_logp_vs_base": 0.13393514041458016,
      "sd_logp": 2.5634314762571724
    },
    "+bounded_fields_plus_metadata_bounded": {
      "ladder_level": "L1",
      "logp": [
        0.7797377125062623,
        0.8616055649034491,
        1.0882313048771781,
        0.633622459028879,
        0.23094699287234371,
        0.5175269773949928,
        -0.8150461944934537,
        1.0828189655916285,
        1.377272889380114,
        0.3444775946927794,
        0.5110815778273963,
        0.3477548812617046,
        1.8346533905670783,
        0.8107327710918164,
        2.248310518009322,
        3.2491133559043757,
        0.7201218685764911,
        2.3636432644615883,
        0.7511720384112373,
        1.0650111638638884,
        2.4150458258293717,
        0.896993587817996,
        0.5409431410914196,
        -4.412820112701084,
        1.4750512194685748,
        -0.22088203178623722,
        -1.2691718022187994,
        -0.8457354599080014,
        0.8036436129517892,
        0.4128297212595793,
        0.7806820547592683,
        -0.23576364527124527,
        1.59300018113505,
        1.7031756417095694,
        0.883875426540636,
        1.6087334472816102,
        1.9394559864546965,
        2.2869703701809723,
        2.400406581207273,
        1.6538714602969788,
        0.3010285649945334,
        0.13483128035016967,
        0.9745006402540037
      ],
      "mean_delta_logp_vs_base": 0.3985005488357411,
      "mean_logp": 0.8331035997308651,
      "sd_delta_logp_vs_base": 1.868925603046495,
      "sd_logp": 1.2283055047065046
    },
    "+cal_offset_bounded": {
      "ladder_level": "L1",
      "logp": [
        0.932219792800483,
        0.7634413508237647,
        0.8948335915985991,
        0.6228398045424504,
        0.15728540495505566,
        0.4629821976871116,
        0.06905529826649015,
        0.33546148700713374,
        1.5764871066065804,
        0.48882694683128713,
        0.43223270330844865,
        -0.27116870833470297,
        0.8890638858825912,
        0.4748030662209577,
        2.0927554253354796,
        3.1375438219831278,
        0.7352573575329833,
        2.488281302227172,
        1.011067406498506,
        0.9314764630607453,
        2.5483015909135602,
        0.9438504892172278,
        0.5702743172909346,
        -10.334555464975354,
        1.470989482480325,
        0.11721124874937,
        -0.766012862604937,
        1.0897195578288779,
        -0.05750904118922806,
        1.0937704403508963,
        0.7444862171476944,
        -0.20220792073514454,
        1.6807313123042427,
        2.0466479101965884,
        0.9340456188262232,
        1.5220703349656959,
        1.8583379761366081,
        2.4347196263402697,
        2.658928553824965,
        0.8453735018954349,
        0.4028278951383207,
        -0.052821396770858176,
        1.1191956947169568
      ],
      "mean_delta_logp_vs_base": 0.2838416185672699,
      "mean_logp": 0.7184446694623937,
      "sd_delta_logp_vs_base": 0.9172773878687535,
      "sd_logp": 1.908939127644157
    },
    "+fields+biascor_m_b": {
      "ladder_level": "L1",
      "logp": [
        0.8546408403656477,
        0.8930497621849174,
        0.06981877574474149,
        0.6691903313350895,
        0.2590918567690488,
        0.3931266038893403,
        0.7152414161528383,
        -0.17387424011522423,
        0.9330380509161389,
        0.8643265463363888,
        0.38016238383738077,
        -0.6150450931146858,
        -0.14245198347065768,
        0.11515797688333196,
        2.273069415349742,
        3.213215808591736,
        0.677955583263451,
        2.3042311534471653,
        1.1434154571018083,
        1.130281217463361,
        2.2345706851938414,
        0.6256045961831412,
        0.5477019128940057,
        -14.119645484746725,
        1.3090066524207413,
        -0.1311830935364452,
        -0.6591637048846997,
        0.5689805322219987,
        -0.5861541158894392,
        1.4198171879616894,
        0.8278498053077403,
        -0.13943305725812488,
        0.14996587114110582,
        1.7057090230410756,
        1.0077242515457554,
        1.0088270944635807,
        2.2284327642821946,
        2.3608775668591093,
        2.853573106716136,
        -0.3306313843144113,
        0.2576075628422042,
        0.2782315046384171,
        1.0796451090505446
      ],
      "mean_delta_logp_vs_base": 0.041107559548248115,
      "mean_logp": 0.47571061044337193,
      "sd_delta_logp_vs_base": 0.3128550190519633,
      "sd_logp": 2.433781037144372
    },
    "+fields+c_linear": {
      "ladder_level": "L1",
      "logp": [
        0.869680689566694,
        0.8898826238846315,
        0.1800674629182839,
        0.6840732935155563,
        0.24759642724171357,
        0.28435239825420683,
        0.492678236815415,
        -0.5888927820018646,
        1.1757652651018793,
        1.0159429917715261,
        0.2486408424777285,
        -1.0937589912664476,
        -0.19068176968811335,
        -0.2944108728263084,
        2.312791053809117,
        3.3570837607302737,
        0.5592952537470104,
        2.365437080542522,
        1.1420203665978563,
        1.1082856472236648,
        2.3170275848521382,
        0.7385441054899635,
        0.5014250111637143,
        -15.041200967914405,
        1.079115972101159,
        -0.10874537165796289,
        -0.12793884875794648,
        0.8074449414809095,
        -0.9563585180478147,
        1.3508076777647406,
        0.8196031886239501,
        -0.09576276326024928,
        0.9849344444991834,
        1.946623449545817,
        1.0060656316979413,
        0.9720615215721673,
        2.139478826193894,
        2.1950676371458693,
        2.893413790139472,
        -0.5760955830762478,
        0.2751464930488046,
        0.23538930047427764,
        1.0893173166305505
      ],
      "mean_delta_logp_vs_base": 0.012169363479882431,
      "mean_logp": 0.44677241437500637,
      "sd_delta_logp_vs_base": 0.12912791415515634,
      "sd_logp": 2.5828340789277604
    },
    "+fields+host_mass_step": {
      "ladder_level": "L1",