{
  "H0_eff": {
    "mean": 73.45006392402462,
    "sd_lin": 1.052253279861649
  },
  "anchor": {
    "H0": 67.4,
    "rd_Mpc": 147.09
  },
  "delta_lnH0": {
    "mean": 0.08596075500791224,
    "sd": 0.014326104344171576
  },
  "delta_mu_equiv_mag": {
    "mean": -0.18666140780086798,
    "sd": 0.031108740319219595
  }
}