{
  "H0_eff": {
    "mean": 68.21723020550236,
    "sd_lin": 0.3133876186839633
  },
  "anchor": {
    "H0": 67.4,
    "rd_Mpc": 147.09
  },
  "delta_lnH0": {
    "mean": 0.012052157331879814,
    "sd": 0.00459396574355031
  },
  "delta_mu_equiv_mag": {
    "mean": -0.026170927121326105,
    "sd": 0.009975669862382344
  }
}