{
  "chi2": 1222.4080167709003,
  "cov": [
    [
      0.00011809442178581383,
      4.5939363332571205e-05
    ],
    [
      4.59393633325712e-05,
      2.1155862517885635e-05
    ]
  ],
  "dof": 1352,
  "ladder_level": "L1",
  "log_evidence": 656.5161662077021,
  "logdet_cov": -5052.585712960884,
  "mean": [
    -19.417181318419743,
    0.01186163705533217
  ],
  "n": 1354,
  "param_names": [
    "global_offset_mag",
    "delta_lnH0"
  ]
}