{
  "H0_eff": {
    "mean": 68.20423467793337,
    "sd_lin": 0.31370880477968743
  },
  "anchor": {
    "H0": 67.4,
    "rd_Mpc": 147.09
  },
  "delta_lnH0": {
    "mean": 0.01186163705533217,
    "sd": 0.004599550251696967
  },
  "delta_mu_equiv_mag": {
    "mean": -0.025757217597349488,
    "sd": 0.009987796467743528
  }
}