{
  "cut_mode": "geq",
  "cut_var": "fitprob_hf",
  "cuts": [
    2.98405e-33,
    0.09,
    0.18,
    0.27,
    0.36,
    0.44999999999999996,
    0.54,
    0.63,
    0.72,
    0.8099999999999999,
    0.8999999999999999,
    0.99
  ],
  "rows": [
    {
      "chi2": 275.230295964039,
      "cut": 2.98405e-33,
      "dof": 338,
      "n": 354,
      "params": {
        "delta_lnH0": 0.08734631329746985,
        "global_offset_mag": -19.266217362010032,
        "survey_offset_15": 0.05533200239835875,
        "survey_offset_150": 0.03547438214782737,
        "survey_offset_18": 0.03987336578522086,
        "survey_offset_5": 0.04249139747911393,
        "survey_offset_50": 0.0004957541909691924,
        "survey_offset_51": 0.044722047820052575,
        "survey_offset_56": -0.09693091226824739,
        "survey_offset_57": 0.03597263904189913,
        "survey_offset_61": -0.03578937820974929,
        "survey_offset_62": -0.04571470615099241,
        "survey_offset_63": 0.053716368692266606,
        "survey_offset_64": 0.008613280244094102,
        "survey_offset_65": 0.020749061354598475,
        "survey_offset_66": 0.11933005955698275
      }
    },
    {
      "chi2": 156.95428195174742,
      "cut": 0.09,
      "dof": 230,
      "n": 246,
      "params": {
        "delta_lnH0": 0.08544686394251512,
        "global_offset_mag": -19.253032789554226,
        "survey_offset_15": 0.030936537826028104,
        "survey_offset_150": -0.005368322953051434,
        "survey_offset_18": 0.014686067788604047,
        "survey_offset_5": 0.027372417619124328,
        "survey_offset_50": -0.019846711488096407,
        "survey_offset_51": 0.025936507416923618,
        "survey_offset_56": -0.11155464704633852,
        "survey_offset_57": 0.017720279333035365,
        "survey_offset_61": 0.037759179127030564,
        "survey_offset_62": -0.039518564614522626,
        "survey_offset_63": 0.024733287618303623,
        "survey_offset_64": -0.0026385980090614094,
        "survey_offset_65": 0.008509648221841231,
        "survey_offset_66": 0.1256535554211618
      }
    },
    {
      "chi2": 142.71775259621737,
      "cut": 0.18,
      "dof": 209,
      "n": 225,
      "params": {
        "delta_lnH0": 0.08456375917135958,
        "global_offset_mag": -19.255908230991288,
        "survey_offset_15": 0.025994093317503714,
        "survey_offset_150": -0.008544445954575475,
        "survey_offset_18": 0.015142267838216403,
        "survey_offset_5": 0.024201297577959656,
        "survey_offset_50": -0.011544209020746704,
        "survey_offset_51": 0.024801412443003202,
        "survey_offset_56": -0.10550803804992025,
        "survey_offset_57": 0.020478496986231658,
        "survey_offset_61": 0.040433226024664745,
        "survey_offset_62": -0.040465824572864274,
        "survey_offset_63": 0.036113084606321275,
        "survey_offset_64": -1.3037983281163622e-05,
        "survey_offset_65": 0.016122344177247724,
        "survey_offset_66": 0.1256656170179654
      }
    },
    {
      "chi2": 136.18539153871114,
      "cut": 0.27,
      "dof": 194,
      "n": 210,
      "params": {
        "delta_lnH0": 0.08164526568902662,
        "global_offset_mag": -19.257321561663744,
        "survey_offset_15": 0.013979145997849081,
        "survey_offset_150": -0.010236020486221067,
        "survey_offset_18": 0.014813962427358015,
        "survey_offset_5": 0.032224995140264445,
        "survey_offset_50": -0.012894161039243453,
        "survey_offset_51": 0.022935533299663437,
        "survey_offset_56": -0.10259301926611214,
        "survey_offset_57": 0.021880016613791752,
        "survey_offset_61": 0.029870496349518313,
        "survey_offset_62": -0.040990764057960864,
        "survey_offset_63": 0.033728466991797657,
        "survey_offset_64": 0.010993161070169033,
        "survey_offset_65": 0.01320644273573109,
        "survey_offset_66": 0.12629302258898703
      }
    },
    {
      "chi2": 118.97448394512499,
      "cut": 0.36,
      "dof": 179,
      "n": 195,
      "params": {
        "delta_lnH0": 0.08020054092379303,
        "global_offset_mag": -19.260641003051948,
        "survey_offset_15": 0.017996909001820792,
        "survey_offset_150": -0.020166178550027142,
        "survey_offset_18": 0.013542993062061782,
        "survey_offset_5": 0.03818221091913724,
        "survey_offset_50": -0.007494022990066866,
        "survey_offset_51": 0.026328566472981485,
        "survey_offset_56": -0.09416630110744248,
        "survey_offset_57": 0.024864391173233632,
        "survey_offset_61": 0.03223312442361424,
        "survey_offset_62": -0.03422827332780298,
        "survey_offset_63": 0.03971478491400244,
        "survey_offset_64": 0.014731769598304969,
        "survey_offset_65": 0.019331236732346893,
        "survey_offset_66": 0.13283725546237524
      }
    },
    {
      "chi2": 108.45520635777004,
      "cut": 0.44999999999999996,
      "dof": 165,
      "n": 181,
      "params": {
        "delta_lnH0": 0.07902005342839931,
        "global_offset_mag": -19.261080646078305,
        "survey_offset_15": 0.021287086393149534,
        "survey_offset_150": -0.024902217042402825,
        "survey_offset_18": 0.01037174206552357,
        "survey_offset_5": 0.03524387756915138,
        "survey_offset_50": -0.010196537061795586,
        "survey_offset_51": 0.023183542632900962,
        "survey_offset_56": -0.09178258076220486,
        "survey_offset_57": 0.03386186997366278,
        "survey_offset_61": 0.03206019801348003,
        "survey_offset_62": -0.02436547513154366,
        "survey_offset_63": 0.04274936683686962,
        "survey_offset_64": 0.016504131609236503,
        "survey_offset_65": 0.017200951896163465,
        "survey_offset_66": 0.13226198432522215
      }
    },
    {
      "chi2": 101.9746105251396,
      "cut": 0.54,
      "dof": 155,
      "n": 171,
      "params": {
        "delta_lnH0": 0.07917491188353806,
        "global_offset_mag": -19.2663354610038,
        "survey_offset_15": 0.05260819906318974,
        "survey_offset_150": -0.025019708459404943,
        "survey_offset_18": 0.012960294116331489,
        "survey_offset_5": 0.0413841541291099,
        "survey_offset_50": -0.005486496958710667,
        "survey_offset_51": 0.02645136861082373,
        "survey_offset_56": -0.09079512493013081,
        "survey_offset_57": 0.03948578455420727,
        "survey_offset_61": 0.03663252020199104,
        "survey_offset_62": -0.0201007986390023,
        "survey_offset_63": 0.05154508404022288,
        "survey_offset_64": 0.02466980763834655,
        "survey_offset_65": 0.032249713982838095,
        "survey_offset_66": 0.13397026535412332
      }
    },
    {
      "chi2": 95.61397979717556,
      "cut": 0.63,
      "dof": 140,
      "n": 156,
      "params": {
        "delta_lnH0": 0.07804829793589521,
        "global_offset_mag": -19.26465354300824,
        "survey_offset_15": 0.047766657088758456,
        "survey_offset_150": -0.016068876898291434,
        "survey_offset_18": 0.015282560119879307,
        "survey_offset_5": 0.04479560793435183,
        "survey_offset_50": -0.008966354150903336,
        "survey_offset_51": 0.0200969826400853,
        "survey_offset_56": -0.09565239782883378,
        "survey_offset_57": 0.03824442945316636,
        "survey_offset_61": 0.03570961690275244,
        "survey_offset_62": -0.020782051039437557,
        "survey_offset_63": 0.050190533550741705,
        "survey_offset_64": 0.005400281015337011,
        "survey_offset_65": 0.028675345896909697,
        "survey_offset_66": 0.13232644735579074
      }
    },
    {
      "chi2": 88.42652969668845,
      "cut": 0.72,
      "dof": 131,
      "n": 147,
      "params": {
        "delta_lnH0": 0.08105491193646189,
        "global_offset_mag": -19.247833127613696,
        "survey_offset_15": 0.036410736190154384,
        "survey_offset_150": -0.038455451588534875,
        "survey_offset_18": -0.0023208882662338636,
        "survey_offset_5": 0.020394503571129142,