{
  "chi2": 1549.3147244817576,
  "cov": [
    [
      0.00010464490398872945,
      -2.4238636072843892e-05,
      -1.5359211130278635e-05,
      -2.813161182786295e-05,
      -1.91821538626024e-05,
      -6.116015103707001e-06,
      -1.37057877653244e-05,
      -2.0443665494240937e-06,
      -2.0890024877124695e-05,
      -2.410000667678196e-06,
      -2.5362034902685323e-07,
      -6.706270573890799e-07,
      -8.601036925855156e-07,
      -1.253793254132447e-06,
      -7.586336556218772e-07,
      -4.722991052789931e-06,
      -1.6548515175639495e-05,
      3.6513358198968595e-05
    ],
    [
      -2.423863607284381e-05,
      0.000434451674805848,
      1.0486376992611607e-05,
      1.8131186378648466e-05,
      1.724556298793872e-05,
      2.965606521723775e-06,
      8.585332833258084e-06,
      6.681760187081627e-07,
      1.6163981976872064e-05,
      1.9845674711138402e-06,
      3.4610234167511726e-07,
      4.6918132620023273e-07,
      5.554386473599596e-07,
      1.3539026121008827e-06,
      8.471461049863653e-07,
      1.890991854934741e-06,
      1.3113811707538147e-05,
      7.543465266500452e-07
    ],
    [
      -1.5359211130278594e-05,
      1.0486376992611634e-05,
      0.00015169440482752585,
      3.343213382663199e-06,
      8.130212390727367e-06,
      4.420574282776474e-06,
      -4.176123504802358e-08,
      3.1169514501721694e-06,
      -5.560732799981262e-06,
      2.0851544945255906e-06,
      1.1113508889200542e-07,
      3.2685595948631926e-07,
      3.929389681026062e-07,
      2.3665731825745342e-06,
      1.2834037447142968e-06,
      5.0247634899233105e-06,
      8.766310279996936e-06,
      -4.3892005530371817e-07
    ],
    [
      -2.813161182786286e-05,
      1.813118637864845e-05,
      3.34321338266317e-06,
      0.00016969035783793266,
      3.6423142961031224e-05,
      3.0033101196606155e-06,
      1.3759057772201926e-05,
      1.689599235193353e-06,
      2.848989242746959e-05,
      1.8731066978183405e-06,
      1.4532295124674384e-07,
      5.646706587819261e-07,
      7.769752289800862e-07,
      1.0876141261132008e-06,
      6.392519302352865e-07,
      2.742615507878051e-06,
      1.858078146153294e-05,
      8.616898512430956e-07
    ],
    [
      -1.9182153862602252e-05,
      1.7245562987938693e-05,
      8.130212390727334e-06,
      3.642314296103121e-05,
      7.18439179202884e-05,
      2.0727638546132055e-06,
      9.759225115097976e-06,
      9.996969045636546e-07,
      6.591447691005991e-07,
      1.3856311053280457e-06,
      1.1452053422928932e-07,
      3.3601710597220016e-07,
      4.6714289084215937e-07,
      8.279181071560123e-07,
      4.2427107147240086e-07,
      2.8691342100826933e-06,
      1.5254235642271395e-05,
      5.541351688915904e-07
    ],
    [
      -6.11601510370692e-06,
      2.965606521723765e-06,
      4.42057428277646e-06,
      3.0033101196606053e-06,
      2.072763854613203e-06,
      0.00021973682533156326,
      2.826047577603831e-06,
      1.7734240509877584e-06,
      6.2340276445266265e-06,
      5.996970992156712e-07,
      5.9342738099303886e-08,
      2.7622488851810604e-07,
      1.9473570563735682e-07,
      3.2394319472072855e-07,
      2.4327444523699e-07,
      7.811927285175086e-07,
      8.00383386855761e-06,
      -5.201121027418365e-07
    ],
    [
      -1.3705787765324298e-05,
      8.58533283325808e-06,
      -4.176123504803704e-08,
      1.3759057772201927e-05,
      9.759225115097996e-06,
      2.826047577603837e-06,
      0.0003088327825791733,
      8.227010687759587e-07,
      2.6287082231890172e-05,
      1.950055901457821e-06,
      1.57436432310542e-07,
      1.2202714380283198e-06,
      8.150065593279729e-07,
      5.753414108401006e-07,
      5.096798882637136e-07,
      -1.6448985092549678e-08,
      -5.048954123588421e-07,
      -1.045551640510738e-06
    ],
    [
      -2.0443665494240886e-06,
      6.681760187081625e-07,
      3.116951450172169e-06,
      1.6895992351933545e-06,
      9.996969045636576e-07,
      1.773424050987759e-06,
      8.227010687759591e-07,
      3.9752511085234994e-05,
      3.731240754425014e-06,
      1.9412423755369338e-07,
      1.652485717063037e-08,
      5.408751396025192e-08,
      6.970982263453903e-08,
      1.7727449684714426e-07,
      1.7495090352379722e-07,
      4.5603783865898654e-07,
      1.7345053234609858e-06,
      -1.019885952494389e-07
    ],
    [
      -2.0890024877124623e-05,
      1.6163981976872078e-05,
      -5.560732799981278e-06,
      2.8489892427469605e-05,
      6.591447691006207e-07,
      6.234027644526639e-06,
      2.6287082231890172e-05,
      3.7312407544250185e-06,
      0.0008380570723739507,
      2.850185266364192e-06,
      1.8810871437733878e-07,
      7.132900916603501e-07,
      1.1736749646117296e-06,
      1.5287864513051095e-06,
      7.339561585051177e-07,
      2.4472572099944633e-05,
      -1.1131121462915256e-05,
      -1.8253878104475017e-06
    ],
    [
      -2.410000667678211e-06,
      1.9845674711138415e-06,
      2.085154494525591e-06,
      1.8731066978183426e-06,
      1.385631105328049e-06,
      5.996970992156729e-07,
      1.9500559014578215e-06,
      1.941242375536936e-07,
      2.850185266364193e-06,
      1.973895692896646e-05,
      2.4495783384029237e-08,
      4.277213105644392e-07,
      3.6054223153360743e-07,
      3.743554826527207e-07,
      1.2097915568363205e-07,
      4.7650506156128035e-07,
      1.7629829879907513e-06,
      -9.78928381139935e-08
    ],
    [
      -2.5362034902685175e-07,
      3.461023416751171e-07,
      1.111350888920052e-07,
      1.4532295124674376e-07,
      1.1452053422928949e-07,
      5.934273809930402e-08,
      1.5743643231054198e-07,
      1.6524857170630358e-08,
      1.8810871437733857e-07,
      2.44957833840292e-08,
      1.0258086565947763e-05,
      3.1811490624853955e-09,
      7.351905646819753e-09,
      1.281017945902009e-08,
      8.227696422129317e-09,
      5.933131931988071e-08,
      1.5269090317433237e-07,
      -2.324691456141457e-08
    ],
    [
      -6.706270573890845e-07,
      4.691813262002342e-07,
      3.268559594863198e-07,
      5.646706587819279e-07,
      3.3601710597220207e-07,
      2.762248885181066e-07,
      1.22027143802832e-06,
      5.408751396025196e-08,
      7.132900916603525e-07,
      4.2772131056443937e-07,
      3.181149062485416e-09,
      3.076755947705008e-05,
      4.318827570331299e-08,
      4.622157559151965e-08,
      1.4472701769951338e-08,
      1.1824010540550485e-07,
      2.140369244471422e-07,
      -9.984576171695675e-09
    ],
    [
      -8.601036925855096e-07,
      5.554386473599584e-07,
      3.9293896810260485e-07,
      7.769752289800854e-07,
      4.671428908421595e-07,
      1.9473570563735697e-07,
      8.150065593279724e-07,
      6.970982263453893e-08,
      1.1736749646117288e-06,
      3.605422315336072e-07,
      7.351905646819743e-09,
      4.3188275703312924e-08,
      1.905103138547129e-05,
      5.2477735377649024e-08,
      2.964122340275031e-08,
      2.0602500678548816e-07,
      4.91273212126979e-07,
      -2.606298207123334e-08
    ],
    [
      -1.2537932541324351e-06,
      1.3539026121008833e-06,
      2.366573182574534e-06,
      1.0876141261132015e-06,
      8.279181071560142e-07,
      3.23943194720729e-07,
      5.753414108401006e-07,
      1.7727449684714428e-07,
      1.5287864513051084e-06,
      3.743554826527206e-07,
      1.2810179459020096e-08,
      4.622157559151958e-08,
      5.2477735377649084e-08,
      1.2625337888263432e-05,
      5.929175018324984e-08,
      3.1567030311756945e-07,
      8.997472149657707e-07,
      6.842096891150121e-09
    ],
    [
      -7.586336556218692e-07,
      8.471461049863657e-07,
      1.2834037447142962e-06,
      6.392519302352862e-07,
      4.2427107147240144e-07,
      2.4327444523699014e-07,
      5.096798882637132e-07,
      1.7495090352379722e-07,
      7.339561585051172e-07,
      1.2097915568363192e-07,
      8.227696422129315e-09,
