{
  "always_include_calibrators": false,
  "always_include_hubble_flow": true,
  "mode": "group_holdout",
  "models": {
    "+c_x1_biascor_cal": {
      "ladder_level": "L2",
      "logp": [
        1.3295335151353642,
        1.2799484713532134,
        -0.09449117590016454,
        1.917497268221605,
        1.1517711096825112,
        2.1932161229589147,
        3.267760661022124,
        2.4514597958507913,
        2.045854266959557,
        0.4644630419206447,
        -3.022905325889223,
        1.6781810490398459,
        -2.3558350259744194,
        0.6438289904599248,
        0.4193311315593753,
        0.6537683552756172,
        -0.24948883618244236,
        1.6802198741376349,
        1.8194219013526052,
        0.8515935264566807,
        1.6305544250558048,
        2.0307579729152323,
        2.1214782983993716,
        2.2609282046920787,
        1.8463908317745656
      ],
      "mean_delta_logp_vs_base": 0.1819072358800613,
      "mean_logp": 1.1206095380110885,
      "sd_delta_logp_vs_base": 0.9569245778842788,
      "sd_logp": 1.3881011382304798
    },
    "+cal_offset": {
      "ladder_level": "L2",
      "logp": [
        0.7221875532098649,
        1.6583670086651159,
        0.08108022248162561,
        1.3992661642584707,
        0.7654695578316967,
        1.6833019823478108,
        2.6445039197643068,
        2.383811377504977,
        2.5002249142897135,
        0.5530544225669258,
        -7.4351998541939,
        1.634772628408692,
        -1.2279875562104938,
        1.1176584369979465,
        0.7823623179343664,
        0.6388141352252755,
        -0.2889566541165848,
        1.994181928507897,
        1.9499515756056776,
        0.8176128083851131,
        1.7425742539962308,
        1.3531416279037534,
        2.358079702297102,
        2.1644905859113917,
        1.4747707110973065
      ],
      "mean_delta_logp_vs_base": -9.513042160036456e-07,
      "mean_logp": 0.9387013508268112,
      "sd_delta_logp_vs_base": 8.633572548723759e-06,
      "sd_logp": 1.9329846565293907
    },
    "+cal_offset_plus_c_x1_biascor_cal": {
      "ladder_level": "L2",
      "logp": [
        1.329531535129671,
        1.279948515079076,
        -0.094484090483685,
        1.917494930842611,
        1.1517689121947368,
        2.193217366322301,
        3.267761483540445,
        2.451460636664397,
        2.0458563405477146,
        0.4644644183353155,
        -3.0229389133251736,
        1.6781811884371423,
        -2.355824629974849,
        0.6438186569092403,
        0.4193341417597045,
        0.6537664436830409,
        -0.2494872475214252,
        1.6802194576402183,
        1.819420925283032,
        0.8515914493920986,
        1.6305558059093253,
        2.030760240681164,
        2.1214824340340432,
        2.2609322508791396,
        1.8463849732734687
      ],
      "mean_delta_logp_vs_base": 0.1819063868782829,
      "mean_logp": 1.1206086890093103,
      "sd_delta_logp_vs_base": 0.9569179819187829,
      "sd_logp": 1.388104188115036
    },
    "+x1_linear_cal": {
      "ladder_level": "L2",
      "logp": [
        1.0630230425040645,
        1.5461828177929196,
        0.687722643500934,
        1.7078743954087598,
        0.8745847087642284,
        1.7963106229960424,
        2.932199959876027,
        2.376585634528671,
        1.4763092044622932,
        0.5721338067630295,
        -5.4337547355627045,
        1.596541447189318,
        -1.0646721787236801,
        0.7081327187704982,
        0.4530043158757011,
        0.7487351513937555,
        -0.10321655137455131,
        2.000669442028805,
        2.004014429890174,
        0.9664812802934232,
        1.777922550195059,
        1.888858625261473,
        2.419769926016165,
        2.3814476353881453,
        1.300326782385491
      ],
      "mean_delta_logp_vs_base": 0.12838520489393443,
      "mean_logp": 1.0670875070249617,
      "sd_delta_logp_vs_base": 0.49345377163019427,
      "sd_logp": 1.5820640012330003
    },
    "baseline": {
      "ladder_level": "L2",
      "logp": [
        0.7221912864473836,
        1.6583674486603484,
        0.08107622119595836,
        1.3992710595818258,
        0.7654723328521018,
        1.6832976632457515,
        2.644498658223463,
        2.383809939581639,
        2.500223993112641,
        0.5530541669074988,
        -7.435159388118299,
        1.6347739201005527,
        -1.2279919326282753,
        1.1176580682704025,
        0.7823591945455644,
        0.6388130044171908,
        -0.2889575370621252,
        1.9941844637804387,
        1.94995016615776,
        0.8176115532487566,
        1.7425760040485903,
        1.3531365576247232,
        2.3580785306117384,
        2.1644853624073885,
        1.4747768160626635
      ],
      "mean_delta_logp_vs_base": 0.0,
      "mean_logp": 0.9387023021310271,
      "sd_delta_logp_vs_base": 0.0,
      "sd_logp": 1.932977587417979
    }
  },
  "n_rep": 25,
  "seed": 444,
  "train_frac": null,
  "use_diagonal_errors": true
}