{
  "always_include_calibrators": false,
  "always_include_hubble_flow": true,
  "mode": "random",
  "models": {
    "L2_baseline": {
      "ladder_level": "L2",
      "logp": [
        1.22140791526029,
        8.239990853984525,
        -1.4051333440600757,
        11.958509253646632,
        3.9450991074358726,
        0.22498495463053203,
        7.022451822709822,
        -0.23648568758519417,
        -0.4395533038299213,
        5.762224222212756,
        9.466346910732028,
        2.301950016333805,
        3.6609989910314127,
        0.10817677031040773,
        10.395939370349492,
        8.287261412637978,
        1.6826664672336022,
        0.7104254598769835,
        2.981565096283738,
        4.281574764875197,
        0.3400513420322504,
        -0.10210614759925818,
        0.8154710289590739,
        3.2620716758071673,
        6.024880064688508,
        -0.16810995490926217,
        3.83029616765954,
        4.030436903324539,
        7.055947568227259,
        0.996224513083579,
        4.561697688608275,
        4.377898850546394,
        7.329843221969675,
        1.9204457764890464,
        0.7305513074614325,
        4.428045249180585,
        3.2629385237862714,
        2.3542942067982544,
        -3.5027705587296296,
        1.3328646193321099,
        3.739844880193772,
        -1.3058166470965666,
        -2.6662101381127883,
        4.727984104972727,
        4.630262783495816,
        -1.433528889904366,
        3.4200606966005225,
        7.2293513279271355,
        3.693460978478342,
        1.2333102948139434
      ],
      "mean_delta_logp_vs_base": 0.0,
      "mean_logp": 3.1264018498430852,
      "sd_delta_logp_vs_base": 0.0,
      "sd_logp": 3.3605389596172963
    },
    "L2_plus_cal_offset": {
      "ladder_level": "L2",
      "logp": [
        11.108750656730125,
        12.645891571056964,
        8.031358709262229,
        12.579262056099001,
        12.516305337298554,
        9.39608986723185,
        14.789722584355694,
        9.394594177194536,
        7.7612774087526955,
        12.3205637784401,
        13.270972298180304,
        11.859697376195468,
        12.531286746385524,
        9.83643748343417,
        14.610747891858308,
        14.474894672171168,
        9.616522660543538,
        8.379137159781612,
        9.751679840511844,
        11.705815090595095,
        10.5277114482352,
        10.883855692446119,
        11.071713698037705,
        12.633081072962556,
        12.360337897848027,
        12.344414915779302,
        12.770459698845684,
        12.345055730714547,
        12.947081318968834,
        11.56118724255314,
        12.646265550139063,
        13.077091658710323,
        14.892190413769695,
        10.053826986840633,
        10.225425337391139,
        11.422760219347738,
        11.850798099864019,
        10.331361699745997,
        11.221663105331825,
        11.566160250708004,
        10.757210084445141,
        9.776567813188151,
        7.583843524779958,
        13.27787519670755,
        11.33168063244901,
        13.798193680527723,
        12.554761756470866,
        13.149573118142012,
        10.754984664280771,
        14.53175031494394
      ],
      "mean_delta_logp_vs_base": 8.490195953961985,
      "mean_logp": 11.61659780380507,
      "sd_delta_logp_vs_base": 2.551689267136489,
      "sd_logp": 1.7974397401486732
    },
    "L2_plus_cal_survey_offsets_min4": {
      "ladder_level": "L2",
      "logp": [
        5.507926419468248,
        11.835944892574098,
        1.9329209058097199,
        13.265848028353652,
        6.923912583537602,
        3.138377106673982,
        10.58666381964455,
        2.5265240816643555,
        3.3476997545630933,
        7.955545870574035,
        10.606526222381161,
        4.701957003222869,
        5.088073763315123,
        3.6319710515962065,
        11.564351457366456,
        10.095652784405386,
        3.1073742302131784,
        5.122483315151737,
        5.889867738098987,
        7.460185518052249,
        4.033816865058817,
        4.580234201277328,
        5.564036538067523,
        7.73668896053808,
        8.080452433521774,
        5.872387536289564,
        6.4002282605029635,
        7.641202393644523,
        10.925859801221254,
        3.8836824120874915,
        8.534550718307527,
        8.013264877828085,
        9.777671315913551,
        1.9164104476106587,
        3.2693069542923023,
        6.5108243495426485,
        5.0046289772477035,
        5.184920303014742,
        -0.6911821067361643,
        5.0144147323263475,
        6.012213001997132,
        0.6866019098270648,
        -2.151304380598255,
        8.400955602309617,
        6.112636781661299,
        1.777944982226881,
        5.48640151262196,
        8.04191183923313,
        3.7102563086299654,
        4.194985035063837
      ],
      "mean_delta_logp_vs_base": 2.749914332380836,
      "mean_logp": 5.8763161822239205,
      "sd_delta_logp_vs_base": 1.2514382548619587,
      "sd_logp": 3.215640556002683
    },
    "L2_plus_cal_time_bins": {
      "ladder_level": "L2",
      "logp": [
        10.798770134500819,
        10.03599165872436,
        7.023071747635491,
        12.45087947707378,
        11.566665969482193,
        9.309216369931521,
        13.061454545525171,
        8.864768024606791,
        7.949156748879741,
        8.238769812729025,
        9.989465164848438,
        12.658712003504794,
        8.635266753058168,
        6.992290905279262,
        9.538424560892276,
        12.589874802350796,
        7.43156169145019,
        5.181343612497422,
        8.589892687428561,
        10.528269934776269,
        7.00966971884098,
        7.185491454309592,
        4.791353525649926,
        11.233692277820959,
        6.013099295534195,
        7.0776329574509536,
        6.172071786817618,
        7.347036570574829,
        15.458656531897505,
        11.888879831547769,
        7.318834889068691,
        12.361241236956015,
        12.076853443256239,
        10.007097086450425,
        4.613694298269765,
        6.83526570981954,
        11.0867360717242,
        12.854519725744417,
        5.784143305808641,
        6.508169475355556,
        11.454000451848644,
        7.439987885330787,
        6.493021760707109,
        11.027141577923913,
        10.558163427276185,
        9.650323052861488,
        10.353154700058546,
        7.477512079685933,
        12.875982129048106,
        10.434428440989759
      ],
      "mean_delta_logp_vs_base": 6.130032176232983,
      "mean_logp": 9.256434026076066,
      "sd_delta_logp_vs_base": 3.1006564092174997,
      "sd_logp": 2.543846467961739
    }
  },
  "n_rep": 50,
  "seed": 123,
  "train_frac": 0.7,
  "use_diagonal_errors": false
}