{
  "created_utc": "2026-02-05T17:29:34.287101+00:00",
  "run_id": "stack_sn_bao_cc_plus_ladder_predictive_score_cal_survey_holdout_mechanism_scan_fullcov_v1",
  "tasks": {
    "predictive_score": {
      "always_include_calibrators": false,
      "always_include_hubble_flow": true,
      "mode": "group_holdout",
      "models": {
        "+cal_offset": {
          "ladder_level": "L1",
          "logp": [
            2.0023110943425086,
            3.1966184593849087,
            5.316548458601833,
            3.3642364140354553,
            3.554703535078821,
            5.315786046917881,
            1.034392295564094,
            2.3084967564443244,
            1.5469585482799757,
            2.99161868381666
          ],
          "mean_delta_logp_vs_base": 2.2947361789128977,
          "mean_logp": 3.063167029246646,
          "sd_delta_logp_vs_base": 1.8465121575392454,
          "sd_logp": 1.3644397120780496
        },
        "+cal_time_bins": {
          "ladder_level": "L1",
          "logp": [
            4.165060080378942,
            2.8010394583759433,
            4.174009591722161,
            2.9950185214972773,
            4.081348549988142,
            5.519911556908002,
            0.8417782730673122,
            1.5069638091145627,
            2.3603252069258547,
            2.625512073882799
          ],
          "mean_delta_logp_vs_base": 2.338665861852351,
          "mean_logp": 3.1070967121860997,
          "sd_delta_logp_vs_base": 2.6068174818348817,
          "sd_logp": 1.327265935891858
        },
        "+pkmjderr_linear_cal": {
          "ladder_level": "L1",
          "logp": [
            -0.08387161677839572,
            3.008242148994169,
            4.837292165934156,
            2.7713684063272908,
            2.8667594217466714,
            3.199430200070557,
            1.1003934918093132,
            2.0898037295095273,
            -0.20682551995046383,
            2.559475787100497
          ],
          "mean_delta_logp_vs_base": 1.445775971142584,
          "mean_logp": 2.214206821476332,
          "sd_delta_logp_vs_base": 1.0956984881583982,
          "sd_logp": 1.4743071893944433
        },
        "baseline": {
          "ladder_level": "L1",
          "logp": [
            -3.593468289125548,
            2.1694232004225835,
            4.213967892013077,
            1.3438437508910743,
            1.3277056567130012,
            -0.10902648418178096,
            0.8992882843788916,
            1.662801635686701,
            -2.04048809901279,
            1.810260955552275
          ],
          "mean_delta_logp_vs_base": 0.0,
          "mean_logp": 0.7684308503337485,
          "sd_delta_logp_vs_base": 0.0,
          "sd_logp": 2.0992128825909107
        }
      },
      "n_rep": 10,
      "seed": null,
      "train_frac": null,
      "use_diagonal_errors": false
    },
    "report": {
      "ok": true
    }
  }
}