{
  "H0_eff": {
    "mean": 68.54773428530031,
    "sd_lin": 0.30616170227338824
  },
  "anchor": {
    "H0": 67.4,
    "rd_Mpc": 147.09
  },
  "delta_lnH0": {
    "mean": 0.01688533554237811,
    "sd": 0.004466401485994016
  },
  "delta_mu_equiv_mag": {
    "mean": -0.036666040255698314,
    "sd": 0.009698667596658425
  }
}