{
  "H0_eff": {
    "mean": 68.58676684232928,
    "sd_lin": 0.3051834907354444
  },
  "anchor": {
    "H0": 67.4,
    "rd_Mpc": 147.09
  },
  "delta_lnH0": {
    "mean": 0.017454595032325423,
    "sd": 0.0044495972734363695
  },
  "delta_mu_equiv_mag": {
    "mean": -0.037902171531974206,
    "sd": 0.009662177712725848
  }
}