{
  "chi2": 1551.9886477063405,
  "cov": [
    [
      0.0001012309728127774,
      -2.14730211241247e-05,
      -1.063224014454451e-05,
      -2.357542598029375e-05,
      -1.2272605856104938e-05,
      -3.0431721705306123e-06,
      -8.018852652555301e-06,
      -9.064917023872088e-07,
      -1.60271139163594e-05,
      -1.105486396151239e-06,
      -1.139529025697295e-07,
      -2.9385875470354773e-07,
      -3.8034123891053646e-07,
      -5.373458190174606e-07,
      -3.252465911010933e-07,
      -2.4300495486872874e-06,
      -1.0187544314400086e-05,
      3.6524449417715355e-05
    ],
    [
      -2.1473021124124618e-05,
      0.0004321529180619252,
      7.091919321185375e-06,
      1.4258065319683315e-05,
      1.1177886977846668e-05,
      1.3278671623516183e-06,
      4.858543489264549e-06,
      2.211391707120916e-07,
      1.2500141978854275e-05,
      9.157681097409009e-07,
      1.6316618532169136e-07,
      2.0194736044601286e-07,
      2.3666099452517592e-07,
      6.137076968020051e-07,
      3.8479831895041273e-07,
      8.86620444783375e-07,
      8.008677193866044e-06,
      7.330542104800916e-07
    ],
    [
      -1.0632240144544469e-05,
      7.09191932118539e-06,
      0.00011545910533270978,
      1.028647889299944e-06,
      3.934398840719776e-06,
      1.777314402770552e-06,
      -2.55211821454411e-07,
      1.2039935549773089e-06,
      -3.468504138011426e-06,
      7.917991304767704e-07,
      3.816294603434225e-08,
      1.1055459420038868e-07,
      1.3239607569983548e-07,
      9.040490597627877e-07,
      4.819379164661012e-07,
      2.1280337804975987e-06,
      4.142531054041686e-06,
      -3.5024079119853965e-07
    ],
    [
      -2.3575425980293673e-05,
      1.4258065319683307e-05,
      1.0286478892999259e-06,
      0.00016240198068143938,
      2.4260473443982808e-05,
      1.177456286106733e-06,
      7.591393031080832e-06,
      7.135458325897594e-07,
      2.1973340043656513e-05,
      7.84085407427846e-07,
      5.640261360561781e-08,
      2.3377007837445868e-07,
      3.256582749580934e-07,
      4.444916264415347e-07,
      2.614932291657362e-07,
      1.2472507366092542e-06,
      1.0978240523234671e-05,
      7.964602783448316e-07
    ],
    [
      -1.2272605856104835e-05,
      1.1177886977846647e-05,
      3.934398840719758e-06,
      2.4260473443982787e-05,
      4.895914319468091e-05,
      5.944759491189216e-07,
      4.254112645303208e-06,
      3.0347242464061256e-07,
      4.1961469150147596e-07,
      4.490544302597362e-07,
      3.507860326204595e-08,
      1.026926172946389e-07,
      1.454828557269197e-07,
      2.597200542657244e-07,
      1.2798374347960677e-07,
      1.1335421320424795e-06,
      7.075618393292334e-06,
      3.88360390800903e-07
    ],
    [
      -3.043172170530569e-06,
      1.3278671623516137e-06,
      1.7773144027705483e-06,
      1.1774562861067285e-06,
      5.944759491189209e-07,
      0.00012774226337464932,
      9.889272964984106e-07,
      5.141444149453785e-07,
      2.8647520945112464e-06,
      1.5600521494405388e-07,
      1.5095846800822726e-08,
      7.547312026689872e-08,
      4.8631244222002206e-08,
      7.924066669207254e-08,
      6.140804080226461e-08,
      2.443316045648148e-07,
      3.084629753368283e-06,
      -3.027328306847446e-07
    ],
    [
      -8.018852652555237e-06,
      4.8585434892645486e-06,
      -2.552118214544168e-07,
      7.5913930310808346e-06,
      4.254112645303218e-06,
      9.889272964984127e-07,
      0.00019570205580247065,
      2.4666446272508635e-07,
      1.2755832828414646e-05,
      6.28125954738e-07,
      4.7849594819662717e-08,
      3.8313963661241793e-07,
      2.5024840512194177e-07,
      1.6843651597661975e-07,
      1.5546223176301772e-07,
      -1.281308506658356e-07,
      -5.335134415457566e-07,
      -6.64930639237843e-07
    ],
    [
      -9.064917023872065e-07,
      2.211391707120915e-07,
      1.203993554977308e-06,
      7.135458325897598e-07,
      3.034724246406135e-07,
      5.141444149453786e-07,
      2.466644627250864e-07,
      2.087343188164947e-05,
      1.5231399108857765e-06,
      4.436443231836301e-08,
      3.6643283510270128e-09,
      1.2171898620881498e-08,
      1.5784371395371984e-08,
      4.1438204350082213e-08,
      4.314205538492329e-08,
      1.1948564003828656e-07,
      5.745426741325346e-07,
      -5.20146700497823e-08
    ],
    [
      -1.6027113916359324e-05,
      1.2500141978854277e-05,
      -3.4685041380114353e-06,
      2.1973340043656516e-05,
      4.1961469150148687e-07,
      2.864752094511249e-06,
      1.275583282841464e-05,
      1.5231399108857773e-06,
      0.000647153472958585,
      1.1629844080236459e-06,
      7.184156088577992e-08,
      2.5555462674211694e-07,
      4.489111384956483e-07,
      6.080388673593773e-07,
      2.8650307865151834e-07,
      1.0502602651360102e-05,
      -5.991455703498893e-06,
      -1.365949487361107e-06
    ],
    [
      -1.1054863961512481e-06,
      9.157681097409019e-07,
      7.917991304767704e-07,
      7.840854074278472e-07,
      4.490544302597375e-07,
      1.5600521494405436e-07,
      6.281259547380001e-07,
      4.436443231836307e-08,
      1.1629844080236465e-06,
      1.0522337899312834e-05,
      5.822808092628487e-09,
      1.1441119033613735e-07,
      9.554666485373127e-08,
      9.737595658927792e-08,
      2.936349415953578e-08,
      1.2998724410138404e-07,
      5.933957566928343e-07,
      -5.166604636526963e-08
    ],
    [
      -1.1395290256972884e-07,
      1.6316618532169118e-07,
      3.816294603434218e-08,
      5.6402613605617756e-08,
      3.507860326204601e-08,
      1.5095846800822753e-08,
      4.7849594819662684e-08,
      3.6643283510270086e-09,
      7.184156088577988e-08,
      5.822808092628476e-09,
      5.15004732163271e-06,
      5.956836669151788e-10,
      1.6320890260341158e-09,
      2.8810520463226515e-09,
      1.855325633142065e-09,
      1.5967325981527867e-08,
      4.870174595944376e-08,
      -1.1636844125990568e-08
    ],
    [
      -2.938587547035496e-07,
      2.0194736044601357e-07,
      1.1055459420038892e-07,
      2.3377007837445948e-07,
      1.0269261729463948e-07,
      7.547312026689884e-08,
      3.83139636612418e-07,
      1.2171898620881503e-08,
      2.555546267421178e-07,
      1.144111903361374e-07,
      5.95683666915183e-10,
      1.5726132502615594e-05,
      9.663269732875673e-09,
      1.0140841058646168e-08,
      2.7679473326230406e-09,
      2.964890488080335e-08,
      5.8885957289845805e-08,
      -3.882408498864958e-09
    ],
    [
      -3.803412389105326e-07,
      2.366609945251754e-07,
      1.3239607569983508e-07,
      3.256582749580931e-07,
      1.454828557269197e-07,
      4.863124422200223e-08,
      2.502484051219416e-07,
      1.5784371395371964e-08,
      4.4891113849564796e-07,
      9.554666485373128e-08,
      1.632089026034113e-09,
      9.663269732875663e-09,
      9.743429458649208e-06,
      1.1562639006274206e-08,
      6.5749399769405984e-09,
      5.4319641484117566e-08,
      1.540288783501582e-07,
      -1.265654541288967e-08
    ],
    [
      -5.373458190174545e-07,
      6.137076968020052e-07,
      9.040490597627869e-07,
      4.4449162644153493e-07,
      2.597200542657248e-07,
      7.92406666920726e-08,
      1.6843651597661965e-07,
      4.14382043500822e-08,
      6.080388673593771e-07,
      9.737595658927787e-08,
      2.8810520463226523e-09,
      1.0140841058646154e-08,
      1.1562639006274214e-08,
      6.513093742179602e-06,
      1.303528364085513e-08,
      8.116810894667517e-08,
      2.815592913837381e-07,
      4.377657368973284e-09
    ],
    [
      -3.252465911010893e-07,
      3.8479831895041283e-07,
      4.819379164661007e-07,
      2.6149322916573624e-07,
      1.2798374347960693e-07,
      6.140804080226464e-08,
      1.5546223176301756e-07,
      4.314205538492329e-08,
      2.865030786515181e-07,
      2.9363494159535755e-08,
      1.8553256331420638e-09,
