{
  "H0_eff": {
    "mean": 69.06557236520847,
    "sd_lin": 0.2859750003681775
  },
  "anchor": {
    "H0": 67.4,
    "rd_Mpc": 147.09
  },
  "delta_lnH0": {
    "mean": 0.024411359540355212,
    "sd": 0.004140630281842656
  },
  "delta_mu_equiv_mag": {
    "mean": -0.05300859372066284,
    "sd": 0.008991264415028857
  }
}