{
  "always_include_calibrators": false,
  "always_include_hubble_flow": true,
  "mode": "group_holdout",
  "models": {
    "+bounded_calibration_fields": {
      "ladder_level": "L1",
      "logp": [
        0.8763446679416289,
        0.8702991033203771,
        0.07223929294337861,
        0.6863024440844145,
        0.24038285146752522,
        0.31357555651510693,
        0.5108666409389082,
        -0.4934332469339431,
        1.119257080006585,
        1.0046050714197683,
        0.30364071310183094,
        -0.8867926036326175,
        -0.293558553974556,
        -0.17776617198705136,
        2.3458656405942087,
        3.369113255416078,
        0.6296347092528249,
        2.257747601172085,
        1.1129810240581883,
        1.0774527125282218,
        2.33359775155624,
        0.7362184154424296,
        0.5219802192192261,
        -13.13519163918725,
        1.439413844102826,
        0.09645078184198219,
        -0.5677432150282031,
        0.8583529165866306,
        -0.6716544291307147,
        1.2939631029608962,
        0.7925018158782183,
        -0.12068267190942132,
        1.0583925933024314,
        1.9567990123986445,
        0.9627935390111064,
        1.113518855237966,
        2.1480184662506487,
        2.295980993005027,
        2.817572590567437,
        -0.4111348778947064,
        0.3198074093890111,
        0.2502393196421996,
        1.0837472228680725
      ],
      "mean_delta_logp_vs_base": 0.08859642513772958,
      "mean_logp": 0.5142255768452014,
      "sd_delta_logp_vs_base": 0.48410097219939746,
      "sd_logp": 2.3150081027474316
    },
    "+bounded_fields_plus_metadata_bounded": {
      "ladder_level": "L1",
      "logp": [
        0.6977288243363949,
        0.8115120832096998,
        1.2382515598308486,
        0.5772450003036264,
        0.22243471504731543,
        0.5154674135301408,
        -0.7355653096370616,
        0.7526047782827529,
        1.4665016242567241,
        0.13695042378606392,
        0.4874339808917218,
        0.17572052570727847,
        1.642827886305481,
        0.6308508971442712,
        2.1840683204123326,
        3.2517425367698714,
        0.737422221885483,
        2.191724057545703,
        0.7771830501858885,
        1.0367467867936464,
        2.2561341702365,
        0.9719365805947059,
        0.5399501940751364,
        -5.236770469353729,
        1.5566702715357625,
        0.062181032371137146,
        -1.1730689404604755,
        0.4260228022726018,
        0.6897488586463205,
        0.5636996617137262,
        0.7376869040497716,
        -0.3412599493135372,
        1.3204663559352483,
        1.9512845312398306,
        0.9117428322762222,
        1.2695840036976165,
        1.655767761811953,
        2.305471138670683,
        2.2227305652346674,
        1.5365846529871243,
        0.34881482774512784,
        0.22875271574908035,
        1.06076045356011
      ],
      "mean_delta_logp_vs_base": 0.380504390894011,
      "mean_logp": 0.806133542601483,
      "sd_delta_logp_vs_base": 1.7834124797314568,
      "sd_logp": 1.2597222003666966
    },
    "+cal_offset_bounded": {
      "ladder_level": "L1",
      "logp": [
        0.9293818673693103,
        0.756711688264954,
        0.9614636952830018,
        0.6105713422207584,
        0.15011146125424374,
        0.47001659710190435,
        0.047976835152444997,
        0.35094359106160056,
        1.5815044114734333,
        0.46668234228623795,
        0.430992867228845,
        -0.2672308694373209,
        0.9069438556187865,
        0.48866371435823985,
        2.0865635899322053,
        3.121462249284129,
        0.7457419048411392,
        2.4343291440308477,
        1.0010242894999457,
        0.9199669848227764,
        2.551266970980047,
        0.9670808888928205,
        0.5669870935983525,
        -10.533671405607876,
        1.4811474420270023,
        0.119274732164602,
        -0.6212782924620412,
        1.4922772976314316,
        -0.011686732783126486,
        1.1639605738057988,
        0.7622822413149377,
        -0.1545008145902283,
        1.623327509916351,
        2.102276038384346,
        0.9289007230287504,
        1.4921364900840899,
        1.7374469554783545,
        2.432536414792728,
        2.598413151414544,
        0.9449994259888239,
        0.4018016661372057,
        0.16367141932243273,
        1.1115949438236143
      ],
      "mean_delta_logp_vs_base": 0.30725611096672456,
      "mean_logp": 0.7328852626741964,
      "sd_delta_logp_vs_base": 0.9547974601435256,
      "sd_logp": 1.9297240033211407
    },
    "baseline": {
      "ladder_level": "L1",
      "logp": [
        0.8792375709938295,
        0.8857278979680093,
        0.20925347347692913,
        0.6846471280860642,
        0.2364548153815053,
        0.3376099833673255,
        0.5719222701177105,
        -0.5395184346351081,
        1.1172735069071658,
        1.0259662233412654,
        0.26830749929502,
        -0.893713170142667,
        -0.3535846522847552,
        -0.19701709835401693,
        2.3595932269684288,
        3.37661886063276,
        0.6373840831726525,
        2.2371712627054023,
        1.1497809846083382,
        1.1248282838697792,
        2.3241176995362687,
        0.7539692614196394,
        0.5333371199302759,
        -16.200873760240455,
        0.9669374738146211,
        -0.06987825474065545,
        -0.003046926542265016,
        0.8596548422573773,
        -0.9650777767398444,
        1.429196472572868,
        0.8202273767696586,
        -0.06449795701561652,
        0.6539937211949911,
        1.8546032792255382,
        0.980927590517762,
        0.8140893169943213,
        2.1629063722971917,
        2.2698232199611064,
        2.909916754631449,
        -0.5407419658972858,
        0.263527833420274,
        0.34402381519509595,
        1.0869742993833338
      ],
      "mean_delta_logp_vs_base": 0.0,
      "mean_logp": 0.4256291517074718,
      "sd_delta_logp_vs_base": 0.0,
      "sd_logp": 2.7402076942396234
    }
  },
  "n_rep": 43,
  "seed": 888,
  "train_frac": null,
  "use_diagonal_errors": true
}