{
  "edges": [
    44672.6,
    53410.4,
    54131.12,
    54885.0,
    57269.22,
    59385.6
  ],
  "mc": {
    "chi2_const": [
      4.725002062856732,
      2.737494324353489,
      0.9758587319941467,
      1.92561238243497,
      4.202076552438873,
      3.0934503221474396,
      7.230329509095508,
      3.0968219932634966,
      4.910678329939681,
      3.1999582719321316,
      8.346244565731286,
      2.189199041608575,
      0.9103332186785117,
      1.6769354362879827,
      1.8745371731149185,
      2.6876325249365807,
      2.3022213260458044,
      2.835127410604656,
      2.4407808629261822,
      3.6236579319958375,
      1.8086099815474377,
      4.130161309139271,
      0.3241932369752093,
      2.3375081036742795,
      0.8529948410065088,
      3.875338967130661,
      3.047591697940267,
      0.6604110668072496,
      4.323334758747777,
      6.131048933627776,
      5.942334305482762,
      3.078577507447401,
      2.8057656917069886,
      1.6382572127375779,
      1.3005511277072408,
      1.8562680622417342,
      3.9785421173297433,
      5.787776295978668,
      0.63196266157669,
      3.0853858015585844,
      1.3142881590069322,
      2.9956816324211624,
      5.913304479376336,
      3.465768214886387,
      2.524632333919949,
      1.539092846798463,
      3.1742626406299452,
      1.0616981101172251,
      5.0214455653852825,
      5.321684091452669,
      1.8409807266156224,
      5.041974795089034,
      2.9479710794278366,
      1.5630419434919607,
      3.5376777472634506,
      0.8735470920244586,
      6.082323027040721,
      14.790028049765892,
      4.668564467493171,
      4.476880421463007,
      2.9596056538751303,
      5.526836997487097,
      0.8991827882141249,
      3.089139656371683,
      2.5612392496899434,
      4.451691088423165,
      4.535859723653299,
      0.9452940741028961,
      0.6030774467326743,
      1.73590460582412,
      2.8722129151564726,
      4.465999745073537,
      3.771555192141533,
      5.09620221623787,
      0.5627572533770336,
      1.031319222346687,
      4.78617721805468,
      2.899131215301975,
      0.8254372051989309,
      2.3265478836643396,
      3.9672441824347087,
      2.267476360055568,
      5.825720956518603,
      3.1133487819498624,
      5.13575715259212,
      2.8730918237795313,
      0.6510525300116359,
      5.867922713688667,
      4.224131051129142,
      2.2117210250431696,
      5.4109761902107465,
      3.43060195071078,
      2.5979174389845294,
      6.042488211408479,
      7.522324883883312,
      2.936009624048201,
      1.5462289661404611,
      1.7930590777254,
      3.2541601782792133,
      5.773848288195991,
      3.363388203452252,
      5.416929303002628,
      1.4087194152291027,
      6.677049258098977,
      2.5853704896470573,
      6.948907916763914,
      1.6899300298079294,
      6.030055323846913,
      3.1343516923248647,
      0.9969486604983677,
      6.637382398364335,
      3.4537701425972527,
      0.054437071965700884,
      3.7543137921190444,
      0.9781551358008244,
      8.734457785182252,
      6.323201202475516,
      7.731797181004289,
      3.9480984870367473,
      2.916302057499416,
      4.462008824120584,
      4.9056224125364825,
      0.9533280371092554,
      1.0067803268170081,
      3.3847493460363385,
      2.758977265582981,
      4.919346468059004,
      3.0129113174559623,
      1.371543014284829,
      5.021126501171818,
      0.44337026722802086,
      7.648561042985126,
      3.131737120604096,
      4.796403605558675,
      6.154403326406879,
      0.8165913566636821,
      4.544922406097484,
      5.18185965037164,
      5.453201270218374,
      2.9767962905333833,
      3.1982784862696034,
      1.386390273738823,
      0.5602433526960305,
      5.3555722980796,
      5.166827312917703,
      2.5050187881274577,
      1.1708241083179818,
      7.304091877320191,
      1.7257775195270655,
      5.44172277873442,
      2.545122487641549,
      2.4013633781139987,
      1.7494942234011368,
      1.103531388789475,
      3.33168852582177,
      8.531957975962783,
      1.524049300417498,
      1.4163303591300371,
      3.0144807363180903,
      0.37473875561945286,
      6.712716384033196,
      3.215285572984426,
      2.0160162933822265,
      9.525963068664076,
      6.111906428789669,
      7.311161155028063,
      4.392643147649992,
      4.526645538188224,
      2.9640214617817406,
      0.8390539649362894,
      2.5617905121540208,
      4.570552320509381,
      0.6758564191998382,
      5.482954423439459,
      2.5732056108261543,
      1.6876795379702005,
      4.643166314193203,
      3.7178776758381265,
      2.326422405581761,
      6.065158485480968,
      6.250332106349724,
      5.066957810087036,
      2.144179938959233,
      1.468572080203386,
      3.279034296848964,
      5.41179506186506,
      2.951421002160209,
      4.5299339891755945,
      1.120284024552496,
      2.896076376566184,
      3.1358457898754644,
      2.1745930737097354,
      4.610303217013099,
      1.98124317054032,
      2.775713516976851,
      3.13686696423627,
      3.56179150628566,
      1.2445558605393683,
      2.1892087733826737,
      3.444793951208354
    ],