{
  "chi2": 1514.326116655068,
  "cov": [
    [
      0.00018237800271485958,
      -8.115325232930452e-05,
      -0.00010474125603875593,
      -9.814301470956587e-05,
      -9.881531877162636e-05,
      -9.540972492562953e-05,
      -0.0001139993407599511,
      -9.525623560415532e-05,
      -0.00010006940454029924,
      -0.00010020403250592854,
      -0.00010325751512915457,
      -9.461787925703935e-05,
      -9.650222839296196e-05,
      -9.616641923313703e-05,
      -9.305763129252586e-05,
      -7.352635928854701e-05,
      -0.0001053440530231839,
      4.170964172969594e-05
    ],
    [
      -8.115325232930391e-05,
      0.0004825595638620763,
      8.39106862675813e-05,
      7.657869673402275e-05,
      8.428158012629157e-05,
      7.013470246571288e-05,
      8.776558820517686e-05,
      6.843833950137071e-05,
      7.925222442358802e-05,
      8.271385189427372e-05,
      0.00010114513880237287,
      7.576097060803345e-05,
      7.621642318937451e-05,
      8.388954757706196e-05,
      8.197592786827218e-05,
      5.1227650316092524e-05,
      8.658648696213622e-05,
      -3.5985286272644172e-09
    ],
    [
      -0.00010474125603875533,
      8.391068626758145e-05,
      0.0003287677478960188,
      8.629996285457355e-05,
      0.00010014036497236095,
      0.0001133847267393718,
      9.844043504323656e-05,
      0.00013755890788488606,
      8.010014742381568e-05,
      0.0001235753710178319,
      0.00010697320415886369,
      0.00010666197766418752,
      0.00010683403617540152,
      0.00014445526723610758,
      0.00013812202062118034,
      9.734499110296642e-05,
      0.00011610162524841,
      -1.943668109206147e-06
    ],
    [
      -9.81430147095651e-05,
      7.657869673402273e-05,
      8.629996285457333e-05,
      0.0002455485319188062,
      0.00012858909377012345,
      8.322473921082431e-05,
      0.00011440008526260985,
      8.994055513729229e-05,
      0.0001058723534505317,
      9.494123606679668e-05,
      8.976225757332248e-05,
      9.012488296255887e-05,
      9.335171279541944e-05,
      9.231602837611662e-05,
      8.871732560311e-05,
      6.306423434645108e-05,
      0.00011101379291589126,
      1.1872209672148006e-07
    ],
    [
      -9.88153187716254e-05,
      8.428158012629143e-05,
      0.00010014036497236062,
      0.00012858909377012328,
      0.00019541284767526598,
      8.488307531184519e-05,
      0.00011463736286333421,
      8.925965614707136e-05,
      6.746706963785315e-05,
      9.71915779041129e-05,
      9.354570559957448e-05,
      8.962079130735817e-05,
      9.242131650358366e-05,
      9.575800627204143e-05,
      8.983891991634994e-05,
      6.870269817439028e-05,
      0.00011846389359916825,
      4.218973715107971e-08
    ],
    [
      -9.540972492562862e-05,
      7.013470246571285e-05,
      0.00011338472673937159,
      8.322473921082428e-05,
      8.488307531184528e-05,
      0.0008660088122756102,
      0.00010741382765095761,
      0.0001429269060545342,
      0.00010549695843255921,
      0.00010317660986413165,
      0.00010247248476804881,
      0.00010448286930041443,
      9.691735466509034e-05,
      0.0001005280003444522,
      0.00010349937486201123,
      6.521414800497021e-05,
      0.00013078567955580975,
      -3.245751112408989e-06
    ],
    [
      -0.00011399934075995032,
      8.776558820517695e-05,
      9.844043504323647e-05,
      0.00011440008526260998,
      0.00011463736286333447,
      0.00010741382765095773,
      0.0008363755031021827,
      0.00010632017341165477,
      0.0001776591139462196,
      0.00013742306540114277,
      0.0001289636709306819,
      0.00016614353232666406,
      0.00013913088866407842,
      0.00011391020413854064,
      0.00011661660087019168,
      6.764131285123216e-05,
      8.849857078139627e-05,
      -4.176616795211934e-06
    ],
    [
      -9.525623560415481e-05,
      6.843833950137082e-05,
      0.00013755890788488603,
      8.994055513729245e-05,
      8.925965614707165e-05,
      0.00014292690605453439,
      0.0001063201734116548,
      0.0004974940843193639,
      0.000128885088389062,
      0.00010435994597284531,
      9.891126269348645e-05,
      9.662708463912731e-05,
      9.84446776170681e-05,
      0.0001114428637920927,
      0.00012622083294102447,
      7.850540306883457e-05,
      0.00011390829294514153,
      -2.3546584997066495e-06
    ],
    [
      -0.00010006940454029878,
      7.925222442358815e-05,
      8.010014742381566e-05,
      0.00010587235345053188,
      6.746706963785344e-05,
      0.00010549695843255944,
      0.00017765911394621972,
      0.00012888508838906204,
      0.0012878500010896831,
      0.00012021883030766329,
      0.0001076480701984513,
      0.0001156632240081805,
      0.0001226662231397536,
      0.00011392981334383637,
      0.00010459614049349652,
      0.00022552925894453335,
      4.675963468567303e-05,
      -4.595988656207056e-06
    ],
    [
      -0.00010020403250592813,
      8.271385189427382e-05,
      0.00012357537101783186,
      9.494123606679683e-05,
      9.719157790411315e-05,
      0.00010317660986413181,
      0.00013742306540114285,
      0.00010435994597284531,
      0.00012021883030766328,
      0.0002650176304245607,
      0.00010834544948001928,
      0.00016866960520967947,
      0.0001521784415551088,
      0.00013409040255589748,
      0.00011118068910368942,
      8.05618478412989e-05,
      0.00011278058238758658,
      -2.182229473892662e-06
    ],
    [
      -0.0001032575151291539,
      0.00010114513880237294,
      0.00010697320415886357,
      8.976225757332259e-05,
      9.354570559957471e-05,
      0.00010247248476804895,
      0.0001289636709306819,
      9.891126269348639e-05,
      0.00010764807019845119,
      0.00010834544948001921,
      0.0013302364637833859,
      9.369908842680537e-05,
      0.00010183009357740484,
      0.00010462028843510634,
      0.00010294415380563385,
      8.700825475494514e-05,
      0.0001114924732806474,
      -4.28473803991246e-06
    ],
    [
      -9.461787925703905e-05,
      7.576097060803361e-05,
      0.00010666197766418756,
      9.012488296255911e-05,
      8.962079130735853e-05,
      0.00010448286930041469,
      0.00016614353232666425,
      9.66270846391274e-05,
      0.00011566322400818061,
      0.00016866960520967953,
      9.369908842680554e-05,
      0.0008169037237499446,
      0.00012629706249244832,
      0.0001125748851255577,
      9.508864342195535e-05,
      7.485509357580764e-05,
      9.581754449181896e-05,
      -1.8788932717112641e-06
    ],
    [
      -9.650222839296127e-05,
      7.62164231893745e-05,
      0.00010683403617540134,
      9.335171279541946e-05,
      9.242131650358377e-05,
      9.69173546650904e-05,
      0.0001391308886640783,
      9.844467761706796e-05,
      0.00012266622313975345,
      0.00015217844155510866,
      0.00010183009357740476,
      0.00012629706249244813,
      0.0005217807869182203,
      0.00011020146030530906,
      0.00010082895548761625,
      8.118466017857558e-05,
      0.00010421836626751337,
      -2.0835310663374667e-06
    ],
    [
      -9.616641923313631e-05,
      8.388954757706203e-05,
      0.0001444552672361075,
      9.231602837611673e-05,
      9.575800627204166e-05,
      0.00010052800034445236,
      0.00011391020413854062,
      0.00011144286379209267,
      0.00011392981334383629,
      0.00013409040255589743,
      0.00010462028843510636,
      0.00011257488512555756,
      0.00011020146030530913,
      0.0002919416867265943,
      0.0001080728318344987,
      8.215092978747178e-05,
      0.00010967123638140116,
      -1.248641564744816e-06
    ],
    [
      -9.305763129252513e-05,
      8.197592786827222e-05,
      0.0001381220206211802,
      8.871732560311006e-05,
      8.983891991635012e-05,
      0.00010349937486201131,
      0.0001166166008701916,
      0.00012622083294102433,
      0.00010459614049349641,
      0.00011118068910368934,
      0.00010294415380563382,
