{
  "chi2": 1488.0114372390306,
  "cov": [
    [
      0.00019101507389291967,
      -8.116473291839965e-05,
      -0.00010073296103414836,
      -9.84062564269172e-05,
      -9.893229774513552e-05,
      -8.845457486624317e-05,
      -0.0001057686572602346,
      -9.034728996863571e-05,
      -9.055719733520436e-05,
      -9.562590239188354e-05,
      -9.507376382371542e-05,
      -9.261550334333852e-05,
      -9.224276940708331e-05,
      -9.359369236252109e-05,
      -9.111000285943342e-05,
      -6.920611079430295e-05,
      -0.00010433916643693061,
      4.5831330825999295e-05,
      -9.395962048262334e-05,
      -1.523631727908822e-06
    ],
    [
      -8.116473291839906e-05,
      0.00048258155276263107,
      8.386140776045943e-05,
      7.660326746888784e-05,
      8.431760492319419e-05,
      6.97490150610453e-05,
      8.810268452915607e-05,
      6.831704501836969e-05,
      7.909573400104449e-05,
      8.256825139996522e-05,
      0.0001017922376203921,
      7.788309499077348e-05,
      7.62067503369126e-05,
      8.386057439444057e-05,
      8.20045956771794e-05,
      5.120979881536179e-05,
      8.660934594546452e-05,
      3.8584962381544614e-10,
      2.710320928525256e-07,
      1.7656734532220597e-06
    ],
    [
      -0.00010073296103414775,
      8.386140776045951e-05,
      0.0003307074051999222,
      8.612988176837655e-05,
      0.0001000145408919583,
      0.00011735113583653746,
      0.0001015462303898056,
      0.00014005636282338598,
      8.478234917343997e-05,
      0.00012596952259296968,
      0.0001094370488392004,
      0.00010333476887482837,
      0.00010880979381943309,
      0.00014569492174662193,
      0.00013895920859598643,
      9.936503736088073e-05,
      0.00011651743015147303,
      -5.011575901673383e-08,
      -4.371697677367668e-05,
      -4.233379582526676e-06
    ],
    [
      -9.840625642691648e-05,
      7.66032674688878e-05,
      8.612988176837636e-05,
      0.00024558321956633333,
      0.0001286321835850645,
      8.259871699296246e-05,
      0.0001145339768388285,
      8.966507738956272e-05,
      0.00010542513571811569,
      9.464851885759154e-05,
      9.023923175155375e-05,
      9.240635043458659e-05,
      9.32180368693622e-05,
      9.22097898089976e-05,
      8.86926796738672e-05,
      6.291978719375079e-05,
      0.00011100997008918031,
      3.551341251263522e-09,
      3.0134702708238602e-06,
      1.9903695536114972e-06
    ],
    [
      -9.893229774513459e-05,
      8.431760492319404e-05,
      0.00010001454089195797,
      0.00012863218358506433,
      0.00019547297919777994,
      8.417473127481521e-05,
      0.00011509445392499366,
      8.900607566542385e-05,
      6.71039173897912e-05,
      9.690206560381851e-05,
      9.450937798656768e-05,
      9.306228938666994e-05,
      9.235730128038218e-05,
      9.568158209640914e-05,
      8.986366655355289e-05,
      6.862464382287869e-05,
      0.0001184898315095431,
      1.8213052481612107e-09,
      1.5066864108373445e-06,
      2.8995465382646465e-06
    ],
    [
      -8.845457486624227e-05,
      6.974901506104522e-05,
      0.00011735113583653723,
      8.259871699296238e-05,
      8.417473127481522e-05,
      0.0008780343907637173,
      0.0001080491727580989,
      0.00014882872070269418,
      0.00011558732472816584,
      0.00010923719427046321,
      9.775987036507935e-05,
      6.968328655562393e-05,
      0.00010040081740377694,
      0.00010302833190026862,
      0.00010452522378933158,
      6.888508849534835e-05,
      0.00013117674284948507,
      -8.934062162766313e-08,
      -7.786071079085322e-05,
      -3.1438799890931086e-05
    ],
    [
      -0.00010576865726023363,
      8.8102684529156e-05,
      0.0001015462303898054,
      0.00011453397683882848,
      0.00011509445392499376,
      0.00010804917275809893,
      0.0008496938876877176,
      0.00010915870302944777,
      0.00018440330001895616,
      0.00013955593477685998,
      0.00014714590611700465,
      0.00020169192542732775,
      0.00014310741179462264,
      0.00011594572687316291,
      0.00011895889825582935,
      7.1547252571678e-05,
      8.983485273586049e-05,
      -9.964160005239006e-08,
      -8.68437470977867e-05,
      2.6484861200172396e-05
    ],
    [
      -9.034728996863514e-05,
      6.831704501836972e-05,
      0.00014005636282338592,
      8.96650773895628e-05,
      8.900607566542406e-05,
      0.00014882872070269435,
      0.00010915870302944792,
      0.0005008711007033348,
      0.0001350184792321111,
      0.00010767907285297011,
      0.00010010398943276169,
      8.665928294882759e-05,
      0.00010087557804742468,
      0.0001130319796009266,
      0.00012715947808591,
      8.101300371516803e-05,
      0.00011435044172511458,
      -6.187409221544643e-08,
      -5.3946789499068445e-05,
      -1.0076043625421312e-05
    ],
    [
      -9.055719733520371e-05,
      7.909573400104453e-05,
      8.478234917343988e-05,
      0.00010542513571811577,
      6.710391738979138e-05,
      0.00011558732472816598,
      0.00018440330001895624,
      0.00013501847923211112,
      0.0012992204619084724,
      0.00012615160007605755,
      0.00011231102372347359,
      0.00010394336720906854,
      0.0001273622193155954,
      0.00011691769204407721,
      0.00010652666557780404,
      0.00023034493214274047,
      4.7702861788406314e-05,
      -1.193708051869521e-07,
      -0.00010401003266162739,
      -1.3220417218174248e-05
    ],
    [
      -9.562590239188308e-05,
      8.256825139996524e-05,
      0.00012596952259296958,
      9.464851885759164e-05,
      9.690206560381873e-05,
      0.00010923719427046333,
      0.00013955593477686009,
      0.0001076790728529701,
      0.00012615160007605752,
      0.0002683193435308114,
      0.0001084852937632405,
      0.00015623283675688185,
      0.00015445149007308636,
      0.0001356102219202956,
      0.00011200989467786027,
      8.29183979698412e-05,
      0.00011315718065444788,
      -5.794290249665042e-08,
      -5.0528078511758734e-05,
      -1.2003937675847612e-05
    ],
    [
      -9.507376382371463e-05,
      0.00010179223762039202,
      0.00010943704883920021,
      9.023923175155375e-05,
      9.450937798656781e-05,
      9.775987036507943e-05,
      0.00014714590611700462,
      0.0001001039894327616,
      0.00011231102372347349,
      0.00010848529376324037,
      0.0013576545298171847,
      0.00015920670223041637,
      0.00010572663487852399,
      0.00010628124140181917,
      0.000105716625819359,
      9.071965805655091e-05,
      0.00011316450108652987,
      -9.669170239370427e-08,
      -8.426668003175024e-05,
      5.1369588654414407e-05
    ],
    [
      -9.261550334333818e-05,
      7.78830949907736e-05,
      0.00010333476887482836,
      9.240635043458675e-05,
      9.306228938667021e-05,
      6.968328655562412e-05,
      0.00020169192542732789,
      8.665928294882767e-05,
      0.0001039433672090687,
      0.00015623283675688187,
      0.00015920670223041673,
      0.0010228233200152426,
      0.00012688966530346684,
      0.00011069616416128558,
      9.855935395440733e-05,
      7.467865845265161e-05,
      9.838838842538683e-05,
      -8.541400840448989e-09,
      -7.5111922093018675e-06,
      0.00017018732329175803
    ],
    [
      -9.224276940708258e-05,
      7.620675033691254e-05,
      0.00010880979381943291,
      9.321803686936219e-05,
      9.235730128038227e-05,
      0.00010040081740377696,
      0.00014310741179462266,
      0.00010087557804742457,
      0.0001273622193155953,
      0.00015445149007308628,
      0.00010572663487852396,
      0.0001268896653034667,
      0.0005238725038923619,
      0.00011146911368971991,
      0.00010177930910574583,
      8.330770662780749e-05,
      0.00010470722278145885,
      -5.294240571562448e-08,
      -4.61713796876954e-05,
      -1.0719751787798474e-06
    ],
    [
      -9.359369236252034e-05,
      8.38605743944406e-05,
      0.00014569492174662182,
