{
  "H0_eff": {
    "mean": 68.21760428147718,
    "sd_lin": 0.3133886247448453
  },
  "anchor": {
    "H0": 67.4,
    "rd_Mpc": 147.09
  },
  "calibrator_offset_equiv_H0": {
    "mean": 62.528958739911936,
    "sd_lin": 0.9193310503695581
  },
  "calibrator_offset_equiv_delta_lnH0": {
    "mean": -0.0750152286460719,
    "sd": 0.014702484559090434
  },
  "calibrator_offset_mag": {
    "mean": 0.16289349929849883,
    "sd": 0.0319260395714037
  },
  "delta_lnH0": {
    "mean": 0.012057640916423452,
    "sd": 0.004593955300038854
  },
  "delta_mu_equiv_mag": {
    "mean": -0.026182834573867865,
    "sd": 0.009975647184585358
  }
}