{
  "chi2": 304.9036534467241,
  "cov": [
    [
      8.741597036477507e-05,
      -2.6656156549759674e-05,
      -1.116172728641859e-05,
      -5.356758372282465e-06,
      -1.685809690789813e-05,
      -2.5110160913319046e-06,
      -3.3112032085708945e-05,
      -2.397274789081502e-06,
      -2.900492508003292e-07,
      -8.225478905351275e-07,
      -9.092009420931204e-07,
      -1.6188263453306383e-06,
      -1.055935261932922e-06,
      -7.338221483827105e-06,
      -2.6096144606072466e-05,
      -1.9751719819032977e-05,
      -1.7489202925925476e-06,
      -1.6952865018754964e-06,
      -4.0487563896730255e-06,
      -1.5815266573287416e-06,
      2.05618636275019e-08
    ],
    [
      -2.6656156549759708e-05,
      0.00025097305675369125,
      2.4313221216733548e-06,
      4.373050108098782e-06,
      -8.987673682651124e-07,
      1.9858421676914392e-06,
      -2.794861408015672e-06,
      1.8668787292229229e-06,
      9.50103410918717e-08,
      2.5040057561591274e-07,
      2.79691386089498e-07,
      1.8483568275626515e-06,
      1.0792627340814377e-06,
      5.263943038534244e-06,
      8.073548761368161e-06,
      -3.2935303505297993e-06,
      -2.3254425917840025e-06,
      -2.657045089936079e-06,
      -9.182404077092092e-06,
      2.004958202580156e-06,
      -1.9222650622922716e-10
    ],
    [
      -1.1161727286418596e-05,
      2.4313221216733527e-06,
      0.00013837293547225264,
      4.730295915541889e-07,
      2.117167480768438e-06,
      2.8102442361708475e-07,
      -2.1247890973715757e-06,
      4.36452659140933e-07,
      3.4562775342105173e-08,
      -3.027328311694877e-08,
      9.06666434785792e-08,
      1.430311738307412e-07,
      7.805026714763022e-08,
      1.1117973488441583e-07,
      7.551061980933149e-06,
      1.824884427781132e-06,
      2.3433726963717427e-07,
      9.803003483457995e-07,
      -8.161534748936368e-07,
      1.951530719860895e-06,
      1.0651479298539104e-10
    ],
    [
      -5.356758372282465e-06,
      4.373050108098785e-06,
      4.7302959155418856e-07,
      0.0002501989646458504,
      2.110447534392062e-06,
      1.8378461345523509e-06,
      4.848399970836387e-06,
      4.0057124345652265e-07,
      3.613987077163815e-08,
      3.0465247804067655e-08,
      8.735574874647863e-08,
      1.7625544194963246e-07,
      1.327709474541608e-07,
      2.2421749238148002e-07,
      1.0568591098291871e-05,
      -3.7222193809007574e-06,
      6.656902284127782e-07,
      1.7768542024045008e-07,
      5.144918266587913e-06,
      -1.4662753232020914e-05,
      -2.17252268893349e-10
    ],
    [
      -1.6858096907898132e-05,
      -8.987673682651136e-07,
      2.117167480768437e-06,
      2.1104475343920615e-06,
      0.00037634483055158733,
      6.77472915558115e-07,
      2.1400882788930073e-05,
      1.7222829245781018e-06,
      1.3795762782844692e-07,
      1.277678451239749e-06,
      7.200301511633927e-07,
      3.534565837874042e-07,
      3.277243105634796e-07,
      4.3108314592381537e-07,
      1.1633364765322549e-06,
      -8.007307819575198e-06,
      -4.972166613955745e-06,
      -6.320769517543808e-06,
      6.111647383777967e-06,
      9.550658062212723e-08,
      -4.673559781871191e-10
    ],
    [
      -2.511016091331907e-06,
      1.9858421676914405e-06,
      2.810244236170852e-07,
      1.8378461345523517e-06,
      6.774729155581155e-07,
      4.174921027981869e-05,
      5.125498636174496e-06,
      1.0600435136889114e-07,
      9.941405241101757e-09,
      2.610513711955441e-08,
      3.5676797134868616e-08,
      9.006225793512891e-08,
      8.431326021887743e-08,
      4.237999684778081e-07,
      1.4864918963762115e-06,
      -3.966753931600021e-07,
      1.680765710077712e-07,
      2.1550812714639245e-07,
      -1.7679626948376972e-06,
      -3.76451833168371e-07,
      -2.315206391573837e-11
    ],
    [
      -3.311203208570893e-05,
      -2.794861408015689e-06,
      -2.124789097371575e-06,
      4.848399970836387e-06,
      2.1400882788930056e-05,
      5.125498636174497e-06,
      0.0011312754896484164,
      2.536701521655344e-06,
      1.8692501607128547e-07,
      6.901979675657482e-07,
      9.10965355195287e-07,
      1.589945376367001e-06,
      7.197201757869642e-07,
      3.642734228079128e-05,
      -1.0696103447788358e-05,
      -1.1866399556244725e-05,
      -2.8923139673603e-07,
      -4.925790058026273e-06,
      -3.3979141760874985e-05,
      3.040490010072152e-06,
      -6.925946600659398e-10
    ],
    [
      -2.397274789081503e-06,
      1.866878729222922e-06,
      4.364526591409329e-07,
      4.0057124345652233e-07,
      1.7222829245781022e-06,
      1.0600435136889116e-07,
      2.536701521655344e-06,
      2.0970802709643774e-05,
      1.3513910666344047e-08,
      3.530989288691851e-07,
      2.2864354085564398e-07,
      2.333430614624618e-07,
      5.7729279020844144e-08,
      2.873640573523042e-07,
      1.1781778427917428e-06,
      -4.944954662154227e-07,
      -7.997320713102174e-08,
      -1.0418081352920884e-06,
      1.736019923856746e-07,
      -2.36491609890926e-06,
      -2.886151743198957e-11
    ],
    [
      -2.9004925080032915e-07,
      9.501034109187157e-08,
      3.456277534210515e-08,
      3.6139870771638164e-08,
      1.3795762782844692e-07,
      9.941405241101744e-09,
      1.869250160712855e-07,
      1.3513910666344048e-08,
      1.0298429858146354e-05,
      1.3668475379158263e-09,
      3.5234554612532963e-09,
      7.1213097947726735e-09,
      4.571555290493002e-09,
      4.31237429833198e-08,
      1.2041423852683035e-07,
      -1.5301668930676114e-07,
      3.92844903144232e-08,
      5.599995010051652e-08,
      9.660907372619225e-08,
      9.462773770162368e-08,
      -8.931006767881772e-12
    ],
    [
      -8.225478905351281e-07,
      2.504005756159124e-07,
      -3.0273283116948664e-08,
      3.0465247804067384e-08,
      1.2776784512397488e-06,
      2.6105137119554444e-08,
      6.901979675657505e-07,
      3.530989288691849e-07,
      1.3668475379158263e-09,
      3.133439263278431e-05,
      2.8401832463037497e-08,
      2.5871353243029615e-08,
      3.3178162375031026e-09,
      6.087646706626228e-08,
      -5.81608241972688e-08,
      -3.2457202245118113e-07,
      1.7213122205993095e-07,
      1.8016336706221664e-06,
      3.7338176534132794e-07,
      4.15053707045655e-06,
      -1.8943999207092456e-11
    ],
    [
      -9.092009420931205e-07,
      2.7969138608949786e-07,
      9.066664347857916e-08,
      8.735574874647855e-08,
      7.200301511633927e-07,
      3.567679713486859e-08,
      9.109653551952876e-07,
      2.2864354085564396e-07,
      3.523455461253296e-09,
      2.8401832463037537e-08,
      1.9508936178698186e-05,
      2.358837119639642e-08,
      1.340256007721236e-08,
      1.189446180457494e-07,
      2.7965433511587675e-07,
      -1.4480460558885215e-07,
      4.5761620484239684e-08,
      -1.8730040244350356e-08,
      1.6415104293334335e-07,
      -9.755885652633699e-09,
      -8.451560601029271e-12
    ],
    [
      -1.6188263453306395e-06,
      1.8483568275626505e-06,
      1.4303117383074125e-07,
      1.7625544194963248e-07,
      3.5345658378740456e-07,
      9.00622579351289e-08,
      1.5899453763670017e-06,
      2.3334306146246187e-07,
      7.121309794772679e-09,
      2.5871353243029645e-08,
      2.358837119639643e-08,
      1.3059873865027542e-05,
      3.0383759829489084e-08,
      2.2380580786454962e-07,
      5.789477894222648e-07,
      1.9866764727576344e-07,
      -1.0858546798469814e-07,
      -1.5139486321467e-07,
      2.0654267957558147e-08,
      1.8292042443027143e-09,
      1.1595914224583069e-11
    ],
    [
      -1.0559352619329217e-06,
      1.0792627340814375e-06,
      7.805026714763021e-08,
      1.3277094745416073e-07,
      3.277243105634796e-07,
      8.431326021887734e-08,
      7.197201757869641e-07,
      5.772927902084412e-08,
      4.571555290493003e-09,
      3.3178162375030964e-09,
      1.340256007721236e-08,
