{
  "H0_eff": {
    "mean": 67.40019724220602,
    "sd_lin": 0.00673990542475645
  },
  "anchor": {
    "H0": 67.4,
    "rd_Mpc": 147.09
  },
  "calibrator_offset_equiv_H0": {
    "mean": 65.86376810639372,
    "sd_lin": 0.5006813972348705
  },
  "calibrator_offset_equiv_delta_lnH0": {
    "mean": -0.02305652872279404,
    "sd": 0.007601772744403108
  },
  "calibrator_offset_mag": {
    "mean": 0.05006661598076641,
    "sd": 0.016507039777884043
  },
  "delta_lnH0": {
    "mean": 2.9264379435636675e-06,
    "sd": 9.99983041672157e-05
  },
  "delta_mu_equiv_mag": {
    "mean": -6.354679252610003e-06,
    "sd": 0.0002171435584975236
  }
}