{
  "chi2": 1177.103014099631,
  "cov": [
    [
      0.00011800432993927683,
      -0.00010425838196535018,
      -0.00013403208316883504,
      -0.00012693028937727006,
      -0.0001286768306377502,
      -0.00010037246666038409,
      -0.0001564000503924113,
      -0.00011498987299982054,
      -0.0001235486966310283,
      -0.00012603267458279199,
      -0.00012649330415876497,
      -0.00012151351549885241,
      -0.00011859424180450305,
      -0.00012095374561079585,
      -0.0001174109549258907,
      -8.141979015953328e-05,
      -0.00014109437227740227
    ],
    [
      -0.00010425838196535026,
      0.0005037087314309074,
      0.00010907288848507089,
      0.00010175434469123546,
      0.00011001372721700846,
      7.621988173419164e-05,
      0.00012781823874560667,
      7.955357574655696e-05,
      0.0001115479501927901,
      0.0001091098106232999,
      0.0001498978048954952,
      9.778128274896284e-05,
      9.573365103199284e-05,
      0.00010932772803610343,
      0.00010617004367472145,
      5.247740041728333e-05,
      0.00011591158946532282
    ],
    [
      -0.0001340320831688352,
      0.00010907288848507096,
      0.0005336302996081154,
      0.00010612029138994296,
      0.0001323924907446113,
      0.00012343330433314145,
      0.00013391439973675705,
      0.00022137621926046402,
      5.918866376727415e-05,
      0.00016601221501421875,
      0.00015010797976431207,
      0.00014072139358958395,
      0.0001384518691870137,
      0.00020880985099581742,
      0.00019380983816559696,
      0.00012974820697982822,
      0.00016139438383766153
    ],
    [
      -0.0001269302893772701,
      0.00010175434469123538,
      0.00010612029138994278,
      0.0002791073188810409,
      0.00016332502419726908,
      8.467965709293714e-05,
      0.0001768917532166941,
      0.00010891625446305571,
      0.00016768785602728014,
      0.0001222381009310838,
      0.00011223732005262945,
      0.00011922312766857964,
      0.00011875283437242482,
      0.0001161701150983987,
      0.00011072323953433193,
      6.509123379254436e-05,
      0.00014914607788500813
    ],
    [
      -0.00012867683063775008,
      0.00011001372721700828,
      0.00013239249074461094,
      0.00016332502419726892,
      0.0002388155403834152,
      8.451012881631543e-05,
      0.00017762806815205967,
      0.00011086910045491287,
      6.657892326179759e-05,
      0.00012564121465625754,
      0.0001202664436511696,
      0.00012203368590976052,
      0.00011692171023686575,
      0.00012408961527879194,
      0.00011397277881079279,
      8.948547866428457e-05,
      0.0001600665390902144
    ],
    [
      -0.00010037246666038383,
      7.621988173419127e-05,
      0.00012343330433314093,
      8.467965709293686e-05,
      8.451012881631517e-05,
      0.0019044799830886837,
      0.00015432992911739666,
      0.00010675731177859325,
      0.00016255193151975834,
      0.00012255096632617982,
      0.00012427518500277186,
      0.00011474131357211228,
      0.0001144897647228866,
      0.00011090250519449911,
      0.00011521474568890484,
      8.961762029187283e-05,
      0.00011372233808709324
    ],
    [
      -0.00015640005039241147,
      0.00012781823874560665,
      0.00013391439973675697,
      0.00017689175321669421,
      0.00017762806815205994,
      0.00015432992911739715,
      0.0018840625421156347,
      0.0001395215337581398,
      0.0003977543192864759,
      0.00017722567151814874,
      0.00018154983270951365,
      0.00016655166951478804,
      0.00017050263818637498,
      0.00016124420002142168,
      0.0001737157589106936,
      5.378179390704726e-05,
      9.591397987615431e-05
    ],
    [
      -0.00011498987299982066,
      7.9553575746557e-05,
      0.0002213762192604641,
      0.00010891625446305582,
      0.00011086910045491312,
      0.00010675731177859362,
      0.00013952153375813977,
      0.0009423275876471968,
      0.00010367766177322543,
      0.0001360508345024839,
      0.00013510694192723946,
      0.00012608763169484732,
      0.00012536059883780801,
      0.00015504360029865348,
      0.0001882053072929663,
      9.14703261931433e-05,
      0.00014841944634639951
    ],
    [
      -0.00012354869663102846,
      0.00011154795019279015,
      5.918866376727409e-05,
      0.00016768785602728033,
      6.657892326179788e-05,
      0.00016255193151975875,
      0.0003977543192864761,
      0.00010367766177322547,
      0.003396880079607392,
      0.00016143226961847577,
      0.00014436929809649544,
      0.0001281279862972403,
      0.00017303134360969617,
      0.0001330314806367799,
      0.00012629636678657965,
      8.954248966920516e-05,
      1.0163879276610891e-05
    ],
    [
      -0.0001260326745827919,
      0.0001091098106232997,
      0.00016601221501421842,
      0.00012223810093108366,
      0.00012564121465625752,
      0.00012255096632618004,
      0.00017722567151814844,
      0.0001360508345024837,
      0.00016143226961847548,
      0.00045743196480816235,
      0.0001506511332343043,
      0.00017241771449216965,
      0.00020327330292348715,
      0.0001778749877592308,
      0.00015279398637778173,
      9.923933168332786e-05,
      0.00015527813566873667
    ],
    [
      -0.00012649330415876508,
      0.00014989780489549516,
      0.000150107979764312,
      0.00011223732005262956,
      0.0001202664436511698,
      0.00012427518500277227,
      0.00018154983270951365,
      0.00013510694192723943,
      0.0001443692980964954,
      0.00015065113323430455,
      0.0027300897244114503,
      0.00014627995093831748,
      0.00014164343151496962,
      0.0001442345432030968,
      0.00014463495217279066,
      0.00011561697667199583,
      0.00015343826856341631
    ],
    [
      -0.00012151351549885244,
      9.77812827489628e-05,
      0.00014072139358958381,
      0.00011922312766857968,
      0.00012203368590976067,
      0.00011474131357211263,
      0.00016655166951478795,
      0.00012608763169484724,
      0.0001281279862972402,
      0.00017241771449216981,
      0.00014627995093831748,
      0.001979500904945787,
      0.0001382634320881256,
      0.00013583581668255289,
      0.00013106475079070146,
      0.00010093998534228477,
      0.0001476365839763697
    ],
    [
      -0.00011859424180450312,
      9.57336510319928e-05,
      0.00013845186918701356,
      0.00011875283437242486,
      0.0001169217102368659,
      0.00011448976472288694,
      0.0001705026381863749,
      0.00012536059883780793,
      0.00017303134360969604,
      0.0002032733029234873,
      0.0001416434315149696,
      0.00013826343208812557,
      0.000919748736861329,
      0.00014045346585692033,
      0.00013201803706199613,
      0.00010000610703505908,
      0.00013962331623333687
    ],
    [
      -0.0001209537456107959,
      0.00010932772803610336,
      0.00020880985099581728,
      0.00011617011509839873,
      0.0001240896152787921,
      0.00011090250519449944,
      0.00016124420002142155,
      0.00015504360029865331,
      0.0001330314806367798,
      0.00017787498775923095,
      0.00014423454320309674,
      0.00013583581668255286,
      0.0001404534658569203,
      0.000485598637884373,
      0.00014346168185538251,
      9.765088464489697e-05,
      0.00014823754869977595
    ],
    [
      -0.00011741095492589067,
      0.00010617004367472132,
      0.0001938098381655967,
      0.0001107232395343319,
      0.00011397277881079289,
      0.0001152147456889051,
      0.00017371575891069333,
      0.00018820530729296608,
      0.0001262963667865794,
      0.00015279398637778178,
      0.0001446349521727905,
      0.00013106475079070138,
      0.000132018037061996,
      0.00014346168185538243,
      0.0007789844653268913,
      8.667229561702668e-05,
      0.00014687912900389837
    ],
    [
      -8.141979015953363e-05,
      5.247740041728357e-05,
      0.0001297482069798285,
      6.509123379254472e-05,
      8.948547866428506e-05,
      8.961762029187336e-05,
