{
  "cut_var": "z",
  "cuts": [
    0.02001,
    0.07453909090909092,
    0.1290681818181818,
    0.18359727272727272,
    0.23812636363636364,
    0.2926554545454545,
    0.34718454545454547,
    0.40171363636363633,
    0.4562427272727273,
    0.5107718181818182,
    0.565300909090909,
    0.61983
  ],
  "mc": {
    "end_to_end": [
      0.2819619407034786,
      0.13279476591606354,
      0.012136752408686391,
      0.12460613289734113,
      0.07010052029838221,
      0.16536911908380603,
      0.016032592201277396,
      0.3038200575100767,
      0.0468972567377115,
      0.011750898255392883,
      0.16355657000230295,
      0.18889711470229997,
      0.3473496138744885,
      0.1420617595299909,
      0.09300944407080891,
      0.18144496907175522,
      0.046503385798725816,
      0.18652051439656958,
      0.24298230736790316,
      0.15331853268998685,
      0.3392487579638228,
      0.07760630830786752,
      0.06502234294134723,
      0.16196655692004924,
      0.23080810336296764,
      0.14242098110239354,
      0.026132785024753247,
      0.318639099654888,
      0.1795301711622166,
      0.2041221950482104,
      0.04506633258025161,
      0.307489726376847,
      0.0457730946533772,
      0.138081269617242,
      0.022251903241429005,
      0.2052003423311497,
      0.014636686064882554,
      0.05102198207885067,
      0.20685532908695947,
      0.16765632460153057,
      0.09751712958561853,
      0.07821060432481985,
      0.016151079579330485,
      0.26253296792091874,
      0.041304161587724764,
      0.0696382830592448,
      0.1175748094107476,
      0.11918980180529815,
      0.17450347288145807,
      0.26645873311456114,
      0.21349744228620438,
      0.007576787913851746,
      0.0694294204169239,
      0.18563260735257714,
      0.12265356812403638,
      0.036189430150983526,
      0.02931580421356017,
      0.10419222591560384,
      0.1858583908731326,
      0.0954701255622652,
      0.1747084882611709,
      0.39127835779509823,
      0.09805310531159961,
      0.018680925852265773,
      0.028368038021461928,
      0.12208435376269478,
      0.13228457662946624,
      0.0688855814090168,
      0.10290188886840212,
      0.04655569618755706,
      0.07270012231962397,
      0.12042165406228733,
      0.10667816923032092,
      0.1323955337709357,
      0.20237808530326262,
      0.18068942426175738,
      0.18730956600992954,
      0.05610815696120852,
      0.20620521876241682,
      0.18322262865146755,
      0.1362090728681622,
      0.2312251421967808,
      0.03597765404276032,
      0.08119604455102447,
      0.15663428201057883,
      0.18837179408779292,
      0.15623483547304318,
      0.17403937428624872,
      0.1785871466269704,
      0.09533011667399549,
      0.09196106768554557,
      0.15862729718083912,
      0.040866266084776726,
      0.05649052606241867,
      0.20792948501360087,
      0.2917966280911557,
      0.04373245695061101,
      0.27514637160750866,
      0.02870728536520062,
      0.2219887855255891,
      0.12828136324269934,
      0.10183827461371564,
      0.03595171715576484,
      0.17226227468852073,
      0.12107534469188153,
      0.26458297917940854,
      0.26007964447270737,
      0.09716951716602651,
      0.08876944794685215,
      0.041671967538018606,
      0.019182561207710336,
      0.04319048229783817,
      0.24444210474467098,
      0.0931213738719201,
      0.16801170836696855,
      0.21251838853399008,
      0.23446648443114526,
      0.20960609390972706,
      0.018472968726452876,
      0.12706105027849546,
      0.05343768079269395,
      0.12068566506653866,
      0.3242886711135071,
      0.01855260274108872,
      0.1826780276621811,
      0.02517946067091259,
      0.020966478972308522,
      0.12343680872976748,
      0.18233705071290274,
      0.29561078537129504,
      0.15954078175823128,
      0.0024552716502981298,
      0.055844684159257696,
      0.14631887598394755,
      0.13872100541922094,
      0.14926787983518963,
      0.17331693211208332,
      0.13430609268176852,
      0.12614232213703147,
      0.0317805394710966,
      0.009097421360870328,
      0.04648288942327383,
      0.027893282504145134,
      0.18593667027195337,
      0.08849148600360124,
      0.1008407667717428,
      0.08539342629628521,
      0.17752274819254765,
      0.2536467790447041,
      0.0266797004196917,
      0.16761416030695742,
      0.04959019024467892,
      0.034665982216889546,
      0.1257125886847099,
      0.01316277243137165,
      0.0373778619013585,
      0.02060273242307531,
      0.05901825137487293,
      0.11266441418344897,
      0.07421893285756909,
      0.24590619596548535,
      0.20969928874425747,
      0.18704600622056589,
      0.09746540341560817,
      0.34793888591260114,
      0.17103550875997442,
      0.19929094650048995,
      0.16235631058876976,
      0.1783720517603271,
      0.2593098008560659,
      0.04741352375279462,
      0.0957466715774089,
      0.004734460535015472,
      0.14013007860786075,
      0.2673715259523384,
      0.01900906646928746,
      0.29965352832364545,
      0.07552851673708716,
      0.034732167076846565,
      0.05322901029939331,
      0.031865711474242886,
      0.10224947707546761,
      0.014974256430502209,
      0.0829936635223163,
      0.044898912151762005,
      0.3636734386319631,
      0.18743094571068752,
      0.04958958550413328,
      0.2720483553899591,
      0.1861372580431251,
      0.025305726825330055,
      0.11952295694987569,
      0.2105405286265487,
      0.09000291454394116,
      0.09583741249777589,
      0.007643914871920288,
      0.05385952740711275,
      0.2944497533542467,
      0.07869243890874245,
      0.17696401334233158
    ],