{
  "cut_var": "z",
  "cuts": [
    0.02001,
    0.07453909090909092,
    0.1290681818181818,
    0.18359727272727272,
    0.23812636363636364,
    0.2926554545454545,
    0.34718454545454547,
    0.40171363636363633,
    0.4562427272727273,
    0.5107718181818182,
    0.565300909090909,
    0.61983
  ],
  "rows": [
    {
      "chi2": 0.0007912173820204718,
      "cut": 0.02001,
      "dof": 0,
      "n": 1,
      "params": {
        "global_offset_mag": -19.343242549168796
      }
    },
    {
      "chi2": 393.0078821535009,
      "cut": 0.07453909090909092,
      "dof": 434,
      "n": 449,
      "params": {
        "global_offset_mag": -19.449749485499336,
        "survey_offset_15": 0.05182404961367153,
        "survey_offset_150": 0.014038315643794343,
        "survey_offset_18": 0.0276134829657764,
        "survey_offset_5": 0.014122340168305337,
        "survey_offset_50": 0.0032934179383525383,
        "survey_offset_51": 0.01292935196087143,
        "survey_offset_56": -0.08973610683357855,
        "survey_offset_57": 0.027807724846038214,
        "survey_offset_61": -0.07843191299998953,
        "survey_offset_62": 0.03749493431442934,
        "survey_offset_63": 0.05689465428397602,
        "survey_offset_64": -0.007097866932433713,
        "survey_offset_65": 0.00011438675770273413,
        "survey_offset_66": 0.007728106312429361
      }
    },
    {
      "chi2": 449.2735141598886,
      "cut": 0.1290681818181818,
      "dof": 503,
      "n": 518,
      "params": {
        "global_offset_mag": -19.443591004863382,
        "survey_offset_15": 0.04110851818901993,
        "survey_offset_150": 0.007547927192048604,
        "survey_offset_18": 0.023448175192410988,
        "survey_offset_5": 0.014915018561301457,
        "survey_offset_50": 0.003400444024562616,
        "survey_offset_51": 0.013986786485539806,
        "survey_offset_56": -0.08982381043002474,
        "survey_offset_57": 0.02305483477485437,
        "survey_offset_61": -0.08169000137696407,
        "survey_offset_62": 0.03369514448156678,
        "survey_offset_63": 0.052610229007817456,
        "survey_offset_64": -0.011443829922348244,
        "survey_offset_65": -0.003983744039017391,
        "survey_offset_66": 0.0037974008097718705
      }
    },
    {
      "chi2": 573.5089750438756,
      "cut": 0.18359727272727272,
      "dof": 620,
      "n": 636,
      "params": {
        "global_offset_mag": -19.46224479084838,
        "survey_offset_10": -0.033524355838058524,
        "survey_offset_15": 0.04411946862549828,
        "survey_offset_150": 0.019922324372724665,
        "survey_offset_18": 0.04554260491215069,
        "survey_offset_5": 0.03487107370395339,
        "survey_offset_50": 0.026697712892664434,
        "survey_offset_51": 0.03298916167013931,
        "survey_offset_56": -0.06712167522843412,
        "survey_offset_57": 0.04246661899447514,
        "survey_offset_61": -0.06393805942443108,
        "survey_offset_62": 0.051764219712277376,
        "survey_offset_63": 0.07296690047615048,
        "survey_offset_64": 0.009571767954492562,
        "survey_offset_65": 0.01641501678788261,
        "survey_offset_66": 0.02530526135619836
      }
    },
    {
      "chi2": 738.4853452143363,
      "cut": 0.23812636363636364,
      "dof": 772,
      "n": 788,
      "params": {
        "global_offset_mag": -19.449997907719585,
        "survey_offset_10": -0.0008229352429718296,
        "survey_offset_15": 0.01632217912617014,
        "survey_offset_150": 0.003859359783718805,
        "survey_offset_18": 0.03451122002351276,
        "survey_offset_5": 0.0245735670370071,
        "survey_offset_50": 0.018643266358198886,
        "survey_offset_51": 0.02220043078905122,
        "survey_offset_56": -0.07197131487077134,
        "survey_offset_57": 0.030966547419090964,
        "survey_offset_61": -0.0766765607517607,
        "survey_offset_62": 0.040848166176819654,
        "survey_offset_63": 0.061185064112104656,
        "survey_offset_64": -0.0018652002281130454,
        "survey_offset_65": 0.004581987616329837,
        "survey_offset_66": 0.017695275484663903
      }
    },
    {
      "chi2": 851.9200712888146,
      "cut": 0.2926554545454545,
      "dof": 910,
      "n": 927,
      "params": {
        "global_offset_mag": -19.446239261612465,
        "survey_offset_10": -0.013536770717427708,
        "survey_offset_15": -0.0009415645482147561,
        "survey_offset_150": -0.003138526217091144,
        "survey_offset_18": 0.03420449399972304,
        "survey_offset_4": -0.011444086580423818,
        "survey_offset_5": 0.022489973261040738,
        "survey_offset_50": 0.013935468717465089,
        "survey_offset_51": 0.02000897608678401,
        "survey_offset_56": -0.07666240148203096,
        "survey_offset_57": 0.02704426704464315,
        "survey_offset_61": -0.08152125542744179,
        "survey_offset_62": 0.03641487393049275,
        "survey_offset_63": 0.05716013878833976,
        "survey_offset_64": -0.005100021946285355,
        "survey_offset_65": 0.002619916396615622,
        "survey_offset_66": 0.01937723819205503
      }
    },
    {
      "chi2": 966.4863824357562,
      "cut": 0.34718454545454547,
      "dof": 1037,
      "n": 1054,
      "params": {
        "global_offset_mag": -19.44679766710282,
        "survey_offset_10": -0.01023072811284217,
        "survey_offset_15": 0.01606881584147834,
        "survey_offset_150": -0.0025724090331579338,
        "survey_offset_18": 0.036040894175091785,
        "survey_offset_4": 0.0271076104379742,
        "survey_offset_5": 0.023577426965897125,
        "survey_offset_50": 0.019829428214387827,
        "survey_offset_51": 0.02168327854535252,
        "survey_offset_56": -0.0685718535565207,
        "survey_offset_57": 0.028875081533817015,
        "survey_offset_61": -0.08001008356680177,
        "survey_offset_62": 0.0381714748901588,
        "survey_offset_63": 0.05828728663049931,
        "survey_offset_64": -0.0036722145142170817,
        "survey_offset_65": 0.004335805772373777,
        "survey_offset_66": 0.017990833774211644
      }
    },
    {
      "chi2": 1027.7065509432668,
      "cut": 0.40171363636363633,
      "dof": 1112,
      "n": 1129,
      "params": {
        "global_offset_mag": -19.44420434952124,
        "survey_offset_10": -0.017754735042826618,
        "survey_offset_15": 0.005277261986294429,
        "survey_offset_150": -0.0063379817624744745,
        "survey_offset_18": 0.034253849362336254,
        "survey_offset_4": 0.02220408002493096,
        "survey_offset_5": 0.021279949857767717,
        "survey_offset_50": 0.01629120517568729,
        "survey_offset_51": 0.020074686613549685,
        "survey_offset_56": -0.06803530529346302,
        "survey_offset_57": 0.026533918740322335,
        "survey_offset_61": -0.08213989853777316,
        "survey_offset_62": 0.035794220614691216,
        "survey_offset_63": 0.05633182599366804,
        "survey_offset_64": -0.005698187042889425,
        "survey_offset_65": 0.0027117886136775286,
        "survey_offset_66": 0.01573735065082018
      }
    },
    {
      "chi2": 1099.4113155502798,
      "cut": 0.4562427272727273,
      "dof": 1183,
      "n": 1200,
      "params": {
        "global_offset_mag": -19.44331794589767,
        "survey_offset_10": -0.019033320867879407,
        "survey_offset_15": 0.004803855243668071,
        "survey_offset_150": -0.007490183981175922,
        "survey_offset_18": 0.03291798310096799,
        "survey_offset_4": 0.01788465225695072,
        "survey_offset_5": 0.01947666095204792,
        "survey_offset_50": 0.01617292141098731,
        "survey_offset_51": 0.01812822776607084,
        "survey_offset_56": -0.06966540061123389,
        "survey_offset_57": 0.025233949879285587,
        "survey_offset_61": -0.08293458382069269,
        "survey_offset_62": 0.03457476825984717,
        "survey_offset_63": 0.055166335419722455,
        "survey_offset_64": -0.006658984578983706,