{
  "coverage_68": {
    "global_offset_mag": 0.62890625,
    "survey_offset_10": 0.69921875,
    "survey_offset_15": 0.671875,
    "survey_offset_150": 0.68359375,
    "survey_offset_18": 0.74609375,
    "survey_offset_4": 0.71875,
    "survey_offset_5": 0.6875,
    "survey_offset_50": 0.71484375,
    "survey_offset_51": 0.7421875,
    "survey_offset_56": 0.7265625,
    "survey_offset_57": 0.6875,
    "survey_offset_61": 0.7265625,
    "survey_offset_62": 0.69921875,
    "survey_offset_63": 0.68359375,
    "survey_offset_64": 0.67578125,
    "survey_offset_65": 0.69140625,
    "survey_offset_66": 0.671875
  },
  "coverage_95": {
    "global_offset_mag": 0.9609375,
    "survey_offset_10": 0.96484375,
    "survey_offset_15": 0.94140625,
    "survey_offset_150": 0.92578125,
    "survey_offset_18": 0.96484375,
    "survey_offset_4": 0.94140625,
    "survey_offset_5": 0.94921875,
    "survey_offset_50": 0.98828125,
    "survey_offset_51": 0.94921875,
    "survey_offset_56": 0.984375,
    "survey_offset_57": 0.93359375,
    "survey_offset_61": 0.9765625,
    "survey_offset_62": 0.94921875,
    "survey_offset_63": 0.9453125,
    "survey_offset_64": 0.953125,
    "survey_offset_65": 0.97265625,
    "survey_offset_66": 0.9453125
  },
  "n_rep": 256,
  "param_names": [
    "global_offset_mag",
    "survey_offset_4",
    "survey_offset_5",
    "survey_offset_10",
    "survey_offset_15",
    "survey_offset_18",
    "survey_offset_50",
    "survey_offset_51",
    "survey_offset_56",
    "survey_offset_57",
    "survey_offset_61",
    "survey_offset_62",
    "survey_offset_63",
    "survey_offset_64",
    "survey_offset_65",
    "survey_offset_66",
    "survey_offset_150"
  ],
  "use_diagonal_errors": true,
  "zscore_mean": {
    "global_offset_mag": 0.009931112398754396,
    "survey_offset_10": -0.0737371729839628,
    "survey_offset_15": -0.03953033498989099,
    "survey_offset_150": -0.13347098269984636,
    "survey_offset_18": 0.1036174089118697,
    "survey_offset_4": 0.04027772546146208,
    "survey_offset_5": -0.01874691343532453,
    "survey_offset_50": 0.011534248428808075,
    "survey_offset_51": 0.0233111720292569,
    "survey_offset_56": -0.11979355997980273,
    "survey_offset_57": 0.039252337863552575,
    "survey_offset_61": -0.11779510037364238,
    "survey_offset_62": 0.09978744291910628,
    "survey_offset_63": 0.14790098001101454,
    "survey_offset_64": 0.04144887697729884,
    "survey_offset_65": 0.05302746253787606,
    "survey_offset_66": -0.08844403233174901
  },
  "zscore_std": {
    "global_offset_mag": 1.037547839851992,
    "survey_offset_10": 0.950535515056371,
    "survey_offset_15": 1.0459063850265267,
    "survey_offset_150": 1.0356258760615151,
    "survey_offset_18": 0.8910608473118518,
    "survey_offset_4": 0.9828393883363793,
    "survey_offset_5": 0.9987396381050276,
    "survey_offset_50": 0.8934820417828477,
    "survey_offset_51": 0.9509288203963244,
    "survey_offset_56": 0.8530794728899532,
    "survey_offset_57": 0.9906858989274973,
    "survey_offset_61": 0.9163353816716411,
    "survey_offset_62": 0.9876632065838672,
    "survey_offset_63": 0.9852843063122302,
    "survey_offset_64": 1.0129187222958806,
    "survey_offset_65": 0.937226660519389,
    "survey_offset_66": 1.0021019696266473
  }
}