{
  "H0_eff": {
    "mean": 68.71097899403077,
    "sd_lin": 0.3006447234987661
  },
  "anchor": {
    "H0": 67.4,
    "rd_Mpc": 147.09
  },
  "delta_lnH0": {
    "mean": 0.01926397922625696,
    "sd": 0.0043754975973327994
  },
  "delta_mu_equiv_mag": {
    "mean": -0.041831199387311356,
    "sd": 0.009501272310512855
  }
}