{
  "cut_mode": "leq",
  "cut_var": "redchi2_hf",
  "cuts": [
    0.5,
    0.7727272727272727,
    1.0454545454545454,
    1.3181818181818181,
    1.5909090909090908,
    1.8636363636363635,
    2.1363636363636362,
    2.409090909090909,
    2.6818181818181817,
    2.954545454545454,
    3.227272727272727,
    3.5
  ],
  "rows": [
    {
      "chi2": 50.51844031853655,
      "cut": 0.5,
      "dof": 81,
      "n": 96,
      "params": {
        "delta_lnH0": 0.11269792335892101,
        "global_offset_mag": -19.22609706731253,
        "survey_offset_15": 0.06058637702760551,
        "survey_offset_150": -0.05536474225859585,
        "survey_offset_18": -0.018128701232418068,
        "survey_offset_50": -0.06083536353211977,
        "survey_offset_51": -0.01119338715412558,
        "survey_offset_56": -0.10033123370070651,
        "survey_offset_57": -0.016130393635759778,
        "survey_offset_61": 0.002392358429831087,
        "survey_offset_62": -0.04525258962644527,
        "survey_offset_63": -0.01172309205324504,
        "survey_offset_64": -0.016379364454366455,
        "survey_offset_65": 0.06544500449922547,
        "survey_offset_66": 0.1180328133055489
      }
    },
    {
      "chi2": 80.41414776114249,
      "cut": 0.7727272727272727,
      "dof": 122,
      "n": 138,
      "params": {
        "delta_lnH0": 0.0865026507239964,
        "global_offset_mag": -19.232423521076413,
        "survey_offset_15": 0.03359469421575033,
        "survey_offset_150": -0.053867939909770346,
        "survey_offset_18": -0.015925384306695014,
        "survey_offset_5": -0.00014798415009071276,
        "survey_offset_50": -0.037110874341142006,
        "survey_offset_51": -0.005147844378611893,
        "survey_offset_56": -0.12042576016921132,
        "survey_offset_57": 0.005659532515951518,
        "survey_offset_61": 0.008687243566204112,
        "survey_offset_62": -0.03828757707928938,
        "survey_offset_63": 0.02187705226453503,
        "survey_offset_64": -0.031596406154204386,
        "survey_offset_65": 0.02505261447014967,
        "survey_offset_66": 0.11008081361505549
      }
    },
    {
      "chi2": 116.43698840296986,
      "cut": 1.0454545454545454,
      "dof": 176,
      "n": 192,
      "params": {
        "delta_lnH0": 0.08099758902408946,
        "global_offset_mag": -19.257554587645448,
        "survey_offset_15": 0.01567516298632898,
        "survey_offset_150": -0.020072953838888595,
        "survey_offset_18": 0.012808119605671572,
        "survey_offset_5": 0.0353322530954397,
        "survey_offset_50": -0.018089199717912556,
        "survey_offset_51": 0.02395243843106489,
        "survey_offset_56": -0.09288375241987537,
        "survey_offset_57": 0.022038722366459502,
        "survey_offset_61": 0.030131894474517015,
        "survey_offset_62": -0.035298115131864594,
        "survey_offset_63": 0.036114554008812506,
        "survey_offset_64": 0.0123437640846815,
        "survey_offset_65": 0.01766129415733292,
        "survey_offset_66": 0.1313814438834783
      }
    },
    {
      "chi2": 145.61145303467237,
      "cut": 1.3181818181818181,
      "dof": 218,
      "n": 234,
      "params": {
        "delta_lnH0": 0.08618477543501388,
        "global_offset_mag": -19.249878839930805,
        "survey_offset_15": 0.02876519123402982,
        "survey_offset_150": -0.01873356512924287,
        "survey_offset_18": 0.008032520629696775,
        "survey_offset_5": 0.024365583949471508,
        "survey_offset_50": -0.01748212460046678,
        "survey_offset_51": 0.024227751974009247,
        "survey_offset_56": -0.11365190626056063,
        "survey_offset_57": 0.015631622153712322,
        "survey_offset_61": 0.03459217139016821,
        "survey_offset_62": -0.04239382570803182,
        "survey_offset_63": 0.024976777444070328,
        "survey_offset_64": -0.007996603733521209,
        "survey_offset_65": 0.018128679522299268,
        "survey_offset_66": 0.12233599126243264
      }
    },
    {
      "chi2": 165.17033469208164,
      "cut": 1.5909090909090908,
      "dof": 250,
      "n": 266,
      "params": {
        "delta_lnH0": 0.08702673479282702,
        "global_offset_mag": -19.255194876531814,
        "survey_offset_15": 0.036483349886192874,
        "survey_offset_150": -0.005437983029549127,
        "survey_offset_18": 0.015465941648439957,
        "survey_offset_5": 0.018577626123469637,
        "survey_offset_50": -0.013433343144914647,
        "survey_offset_51": 0.02987449474505588,
        "survey_offset_56": -0.10880257480277301,
        "survey_offset_57": 0.023847150595854412,
        "survey_offset_61": 0.03994056954964925,
        "survey_offset_62": -0.03279591427721321,
        "survey_offset_63": 0.02938762498474937,
        "survey_offset_64": 0.005256442943885566,
        "survey_offset_65": 0.006137996017719725,
        "survey_offset_66": 0.12813327437367303
      }
    },
    {
      "chi2": 186.58002596053024,
      "cut": 1.8636363636363635,
      "dof": 272,
      "n": 288,
      "params": {
        "delta_lnH0": 0.08692851549438708,
        "global_offset_mag": -19.259716508804473,
        "survey_offset_15": 0.043453327060409844,
        "survey_offset_150": 0.02414232647687491,
        "survey_offset_18": 0.030673109863802197,
        "survey_offset_5": 0.023827184907130542,
        "survey_offset_50": -0.009736808542233947,
        "survey_offset_51": 0.03647031504026737,
        "survey_offset_56": -0.10485897234019269,
        "survey_offset_57": 0.028097057555100786,
        "survey_offset_61": 0.008752483360254425,
        "survey_offset_62": -0.021893007195554835,
        "survey_offset_63": 0.03726563688546281,
        "survey_offset_64": 0.002156460186192653,
        "survey_offset_65": 0.009650253055377278,
        "survey_offset_66": 0.13107326130174876
      }
    },
    {
      "chi2": 217.23865924737188,
      "cut": 2.1363636363636362,
      "dof": 291,
      "n": 307,
      "params": {
        "delta_lnH0": 0.08610833819166694,
        "global_offset_mag": -19.262160011991924,
        "survey_offset_15": 0.0435055670791149,
        "survey_offset_150": 0.02382504078380506,
        "survey_offset_18": 0.03153663444982477,
        "survey_offset_5": 0.03476463515989409,
        "survey_offset_50": -0.006924904662376524,
        "survey_offset_51": 0.03873662778171126,
        "survey_offset_56": -0.10579973394928983,
        "survey_offset_57": 0.030910671685020402,
        "survey_offset_61": 0.011454826370273062,
        "survey_offset_62": -0.033899149811818415,
        "survey_offset_63": 0.03920966705511808,
        "survey_offset_64": -0.0022551944484345307,
        "survey_offset_65": 0.012304378096365259,
        "survey_offset_66": 0.12310320276237714
      }
    },
    {
      "chi2": 227.82118343334437,
      "cut": 2.409090909090909,
      "dof": 302,
      "n": 318,
      "params": {
        "delta_lnH0": 0.08774454280781935,
        "global_offset_mag": -19.260232297402386,
        "survey_offset_15": 0.043894976109125274,
        "survey_offset_150": 0.03202500755402722,
        "survey_offset_18": 0.035750730381790725,
        "survey_offset_5": 0.03765533192834714,
        "survey_offset_50": -0.004378260291579791,
        "survey_offset_51": 0.04026534993784009,
        "survey_offset_56": -0.10364424091068339,
        "survey_offset_57": 0.03132490125504048,
        "survey_offset_61": -0.05512275237967127,
        "survey_offset_62": -0.034716184128860725,
        "survey_offset_63": 0.05247397213503201,
        "survey_offset_64": 0.0026161165392894485,
        "survey_offset_65": 0.010246410867111923,
        "survey_offset_66": 0.12431385996396274
      }
    },
    {
      "chi2": 228.19052591101277,
      "cut": 2.6818181818181817,
      "dof": 306,
      "n": 322,
      "params": {
        "delta_lnH0": 0.08781943495421239,
        "global_offset_mag": -19.260089770655267,
        "survey_offset_15": 0.04374698309613432,