{
  "cut_var": "z_hf_max",
  "cuts": [
    0.05,
    0.058998181818181825,
    0.06799636363636363,
    0.07699454545454545,
    0.08599272727272728,
    0.0949909090909091,
    0.10398909090909092,
    0.11298727272727273,
    0.12198545454545455,
    0.13098363636363636,
    0.1399818181818182,
    0.14898
  ],
  "mc": {
    "end_to_end": [
      0.02795818737929387,
      0.17053926716077217,
      0.0026645628012193084,
      0.075329872005038,
      0.1245102216913899,
      0.017039503900644223,
      0.0817734785803327,
      0.1910895817316039,
      0.04710505419095304,
      0.07252434973650303,
      0.08045171438422245,
      0.138534595879305,
      0.022919086737598737,
      0.0783394437410765,
      0.0910207728621388,
      0.12024558221763237,
      0.023138518934158678,
      0.11619644833981699,
      0.052336691315981246,
      0.0879747085281666,
      0.09982647164651401,
      0.276391447695272,
      0.05535244712964722,
      0.06386383781924868,
      0.12351753837517201,
      0.23084829878567992,
      0.02090042551516358,
      0.09776065121844547,
      0.13499371108103891,
      0.16142640020814822,
      0.10809406626221874,
      0.0063119525597548215,
      0.12663343100423075,
      0.11420539391326122,
      0.10962928930221269,
      0.10530883256869192,
      0.05028397371747498,
      0.1416924957209495,
      0.03620132321441967,
      0.0431186897083557,
      0.13140276728610625,
      0.008458070125829553,
      0.12463188969441812,
      0.09375043180596296,
      0.10874561880903888,
      0.04172675776328792,
      0.03005741375533947,
      0.30505057341434394,
      0.04500551008601048,
      0.047966502776948985,
      0.03897408860827734,
      0.24163528465484435,
      0.06920942207326057,
      0.05337694346947535,
      0.06749219008257303,
      0.16435081693143122,
      0.09878427103266277,
      0.03925418726353187,
      0.009828719386521148,
      0.05439952578564898,
      0.09034103473659186,
      0.06750639255481614,
      0.11700465916329951,
      0.09367392294430525,
      0.02828720602334965,
      0.010401618235804364,
      0.12439422881789519,
      0.07931407402578725,
      0.100341032787694,
      0.15065250392499227,
      0.08504022069842261,
      0.07006418015860975,
      0.11375685386178358,
      0.14375246985496465,
      0.0819967635108296,
      0.18184581918129722,
      0.17654415523543715,
      0.016092697584288218,
      0.08817419045766052,
      0.06108100470853659,
      0.06557004325086709,
      0.09174525327268676,
      0.18263527669208718,
      0.050859631927358026,
      0.022067754961278857,
      0.2812027273743273,
      0.09924045913734886,
      0.15734273072788257,
      0.09293331961731151,
      0.01960769873651845,
      0.041919348634808035,
      0.0017666725214297851,
      0.0975599596848714,
      0.09406391386790988,
      0.07577797416582155,
      0.04585409731988913,
      0.05134156237976261,
      0.07064190475445627,
      0.15173140362557644,
      0.01265409257432877,
      0.012276932045397565,
      0.06607077485785431,
      0.15906311610481844,
      0.026355528345897605,
      0.02719090316622625,
      0.033966216087516016,
      0.07352617151900154,
      0.1855013648199656,
      0.14518254565126382,
      0.028481159324543676,
      0.03092482931911303,
      0.09111873572668629,
      0.006796182926078351,
      0.1397156270830176,
      0.07814168736825647,
      0.11715399724312348,
      0.05554694988423064,
      0.044342043324464245,
      0.10333404049763922,
      0.11323097986515683,
      0.15377352663311217,
      0.10873845911573436,
      0.05878627051726268,
      0.09311724155468235,
      0.20682550426302831,
      0.049030154736592745,
      0.036124796994616896,
      0.15805318653959124,
      0.1524553719844174,
      0.18691783654696925,
      0.023537165467461346,
      0.04599808001869365,
      0.08887328734442973,
      0.05860805630082581,
      0.04131702472360009,
      0.27586298059665865,
      0.055140380222793745,
      0.00438384834487901,
      0.09584018608462029,
      0.16570559985026218,
      0.1143422139522289,
      0.055715384695158854,
      0.03114743248643622,
      4.0384684048641595e-05,
      0.15201391223203337,
      0.06028580464332247,
      0.1848850562599973,
      0.022513452864465856,
      0.13566035496534548,
      0.0014450041338291975,
      0.12134846533702205,
      0.007677300865013087,
      0.1623084664146146,
      0.11288797571594655,
      0.03555883792292261,
      0.08097191951138286,
      0.06505503321002545,
      0.006534194698778278,
      0.15212623368947498,
      0.08251338041275787,
      0.10834225852608698,
      0.057319494700580245,
      0.17731110450402893,
      0.10539783728672686,
      0.09981905812883707,
      0.1055440083622633,
      0.194121457500168,
      0.019060650945646365,
      0.07801178974712032,
      0.1305849462572677,
      0.07441100993278547,
      0.10407234270350113,
      0.09693299452348068,
      0.10881549580201655,
      0.0445993670813692,
      0.006034326747769547,
      0.05244842282245832,
      0.08430911354074523,
      0.13753373192994955,
      0.11296823840228566,
      0.18561298075324761,
      0.09233908835652548,
      0.05253268889615113,
      0.09582463354387173,
      0.10832945063047411,
      0.14752491772874224,
      0.057149063476089,
      0.0987467064650013,
      0.17590628358657492,
      0.07486530604225705,
      0.07064723223517846,
      0.007741220493431733,
      0.07341289948927672,
      0.04828915109203962,
      0.07393644634136251,
      0.01120650308358137,
      0.10462707718362001,
      0.1453141303052191,
      0.06140835089463466,
      0.07553736214364301
    ],