{
  "H0_eff": {
    "mean": 74.21703517856535,
    "sd_lin": 7.164591121977418
  },
  "anchor": {
    "H0": 67.4,
    "rd_Mpc": 147.09
  },
  "delta_lnH0": {
    "mean": 0.096348690521342,
    "sd": 0.09653566872806886
  },
  "delta_mu_equiv_mag": {
    "mean": -0.20921852316011483,
    "sd": 0.20962454117720303
  }
}