{
  "coverage_68": {
    "calibrator_offset_mag": 1.0,
    "delta_lnH0": 1.0,
    "global_offset_mag": 1.0,
    "host_mass_step_mag": 0.70703125,
    "mwebv_linear_mag": 0.69921875,
    "pkmjd_bin_offset_1": 0.77734375,
    "pkmjd_bin_offset_2": 0.75390625,
    "pkmjd_bin_offset_3": 0.7734375,
    "pkmjd_bin_offset_4": 0.78125,
    "pkmjd_bin_offset_5": 0.7734375,
    "pkmjd_linear_mag": 0.7578125,
    "sky_l2_m-1": 0.703125,
    "sky_l2_m-2": 0.7109375,
    "sky_l2_m0": 0.734375,
    "sky_l2_m1": 0.6796875,
    "sky_l2_m2": 0.69921875,
    "sky_l3_m-1": 0.6875,
    "sky_l3_m-2": 0.67578125,
    "sky_l3_m-3": 0.65234375,
    "sky_l3_m0": 0.6953125,
    "sky_l3_m1": 0.65234375,
    "sky_l3_m2": 0.69140625,
    "sky_l3_m3": 0.70703125,
    "survey_offset_15": 0.7109375,
    "survey_offset_150": 0.73046875,
    "survey_offset_18": 0.7265625,
    "survey_offset_5": 0.7890625,
    "survey_offset_50": 0.79296875,
    "survey_offset_51": 0.75390625,
    "survey_offset_56": 0.79296875,
    "survey_offset_57": 0.77734375,
    "survey_offset_61": 0.80859375,
    "survey_offset_62": 0.73828125,
    "survey_offset_63": 0.796875,
    "survey_offset_64": 0.7578125,
    "survey_offset_65": 0.75390625,
    "survey_offset_66": 0.7421875,
    "z_spline_0": 0.97265625,
    "z_spline_1": 0.9921875,
    "z_spline_2": 0.984375,
    "z_spline_3": 0.984375,
    "z_spline_4": 0.9765625,
    "z_spline_5": 0.984375,
    "z_spline_6": 0.98046875,
    "z_spline_7": 0.98828125,
    "z_spline_8": 0.984375,
    "z_spline_9": 0.89453125
  },
  "coverage_95": {
    "calibrator_offset_mag": 1.0,
    "delta_lnH0": 1.0,
    "global_offset_mag": 1.0,
    "host_mass_step_mag": 0.9375,
    "mwebv_linear_mag": 0.96484375,
    "pkmjd_bin_offset_1": 0.97265625,
    "pkmjd_bin_offset_2": 0.98046875,
    "pkmjd_bin_offset_3": 0.984375,
    "pkmjd_bin_offset_4": 0.9765625,
    "pkmjd_bin_offset_5": 0.9765625,
    "pkmjd_linear_mag": 0.99609375,
    "sky_l2_m-1": 0.9453125,
    "sky_l2_m-2": 0.94921875,
    "sky_l2_m0": 0.9609375,
    "sky_l2_m1": 0.94921875,
    "sky_l2_m2": 0.9609375,
    "sky_l3_m-1": 0.9765625,
    "sky_l3_m-2": 0.9609375,
    "sky_l3_m-3": 0.953125,
    "sky_l3_m0": 0.95703125,
    "sky_l3_m1": 0.9375,
    "sky_l3_m2": 0.95703125,
    "sky_l3_m3": 0.9609375,
    "survey_offset_15": 0.9375,
    "survey_offset_150": 0.9765625,
    "survey_offset_18": 0.9765625,
    "survey_offset_5": 0.98046875,
    "survey_offset_50": 0.96875,
    "survey_offset_51": 0.9765625,
    "survey_offset_56": 0.97265625,
    "survey_offset_57": 0.98046875,
    "survey_offset_61": 0.9921875,
    "survey_offset_62": 0.96484375,
    "survey_offset_63": 0.98828125,
    "survey_offset_64": 0.98828125,
    "survey_offset_65": 0.984375,
    "survey_offset_66": 0.98046875,
    "z_spline_0": 1.0,
    "z_spline_1": 1.0,
    "z_spline_2": 1.0,
    "z_spline_3": 1.0,
    "z_spline_4": 1.0,
    "z_spline_5": 1.0,
    "z_spline_6": 1.0,
    "z_spline_7": 1.0,
    "z_spline_8": 1.0,
    "z_spline_9": 1.0
  },
  "n_rep": 256,
  "param_names": [
    "global_offset_mag",
    "survey_offset_5",
    "survey_offset_15",
    "survey_offset_18",
    "survey_offset_50",
    "survey_offset_51",
    "survey_offset_56",
    "survey_offset_57",
    "survey_offset_61",
    "survey_offset_62",
    "survey_offset_63",
    "survey_offset_64",
    "survey_offset_65",
    "survey_offset_66",
    "survey_offset_150",
    "z_spline_0",
    "z_spline_1",
    "z_spline_2",
    "z_spline_3",
    "z_spline_4",
    "z_spline_5",
    "z_spline_6",
    "z_spline_7",
    "z_spline_8",
    "z_spline_9",
    "sky_l2_m-2",
    "sky_l2_m-1",
    "sky_l2_m0",
    "sky_l2_m1",
    "sky_l2_m2",
    "sky_l3_m-3",
    "sky_l3_m-2",
    "sky_l3_m-1",
    "sky_l3_m0",
    "sky_l3_m1",
    "sky_l3_m2",
    "sky_l3_m3",
    "calibrator_offset_mag",
    "mwebv_linear_mag",
    "host_mass_step_mag",
    "pkmjd_linear_mag",
    "pkmjd_bin_offset_1",
    "pkmjd_bin_offset_2",
    "pkmjd_bin_offset_3",
    "pkmjd_bin_offset_4",
    "pkmjd_bin_offset_5",
    "delta_lnH0"
  ],
  "use_diagonal_errors": true,
  "zscore_mean": {
    "calibrator_offset_mag": -0.0006614454661033548,
    "delta_lnH0": -0.017620903104003674,
    "global_offset_mag": -0.06685312642319778,
    "host_mass_step_mag": 0.012162483739238977,
    "mwebv_linear_mag": -0.0029471522652081625,
    "pkmjd_bin_offset_1": -0.03710214468476966,
    "pkmjd_bin_offset_2": 0.04437546560905563,
    "pkmjd_bin_offset_3": -0.07915419610506716,
    "pkmjd_bin_offset_4": -0.059700122153493955,
    "pkmjd_bin_offset_5": -0.04513879741102729,
    "pkmjd_linear_mag": -0.06933070948025549,
    "sky_l2_m-1": 0.11978142547791605,
    "sky_l2_m-2": -0.04138301664669681,
    "sky_l2_m0": 0.021018638905846827,
    "sky_l2_m1": -0.09760244528804028,
    "sky_l2_m2": 0.10498621587024518,
    "sky_l3_m-1": -0.14237839059059293,
    "sky_l3_m-2": -0.08322409178010907,
    "sky_l3_m-3": -0.05677001094831169,
    "sky_l3_m0": -0.08387488000760504,
    "sky_l3_m1": 0.1422156077711486,
    "sky_l3_m2": -0.07496370477216527,
    "sky_l3_m3": 0.1272155618367306,
    "survey_offset_15": 0.30772487441532864,
    "survey_offset_150": 0.36002553789415237,
    "survey_offset_18": 0.20962235075670918,
    "survey_offset_5": 0.3526663302357108,
    "survey_offset_50": 0.1864502893617707,
    "survey_offset_51": 0.3229757743077267,
    "survey_offset_56": 0.19932473986588192,
    "survey_offset_57": 0.3044656418107454,
    "survey_offset_61": 0.06299570287227231,
    "survey_offset_62": 0.15169631357789312,
    "survey_offset_63": 0.26885645743276854,
    "survey_offset_64": 0.27600525515233054,
    "survey_offset_65": 0.27791274031446694,
    "survey_offset_66": 0.23117862751618362,
    "z_spline_0": -0.15479444420134603,
    "z_spline_1": 0.049729367565127115,
    "z_spline_2": -0.17773053534495886,
    "z_spline_3": 0.07041228135391066,
    "z_spline_4": -0.1572044707498924,
    "z_spline_5": 0.15596189849401243,
    "z_spline_6": 0.20358619855004098,
    "z_spline_7": -0.07338804866326719,
    "z_spline_8": 0.03717635205719533,
    "z_spline_9": 0.01832246804996373
  },
  "zscore_std": {
    "calibrator_offset_mag": 0.004507037903487388,
    "delta_lnH0": 0.1244506381085661,
    "global_offset_mag": 0.21054624311586864,
    "host_mass_step_mag": 1.0052024048878925,
    "mwebv_linear_mag": 0.9592632800612377,
    "pkmjd_bin_offset_1": 0.8546063576623311,
    "pkmjd_bin_offset_2": 0.8525864479211163,
    "pkmjd_bin_offset_3": 0.7974216095322737,
    "pkmjd_bin_offset_4": 0.8179808840890894,
    "pkmjd_bin_offset_5": 0.8525257544030495,
    "pkmjd_linear_mag": 0.7805161036676243,
    "sky_l2_m-1": 0.9896519230983581,
    "sky_l2_m-2": 0.9985941951383162,
    "sky_l2_m0": 0.9294122393584091,
    "sky_l2_m1": 1.004083038555164,
    "sky_l2_m2": 0.9363541063923507,
    "sky_l3_m-1": 0.9533833761538889,
    "sky_l3_m-2": 0.9813743471649438,
    "sky_l3_m-3": 1.0299772021236937,
    "sky_l3_m0": 0.9811731773515243,
    "sky_l3_m1": 0.9912249639700217,
    "sky_l3_m2": 0.9624290476814158,
    "sky_l3_m3": 0.9470209196361975,
    "survey_offset_15": 0.9263549049520942,
    "survey_offset_150": 0.8301059882231757,
    "survey_offset_18": 0.8911711099172606,
    "survey_offset_5": 0.7711203182901819,
    "survey_offset_50": 0.7994411946252205,
    "survey_offset_51": 0.8167064649805958,
    "survey_offset_56": 0.8137367151031986,
    "survey_offset_57": 0.7988835426187902,
    "survey_offset_61": 0.792153045229417,
    "survey_offset_62": 0.8880904768974028,
    "survey_offset_63": 0.743140787910722,
    "survey_offset_64": 0.7689210990901008,
    "survey_offset_65": 0.7736792888308487,
    "survey_offset_66": 0.8519584418490896,
    "z_spline_0": 0.4099650802078609,
    "z_spline_1": 0.3985164895386946,
    "z_spline_2": 0.37251661072354497,
    "z_spline_3": 0.40113700197553104,
    "z_spline_4": 0.40046722175443805,
    "z_spline_5": 0.41356342922724176,
    "z_spline_6": 0.41674203156208756,
    "z_spline_7": 0.4105178264213968,