{
  "param": "delta_lnH0",
  "rows": [
    {
      "label": "[0.0,9.5)",
      "mean": 0.07192407374123151,
      "n": 106,
      "sd": 0.09496605420792241
    },
    {
      "label": "[9.5,10.0)",
      "mean": 0.10367423803370822,
      "n": 62,
      "sd": 0.09536458170990893
    },
    {
      "label": "[10.0,10.5)",
      "mean": 0.12142566471584158,
      "n": 109,
      "sd": 0.09262505234688168
    },
    {
      "label": "[10.5,13.0)",
      "mean": 0.08778516220037288,
      "n": 76,
      "sd": 0.0927911310045677
    }
  ],
  "split_var": "host_logmass"
}