{
  "chi2": 1488.8113255378087,
  "cov": [
    [
      0.00018698580798037396,
      -8.114576226483615e-05,
      -0.0001007741380838065,
      -9.838514446817806e-05,
      -9.890124858282855e-05,
      -8.878513704595511e-05,
      -0.00010547486893984448,
      -9.045032371881193e-05,
      -9.068904060256143e-05,
      -9.575003080952859e-05,
      -9.451239250267372e-05,
      -9.078298169343139e-05,
      -9.224967188291952e-05,
      -9.361783128918817e-05,
      -9.108459861731258e-05,
      -6.922005057141753e-05,
      -0.00010431909947460023,
      4.398383432754854e-05,
      -8.973543761624738e-05
    ],
    [
      -8.114576226483544e-05,
      0.00048255957033724117,
      8.391411283317925e-05,
      7.657848760376823e-05,
      8.428150591221823e-05,
      7.014042439358294e-05,
      8.777295114000252e-05,
      6.844249056612634e-05,
      7.926032662564652e-05,
      8.271769900048934e-05,
      0.00010115269232135986,
      7.57642829688872e-05,
      7.622009629907605e-05,
      8.389174890102404e-05,
      8.197763206193977e-05,
      5.123136985210952e-05,
      8.658737226285344e-05,
      -1.7745132143653437e-11,
      -8.101821377246379e-08
    ],
    [
      -0.0001007741380838058,
      8.391411283317946e-05,
      0.00033058103487188374,
      8.618929427667528e-05,
      0.00010010109200805816,
      0.0001164126848997269,
      0.00010233678940007491,
      0.00013975558891561992,
      8.438771087848478e-05,
      0.0001256112017620224,
      0.0001109704127861479,
      0.00010841482920667099,
      0.00010877779058150794,
      0.00014562017476899458,
      0.00013902385428034102,
      9.931331361520624e-05,
      0.000116570113077748,
      -4.7164827543525564e-08,
      -4.2877108492893024e-05
    ],
    [
      -9.838514446817713e-05,
      7.657848760376815e-05,
      8.618929427667503e-05,
      0.00024555528624631463,
      0.00012859149067868554,
      8.30399367895984e-05,
      0.00011416228286212726,
      8.980648724346565e-05,
      0.00010561067476621607,
      9.481698519184168e-05,
      8.951829983238436e-05,
      9.00179028816046e-05,
      9.323308152592621e-05,
      9.224493170925007e-05,
      8.866228486774868e-05,
      6.294410363566916e-05,
      0.00011098520015448623,
      2.970738994102931e-09,
      2.6168853133275056e-06
    ],
    [
      -9.890124858282748e-05,
      8.428150591221809e-05,
      0.00010010109200805778,
      0.00012859149067868543,
      0.00019541369826632822,
      8.481749446650691e-05,
      0.00011455297391245628,
      8.921207946624627e-05,
      6.737420770882693e-05,
      9.714748498931115e-05,
      9.345913230269358e-05,
      8.958282728016871e-05,
      9.237921781847989e-05,
      9.573277619397179e-05,
      8.98193876075721e-05,
      6.86600673824768e-05,
      0.00011845374688435354,
      1.1106469657268727e-09,
      9.286594448119028e-07
    ],
    [
      -8.878513704595402e-05,
      7.014042439358285e-05,
      0.00011641268489972658,
      8.303993678959836e-05,
      8.481749446650692e-05,
      0.0008710651165136465,
      0.00011392024286676706,
      0.0001465950834259219,
      0.00011265664298518068,
      0.00010657618775611338,
      0.0001091473137624074,
      0.00010740990798904788,
      0.00010016317680688594,
      0.00010247324746596122,
      0.0001050053221411204,
      6.850099575299111e-05,
      0.00013156799452567974,
      -7.882934558502715e-08,
      -7.159931330172803e-05
    ],
    [
      -0.00010547486893984343,
      8.777295114000252e-05,
      0.00010233678940007472,
      0.00011416228286212733,
      0.00011455297391245646,
      0.00011392024286676718,
      0.0008447479104905795,
      0.00011104035715454533,
      0.00018687214352682544,
      0.00014179761730356413,
      0.00013755279193434353,
      0.00016991002424732973,
      0.00014330758879464554,
      0.00011641333387007273,
      0.00011855444278589353,
      7.187080443105036e-05,
      8.950524794793901e-05,
      -1.0144475958941578e-07,
      -9.213347203588763e-05
    ],
    [
      -9.045032371881119e-05,
      6.844249056612642e-05,
      0.0001397555889156198,
      8.980648724346576e-05,
      8.921207946624649e-05,
      0.00014659508342592206,
      0.00011104035715454538,
      0.0005001552226912871,
      0.00013407919689713868,
      0.000106826224525038,
      0.00010375362492533337,
      9.87505520131917e-05,
      0.00010079941158313587,
      0.00011285407465618324,
      0.00012731334665690456,
      8.088989972190134e-05,
      0.00011447583594387337,
      -5.716505831342813e-08,
      -5.194287324787871e-05
    ],
    [
      -9.068904060256063e-05,
      7.926032662564657e-05,
      8.438771087848465e-05,
      0.0001056106747662162,
      6.737420770882712e-05,
      0.00011265664298518082,
      0.00018687214352682555,
      0.0001340791968971387,
      0.0012979880545927582,
      0.00012503260419721054,
      0.00011709957228228433,
      0.00011980788633413368,
      0.00012726228017175827,
      0.0001166842670141966,
      0.00010672854925763105,
      0.000230183407892158,
      4.7867386146305945e-05,
      -1.1165258227663839e-07,
      -0.00010138403223272153
    ],
    [
      -9.5750030809528e-05,
      8.271769900048944e-05,
      0.00012561120176202226,
      9.481698519184181e-05,
      9.714748498931138e-05,
      0.00010657618775611353,
      0.00014179761730356413,
      0.00010682622452503798,
      0.00012503260419721054,
      0.00026730331761812417,
      0.00011283323344509184,
      0.00017063758331115273,
      0.00015436075192946005,
      0.00013539827858498582,
      0.00011219320433922806,
      8.27717415526825e-05,
      0.00011330656748478519,
      -5.2968677732007755e-08,
      -4.813939515454812e-05
    ],
    [
      -9.45123925026728e-05,
      0.00010115269232135981,
      0.00011097041278614766,
      8.951829983238436e-05,
      9.34591323026937e-05,
      0.00010914731376240747,
      0.00013755279193434347,
      0.00010375362492533326,
      0.00011709957228228421,
      0.00011283323344509173,
      0.0013390479078750552,
      9.75630732241473e-05,
      0.00010611490452284148,
      0.00010718820984105697,
      0.00010493215533587593,
      9.134722361751808e-05,
      0.00011252520754618956,
      -1.0408265610638386e-07,
      -9.45182803975137e-05
    ],
    [
      -9.07829816934309e-05,
      7.576428296888735e-05,
      0.00010841482920667097,
      9.001790288160484e-05,
      8.958282728016902e-05,
      0.00010740990798904814,
      0.00016991002424732987,
      9.875055201319176e-05,
      0.00011980788633413381,
      0.00017063758331115284,
      9.756307322414752e-05,
      0.0008185981541246629,
      0.0001281760330880028,
      0.00011370096720360167,
      9.596041967224794e-05,
      7.675781344177792e-05,
      9.627041798907641e-05,
      -4.5598708948669645e-08,
      -4.144804862033634e-05
    ],
    [
      -9.224967188291865e-05,
      7.622009629907601e-05,
      0.00010877779058150774,
      9.323308152592621e-05,
      9.237921781848e-05,
      0.00010016317680688601,
      0.00014330758879464546,
      0.00010079941158313577,
      0.00012726228017175816,
      0.00015436075192945997,
      0.00010611490452284148,
      0.00012817603308800258,
      0.0005238643959892307,
      0.00011145018385535656,
      0.00010179567679091922,
      8.329460505036156e-05,
      0.00010472056216623601,
      -5.0572283925962606e-08,
      -4.5962151602408075e-05
    ],
    [
      -9.361783128918734e-05,
      8.389174890102412e-05,
      0.00014562017476899447,
      9.224493170925018e-05,
      9.573277619397198e-05,
      0.00010247324746596137,
      0.00011641333387007277,
      0.00011285407465618323,
      0.00011668426701419658,
      0.00013539827858498582,
      0.0001071882098410571,
      0.00011370096720360155,
      0.00011145018385535665,
      0.0002926900567188991,
      0.00010865219562905896,
      8.341543659316861e-05,
