{
  "H0_eff": {
    "mean": 68.26826117126417,
    "sd_lin": 0.3072339369057725
  },
  "anchor": {
    "H0": 67.4,
    "rd_Mpc": 147.09
  },
  "calibrator_offset_equiv_H0": {
    "mean": 62.608529463645255,
    "sd_lin": 0.9162156656233589
  },
  "calibrator_offset_equiv_delta_lnH0": {
    "mean": -0.07374349568099815,
    "sd": 0.014634039059412435
  },
  "calibrator_offset_mag": {
    "mean": 0.1601319662525689,
    "sd": 0.031777412057297366
  },
  "delta_lnH0": {
    "mean": 0.012799943307151186,
    "sd": 0.004500392006982814
  },
  "delta_mu_equiv_mag": {
    "mean": -0.027794723734851094,
    "sd": 0.009772477075170684
  }
}