{
  "H0_eff": {
    "mean": 68.22262892863915,
    "sd_lin": 0.313480302721955
  },
  "anchor": {
    "H0": 67.4,
    "rd_Mpc": 147.09
  },
  "calibrator_offset_equiv_H0": {
    "mean": 62.045594822733825,
    "sd_lin": 1.1659992988891386
  },
  "calibrator_offset_equiv_delta_lnH0": {
    "mean": -0.08277550278084655,
    "sd": 0.018792620204874086
  },
  "calibrator_offset_mag": {
    "mean": 0.17974472047244466,
    "sd": 0.04080765627740186
  },
  "delta_lnH0": {
    "mean": 0.012131294369602799,
    "sd": 0.004594960757813295
  },
  "delta_mu_equiv_mag": {
    "mean": -0.026342771015312412,
    "sd": 0.009977830508401491
  }
}