{
  "parts": [
    {
      "chi2": 1180.3260122021,
      "label": "pantheon_plus",
      "n": 1322
    },
    {
      "chi2": 279.60098195517946,
      "label": "pantheon_plus_shoes_ladder",
      "n": 354
    },
    {
      "chi2": 14.700342019253409,
      "label": "bao",
      "n": 12
    },
    {
      "chi2": 12.608238077817003,
      "label": "chronometers",
      "n": 19
    }
  ]
}