{
  "chi2": 1531.6337219284537,
  "cov": [
    [
      0.00017314346305115821,
      -8.115245561291034e-05,
      -0.00010431092675508861,
      -9.816929985289581e-05,
      -9.88246596047033e-05,
      -9.469111368508453e-05,
      -0.00011307463529962998,
      -9.47349128018415e-05,
      -9.905184989874354e-05,
      -9.972088559321759e-05,
      -0.00010230887156049042,
      -9.420189116119469e-05,
      -9.604093336680567e-05,
      -9.588996924274561e-05,
      -9.28436164565503e-05,
      -7.305922879427253e-05,
      -0.00010523288741898197,
      3.747348350846696e-05
    ],
    [
      -8.115245561291004e-05,
      0.0004825595637933387,
      8.391064914062e-05,
      7.657869900179183e-05,
      8.428158093217835e-05,
      7.013464046702341e-05,
      8.776550842556385e-05,
      6.843829452387978e-05,
      7.925213663334675e-05,
      8.271381021043445e-05,
      0.00010114505695748275,
      7.576093471836826e-05,
      7.621638339082205e-05,
      8.388952372614482e-05,
      8.197590940399178e-05,
      5.1227610014081047e-05,
      8.658647737124551e-05,
      -3.233051102213342e-09
    ],
    [
      -0.00010431092675508833,
      8.391064914062012e-05,
      0.00032874769456373286,
      8.63011877414992e-05,
      0.00010014080025491447,
      0.00011335123947615763,
      9.839734379528747e-05,
      0.0001375346142572392,
      8.005272940668219e-05,
      0.00012355285638554632,
      0.00010692899739575182,
      0.00010664259263084322,
      0.00010681253984040315,
      0.00014444238467447822,
      0.0001381120475359574,
      9.732322283532108e-05,
      0.00011609644493444001,
      -1.7462632575050562e-06
    ],
    [
      -9.816929985289538e-05,
      7.657869900179176e-05,
      8.630118774149898e-05,
      0.0002455484571009174,
      0.0001285890671824269,
      8.322678466193968e-05,
      0.00011440271733918829,
      8.99420390276732e-05,
      0.00010587524981251323,
      9.494261129353357e-05,
      8.976495778720194e-05,
      9.012606702880582e-05,
      9.335302582306564e-05,
      9.231681526186125e-05,
      8.871793477377162e-05,
      6.306556398414197e-05,
      0.00011101410933706053,
      1.066643190660051e-07
    ],
    [
      -9.88246596047027e-05,
      8.428158093217822e-05,
      0.00010014080025491412,
      0.00012858906718242683,
      0.0001954128382269158,
      8.488380219460152e-05,
      0.00011463829821254099,
      8.926018347051704e-05,
      6.746809890497412e-05,
      9.719206661224845e-05,
      9.354666516242724e-05,
      8.962121208365087e-05,
      9.24217831083083e-05,
      9.575828590408669e-05,
      8.983913639458602e-05,
      6.870317068175182e-05,
      0.00011846400604433487,
      3.79048189770007e-08
    ],
    [
      -9.46911136850839e-05,
      7.013464046702332e-05,
      0.00011335123947615736,
      8.322678466193962e-05,
      8.488380219460156e-05,
      0.0008659528915547249,
      0.00010734186913844042,
      0.00014288633787903882,
      0.00010541777460424506,
      0.00010313901245105487,
      0.00010239866344543397,
      0.00010445049803638891,
      9.688145771699366e-05,
      0.00010050648762397243,
      0.00010348272070572649,
      6.517779695378494e-05,
      0.00013077702889690827,
      -2.916102746019232e-06
    ],
    [
      -0.00011307463529962944,
      8.776550842556384e-05,
      9.83973437952873e-05,
      0.00011440271733918835,
      0.00011463829821254119,
      0.00010734186913844055,
      0.0008362829072371494,
      0.00010626797048011228,
      0.00017755722057984853,
      0.00013737468523227755,
      0.00012886867801064592,
      0.00016610187714106032,
      0.00013908469664530526,
      0.00011388252167412644,
      0.00011659517038262816,
      6.759453649480621e-05,
      8.848743915546246e-05,
      -3.7524268755616396e-06
    ],
    [
      -9.473491280184116e-05,
      6.843829452387982e-05,
      0.0001375346142572391,
      8.99420390276733e-05,
      8.926018347051728e-05,
      0.00014288633787903896,
      0.00010626797048011235,
      0.0004974646537820431,
      0.00012882764378905349,
      0.0001043326706010739,
      9.885770837008491e-05,
      9.660360062284134e-05,
      9.841863586247195e-05,
      0.00011142725720108331,
      0.00012620875103785527,
      7.847903188118571e-05,
      0.00011390201724906835,
      -2.1155122124677635e-06
    ],
    [
      -9.905184989874315e-05,
      7.925213663334675e-05,
      8.005272940668203e-05,
      0.00010587524981251331,
      6.746809890497427e-05,
      0.00010541777460424516,
      0.00017755722057984856,
      0.00012882764378905349,
      0.0012877378766648327,
      0.00012016559231189007,
      0.0001075435390900657,
      0.00011561738624764509,
      0.00012261539300505416,
      0.00011389935129796014,
      0.00010457255818212632,
      0.00022547778579914957,
      4.674738533912645e-05,
      -4.129206053353709e-06
    ],
    [
      -9.972088559321744e-05,
      8.27138102104345e-05,
      0.00012355285638554627,
      9.494261129353372e-05,
      9.719206661224868e-05,
      0.00010313901245105506,
      0.00013737468523227763,
      0.00010433267060107394,
      0.00012016559231189013,
      0.00026499235239796,
      0.00010829581688021938,
      0.00016864784090181434,
      0.0001521543068092682,
      0.0001340759388182081,
      0.00011116949194486578,
      8.053740778642208e-05,
      0.00011277476625376424,
      -1.960595603567207e-06
    ],
    [
      -0.00010230887156048997,
      0.00010114505695748275,
      0.00010692899739575167,
      8.9764957787202e-05,
      9.35466651624274e-05,
      0.00010239866344543409,
      0.0001288686780106459,
      9.885770837008487e-05,
      0.00010754353909006568,
      0.00010829581688021932,
      0.0013301390117551157,
      9.36563549017856e-05,
      0.00010178270577294921,
      0.00010459188934700954,
      0.00010292216854105737,
      8.696026748592479e-05,
      0.00011148105348720613,
      -3.849566997417815e-06
    ],
    [
      -9.420189116119466e-05,
      7.57609347183684e-05,
      0.00010664259263084324,
      9.0126067028806e-05,
      8.962121208365115e-05,
      0.00010445049803638917,
      0.00016610187714106048,
      9.660360062284143e-05,
      0.00011561738624764526,
      0.00016864784090181445,
      9.365635490178575e-05,
      0.0008168849847437586,
      0.0001262762825460143,
      0.00011256243188919854,
      9.507900270056117e-05,
      7.483405075917553e-05,
      9.581253681740303e-05,
      -1.6880671497475675e-06
    ],
    [
      -9.604093336680523e-05,
      7.621638339082202e-05,
      0.00010681253984040294,
      9.335302582306564e-05,
      9.242178310830843e-05,
      9.688145771699372e-05,
      0.00013908469664530518,
      9.841863586247181e-05,
      0.0001226153930050541,
      0.0001521543068092681,
      0.00010178270577294914,
      0.0001262762825460141,
      0.0005217577437445584,
      0.00011018765073708002,
      0.00010081826475662629,
      8.116132550446913e-05,
      0.00010421281318721189,
      -1.8719213068230444e-06
    ],
    [
      -9.588996924274518e-05,
      8.388952372614483e-05,
      0.00014444238467447809,
      9.231681526186134e-05,
      9.575828590408688e-05,
      0.00010050648762397255,
      0.00011388252167412646,
      0.00011142725720108327,
      0.00011389935129796011,
      0.00013407593881820806,
      0.00010459188934700954,
      0.0001125624318891984,
      0.00011018765073708009,
      0.00029193341077565673,
      0.00010806642497487114,
      8.213694552562904e-05,
      0.00010966790846995846,
      -1.1218257252767526e-06
    ],
    [
      -9.284361645654985e-05,
      8.197590940399181e-05,
      0.00013811204753595723,
      8.87179347737717e-05,
      8.98391363945862e-05,
      0.00010348272070572661,
      0.00011659517038262815,
      0.00012620875103785522,
      0.00010457255818212628,
      0.00011116949194486574,
      0.00010292216854105737,
