{
  "created_utc": "2026-02-05T17:22:23.709985+00:00",
  "run_id": "stack_sn_bao_cc_plus_ladder_predictive_score_cal_survey_holdout_mechanism_scan_v1",
  "tasks": {
    "predictive_score": {
      "always_include_calibrators": false,
      "always_include_hubble_flow": true,
      "mode": "group_holdout",
      "models": {
        "+cal_offset": {
          "ladder_level": "L1",
          "logp": [
            2.7129507230644716,
            3.1214297207386936,
            4.7343837956296095,
            3.475790702317832,
            3.6030745027305766,
            5.784107270086958,
            1.0158051536594388,
            2.1959006025589645,
            1.549631784662369,
            2.914434468320475
          ],
          "mean_delta_logp_vs_base": 1.7244170905168814,
          "mean_logp": 3.110750872376939,
          "sd_delta_logp_vs_base": 1.6669252880100578,
          "sd_logp": 1.3423261692590795
        },
        "+cal_time_bins": {
          "ladder_level": "L1",
          "logp": [
            4.871555258840898,
            3.024569818635936,
            3.673923074281813,
            3.2557308097997266,
            4.267777451212398,
            6.074481625669548,
            0.8997231727635446,
            1.3318653827141462,
            2.763630151361587,
            2.918286544278083
          ],
          "mean_delta_logp_vs_base": 1.9218205470957108,
          "mean_logp": 3.308154328955768,
          "sd_delta_logp_vs_base": 2.426559902420897,
          "sd_logp": 1.462510957034469
        },
        "+pkmjderr_linear_cal": {
          "ladder_level": "L1",
          "logp": [
            2.9581954469407075,
            3.1725091201186473,
            4.013978403768195,
            3.695876199151429,
            3.537429854201438,
            4.618725661031538,
            0.9395922664693539,
            1.5538033492465102,
            1.5218518648220987,
            2.941308313246667
          ],
          "mean_delta_logp_vs_base": 1.5089932660396013,
          "mean_logp": 2.8953270478996584,
          "sd_delta_logp_vs_base": 1.6680397704634669,
          "sd_logp": 1.1343973578317548
        },
        "baseline": {
          "ladder_level": "L1",
          "logp": [
            -1.4731855318627325,
            2.6772784903146674,
            4.446146398337942,
            2.1150109596151507,
            0.6954470748768191,
            1.2054227238279864,
            1.0720704404257149,
            1.8562504953211234,
            -1.3177957399954607,
            2.586692507739362
          ],
          "mean_delta_logp_vs_base": 0.0,
          "mean_logp": 1.3863337818600574,
          "sd_delta_logp_vs_base": 0.0,
          "sd_logp": 1.7122974795025563
        }
      },
      "n_rep": 10,
      "seed": null,
      "train_frac": null,
      "use_diagonal_errors": true
    },
    "report": {
      "ok": true
    }
  }
}