{
  "chi2": 1222.2220056389078,
  "cov": [
    [
      0.00011810114390544992,
      4.594245898363237e-05
    ],
    [
      4.5942458983632366e-05,
      2.1157288118144378e-05
    ]
  ],
  "dof": 1352,
  "ladder_level": "L1",
  "logdet_cov": -5043.979032173278,
  "mean": [
    -19.41713689436748,
    0.011882095091185563
  ],
  "n": 1354,
  "param_names": [
    "global_offset_mag",
    "delta_lnH0"
  ]
}