{
  "H0_eff": {
    "mean": 68.20563001688465,
    "sd_lin": 0.313725792475799
  },
  "anchor": {
    "H0": 67.4,
    "rd_Mpc": 147.09
  },
  "delta_lnH0": {
    "mean": 0.011882095091185563,
    "sd": 0.004599705220787999
  },
  "delta_mu_equiv_mag": {
    "mean": -0.025801641657758025,
    "sd": 0.009988132978849032
  }
}