{
  "cut_var": "z_hf_max",
  "cuts": [
    0.05,
    0.058998181818181825,
    0.06799636363636363,
    0.07699454545454545,
    0.08599272727272728,
    0.0949909090909091,
    0.10398909090909092,
    0.11298727272727273,
    0.12198545454545455,
    0.13098363636363636,
    0.1399818181818182,
    0.14898
  ],
  "mc": {
    "end_to_end": [
      0.00887455956505434,
      0.07915355227305909,
      0.023468310053491592,
      0.04043150280871899,
      0.05148444349816472,
      0.08900939467931224,
      0.05949785068058233,
      0.07254096843320568,
      0.014956915925555592,
      0.017756745114709815,
      0.08034027869539528,
      0.06529501223781509,
      0.0349975499111288,
      0.018427296527178783,
      0.0468407817998191,
      0.023197671648677698,
      0.014321446148350958,
      0.0918897400268861,
      0.006937071240940895,
      0.03159004886485661,
      0.04666958083787165,
      0.025495656236085296,
      0.07433174334541093,
      0.038378295046630484,
      0.06377607905282545,
      0.03489089993123429,
      0.04702951803220756,
      0.030467746233394877,
      0.061635090124866565,
      0.023221513860569587,
      0.08674400775147006,
      0.03140752505655442,
      0.01711540451758964,
      0.04298954956136214,
      0.04436580961818848,
      0.048464975038321256,
      0.06134760750968482,
      0.060076625349676505,
      0.05737512389878319,
      0.07728109235888425,
      0.09532965180939001,
      0.07357891060528843,
      0.028722544042206977,
      0.031358690981711845,
      0.006726375550119457,
      0.01485877221895393,
      0.014465440605285096,
      0.0008523735667012033,
      0.074024087367075,
      0.00945693238880807,
      0.05117181853004382,
      0.022556796629420006,
      0.06624342030015384,
      0.019171660350771447,
      0.052473951697738386,
      0.0227571707232741,
      0.0565581411344489,
      0.0527230600969375,
      0.030373017038737515,
      0.02759565684161558,
      0.0766441294557687,
      0.02003356949573032,
      0.055395399002499346,
      0.06880460869029648,
      0.03487324203758391,
      0.07191948497820633,
      0.04140700233052996,
      0.005227135697108309,
      0.0008907486960509914,
      0.04291872182154677,
      0.017891616107625907,
      0.03251241522847437,
      0.05742802892371657,
      0.03799008447957419,
      0.05258216261940163,
      0.019732518659619558,
      0.029735786268297204,
      0.06634942463233529,
      0.08264651938763024,
      0.03170597786313678,
      0.0479505767895283,
      0.05835091865707298,
      0.08579862638772084,
      0.016067829249593046,
      0.06846383237778753,
      0.06220107339958858,
      0.02531233341755268,
      0.08176894548109814,
      0.0029975230481440462,
      0.03692436151771972,
      0.08762274754398547,
      0.06685059589921138,
      0.05881802861847518,
      0.044406965777795904,
      0.0588584433395134,
      0.04341743427128364,
      0.07337252230676228,
      0.05024103852639783,
      0.0570586460205611,
      0.02275455423624706,
      0.04912910683145455,
      0.02739047767529712,
      0.05702952423330743,
      0.06374461662714026,
      0.04835910205302696,
      0.05710037036973503,
      0.07552495794938352,
      0.0049933530586798724,
      0.03744913280371165,
      0.03088823868826651,
      0.01605055837513447,
      0.055930851170732154,
      0.029301200159345342,
      0.01762713742753874,
      0.052725488109810925,
      0.04794347393200482,
      0.04336317551682711,
      0.04247622846463628,
      0.012491255196650286,
      0.007608263672619131,
      0.10480074466337896,
      0.023335971603316352,
      0.02751908104748324,
      0.04612888314916219,
      0.011909586710157072,
      0.0005272266105222911,
      0.02589234125679596,
      0.009040594741229313,
      0.015120825314834718,
      0.05677726773946645,
      0.07384390839287747,
      0.025979509088017494,
      0.07776433122156234,
      0.021737301861065816,
      0.07253693496877034,
      0.08841635250144719,
      0.015701033439547984,
      0.04969428700566425,
      0.06939429899182414,
      0.06266173923225793,
      0.018107095718484345,
      0.016838308650573452,
      0.04270991054554685,
      0.11311300258600454,
      0.05957995558000562,
      0.06331316565293932,
      0.016762631105983417,
      0.04596211108565029,
      0.052868365926617145,
      0.06257461644542062,
      0.06348852100764191,
      0.013640094678603276,
      0.07418223642757127,
      0.06955843526311511,
      0.04173569325131865,
      0.03482277338216022,
      0.030890474651407374,
      0.03592693363072641,
      0.06704108252454333,
      0.011714928619294795,
      0.0028064837091150707,
      0.003094135371789264,
      0.03368601105301394,
      0.04520138790442374,
      0.0012685154769904727,
      0.0028866773205358243,
      0.015181503739878366,
      0.06158414756442454,
      0.03411541809901664,
      0.07044187434219751,
      0.020433865863669354,
      0.0036691633114713795,
      0.05985248155970524,
      0.049828240100488586,
      0.048425850069012455,
      0.03865654553973741,
      0.06214809514843722,
      0.056775428492585434,
      0.043134852457079376,
      0.059621980002876995,
      0.04260563374103299,
      0.08495929067905195,
      0.049572105680010026,
      0.0010491759451802807,
      0.06283732507829143,
      0.03492654313734889,
      0.016105665627915045,
      0.031132904147320062,
      0.045263993214664566,
      0.006583184425352329,
      0.002789245792254036,
      0.050925220022598694,
      0.06584738482628794,
      0.07943861851025957,
      0.03164526184234262,
      0.04741857585091935,
      0.0538188911214732,
      0.0631074771920268,
      0.05536864885538151,
      0.0470422912154973
    ],