{
  "cut_var": "z_hf_max",
  "cuts": [
    0.05,
    0.058998181818181825,
    0.06799636363636363,
    0.07699454545454545,
    0.08599272727272728,
    0.0949909090909091,
    0.10398909090909092,
    0.11298727272727273,
    0.12198545454545455,
    0.13098363636363636,
    0.1399818181818182,
    0.14898
  ],
  "rows": [
    {
      "chi2": 217.50762310911918,
      "cut": 0.05,
      "dof": 249,
      "n": 264,
      "params": {
        "delta_lnH0": 0.09003578993077287,
        "global_offset_mag": -19.235249090651703,
        "survey_offset_15": 0.02677690159673813,
        "survey_offset_150": 0.0018230214945832276,
        "survey_offset_18": 0.01015057413236859,
        "survey_offset_50": -0.0372069671346301,
        "survey_offset_51": 0.013145572244003846,
        "survey_offset_56": -0.12223490383215423,
        "survey_offset_57": 0.007329648340458654,
        "survey_offset_61": -0.06424568813757205,
        "survey_offset_62": -0.05461351826559717,
        "survey_offset_63": 0.028526768198100735,
        "survey_offset_64": -0.014520238429807993,
        "survey_offset_65": -0.013678019991118213,
        "survey_offset_66": 0.1023694042511175
      }
    },
    {
      "chi2": 229.34577110145835,
      "cut": 0.058998181818181825,
      "dof": 265,
      "n": 280,
      "params": {
        "delta_lnH0": 0.08763704792640786,
        "global_offset_mag": -19.232562106761968,
        "survey_offset_15": 0.014818796777434706,
        "survey_offset_150": 0.00709573063595111,
        "survey_offset_18": 0.010331137203373584,
        "survey_offset_50": -0.041259526425757066,
        "survey_offset_51": 0.014040112245893896,
        "survey_offset_56": -0.12678686827918603,
        "survey_offset_57": 0.0025402105254333004,
        "survey_offset_61": -0.0691144350163122,
        "survey_offset_62": -0.06813105598112157,
        "survey_offset_63": 0.021501300141315693,
        "survey_offset_64": -0.019735448467938007,
        "survey_offset_65": -0.018316905340022307,
        "survey_offset_66": 0.08814903685241925
      }
    },
    {
      "chi2": 235.36889091937587,
      "cut": 0.06799636363636363,
      "dof": 272,
      "n": 288,
      "params": {
        "delta_lnH0": 0.08666519439885041,
        "global_offset_mag": -19.2525495807962,
        "survey_offset_15": 0.035548735643950946,
        "survey_offset_150": 0.029648006599923275,
        "survey_offset_18": 0.029344617237704252,
        "survey_offset_5": 0.022909836181025003,
        "survey_offset_50": -0.015533558922306406,
        "survey_offset_51": 0.032708264864598054,
        "survey_offset_56": -0.11143481597147138,
        "survey_offset_57": 0.0210503604823191,
        "survey_offset_61": -0.050587613122930815,
        "survey_offset_62": -0.04946379980407389,
        "survey_offset_63": 0.03981530797047657,
        "survey_offset_64": -0.006305864270404545,
        "survey_offset_65": 0.0071966434989980815,
        "survey_offset_66": 0.10500492791627743
      }
    },
    {
      "chi2": 240.91017553070827,
      "cut": 0.07699454545454545,
      "dof": 280,
      "n": 296,
      "params": {
        "delta_lnH0": 0.0874955361913499,
        "global_offset_mag": -19.2525949514481,
        "survey_offset_15": 0.04485258630324049,
        "survey_offset_150": 0.025065736615737255,
        "survey_offset_18": 0.02693790519864225,
        "survey_offset_5": 0.022247522158049534,
        "survey_offset_50": -0.0164645234908707,
        "survey_offset_51": 0.02887276404895974,
        "survey_offset_56": -0.1105269984841944,
        "survey_offset_57": 0.02140389256143547,
        "survey_offset_61": -0.04959642713786137,
        "survey_offset_62": -0.05110116248353569,
        "survey_offset_63": 0.04031852448217979,
        "survey_offset_64": -0.005800837980402148,
        "survey_offset_65": 0.004063072963664558,
        "survey_offset_66": 0.1053227639120596
      }
    },
    {
      "chi2": 256.19496581592375,
      "cut": 0.08599272727272728,
      "dof": 289,
      "n": 305,
      "params": {
        "delta_lnH0": 0.08672667838594847,
        "global_offset_mag": -19.251240675664505,
        "survey_offset_15": 0.0030360511927007843,
        "survey_offset_150": 0.020989432469829053,
        "survey_offset_18": 0.024383901398436183,
        "survey_offset_5": 0.02675563123035707,
        "survey_offset_50": -0.01491796385624505,
        "survey_offset_51": 0.029005288646444572,
        "survey_offset_56": -0.11320189263956343,
        "survey_offset_57": 0.020150478745618088,
        "survey_offset_61": -0.05048296653845701,
        "survey_offset_62": -0.06504418674981041,
        "survey_offset_63": 0.03771599172439426,
        "survey_offset_64": -0.007492977745251698,
        "survey_offset_65": 0.004657633169928314,
        "survey_offset_66": 0.10235100859245387
      }
    },
    {
      "chi2": 258.08401929028366,
      "cut": 0.0949909090909091,
      "dof": 295,
      "n": 311,
      "params": {
        "delta_lnH0": 0.08684778219155957,
        "global_offset_mag": -19.256809197435842,
        "survey_offset_15": 0.020664062780511926,
        "survey_offset_150": 0.02652088046988387,
        "survey_offset_18": 0.02965434100192663,
        "survey_offset_5": 0.032310764043435705,
        "survey_offset_50": -0.008652629385635602,
        "survey_offset_51": 0.0344098309653775,
        "survey_offset_56": -0.10741302414527543,
        "survey_offset_57": 0.025874276972742163,
        "survey_offset_61": -0.04485582301567774,
        "survey_offset_62": -0.05953174884083187,
        "survey_offset_63": 0.04340724665630256,
        "survey_offset_64": -0.0017958211704990398,
        "survey_offset_65": 0.010259357275325724,
        "survey_offset_66": 0.10832821255117149
      }
    },
    {
      "chi2": 259.290016451448,
      "cut": 0.10398909090909092,
      "dof": 298,
      "n": 314,
      "params": {
        "delta_lnH0": 0.0868355701925522,
        "global_offset_mag": -19.256134818852853,
        "survey_offset_15": 0.03609126970214429,
        "survey_offset_150": 0.025940756571529874,
        "survey_offset_18": 0.029242470693644676,
        "survey_offset_5": 0.03165510003743965,
        "survey_offset_50": -0.0093530310613547,
        "survey_offset_51": 0.033857770375666826,
        "survey_offset_56": -0.10769518505278167,
        "survey_offset_57": 0.025326641563589793,
        "survey_offset_61": -0.04525600174796017,
        "survey_offset_62": -0.05989065833270216,
        "survey_offset_63": 0.042836163544044424,
        "survey_offset_64": -0.002307951279748615,
        "survey_offset_65": 0.009761404960625152,
        "survey_offset_66": 0.10766890027763532
      }
    },
    {
      "chi2": 262.6795937243838,
      "cut": 0.11298727272727273,
      "dof": 304,
      "n": 320,
      "params": {
        "delta_lnH0": 0.08633412933852341,
        "global_offset_mag": -19.234443197683717,
        "survey_offset_15": 0.02234373281333044,
        "survey_offset_150": 0.003856819778650165,
        "survey_offset_18": 0.007813726896685877,
        "survey_offset_5": 0.009946765452341919,
        "survey_offset_50": -0.030215448712553206,
        "survey_offset_51": 0.012467924235244895,
        "survey_offset_56": -0.12921943881530448,
        "survey_offset_57": 0.00339309389278946,
        "survey_offset_61": -0.06598794760623071,
        "survey_offset_62": -0.08426468653909126,
        "survey_offset_63": 0.02096888690833593,
        "survey_offset_64": -0.024446530414284455,
        "survey_offset_65": -0.01204605776790909,
        "survey_offset_66": 0.08682250441244953
      }
    },
    {
      "chi2": 264.57933893614137,
      "cut": 0.12198545454545455,
      "dof": 309,
      "n": 325,
      "params": {
        "delta_lnH0": 0.08652023515341656,
        "global_offset_mag": -19.244112583999556,
        "survey_offset_15": 0.02960714486520421,
        "survey_offset_150": 0.013327296027438446,