{
  "H0_eff": {
    "mean": 69.05272648693577,
    "sd_lin": 0.28687046668126165
  },
  "anchor": {
    "H0": 67.4,
    "rd_Mpc": 147.09
  },
  "delta_lnH0": {
    "mean": 0.024225346848097972,
    "sd": 0.00415436842650283
  },
  "delta_mu_equiv_mag": {
    "mean": -0.05260467229160641,
    "sd": 0.009021096417116369
  }
}