{
  "always_include_calibrators": false,
  "always_include_hubble_flow": true,
  "mode": "group_holdout",
  "models": {
    "+bounded_calibration_fields": {
      "ladder_level": "L1",
      "logp": [
        0.8593565457105729,
        0.8779685478910877,
        -0.14073257918812798,
        0.6853390025885923,
        0.2505702814239872,
        0.27739885848563106,
        0.5676637196691268,
        -0.008954569908634302,
        0.0067055683387715614,
        0.5143049907699373,
        0.1916698573140697,
        -0.9809832032766779,
        -0.5571210132394837,
        -0.5726593605304351,
        1.144300900401114,
        1.1349676323949331,
        0.5316941499045706,
        0.6059191860445045,
        1.1198441547540303,
        1.093078127645795,
        0.7349259610798003,
        0.5518105107663427,
        0.2357062637146238,
        -2.834796478265,
        0.5624567488115252,
        -0.04049214091911296,
        0.3961077856333527,
        0.007382456391270331,
        -0.9859939553391892,
        0.6645952783662334,
        0.464381516749576,
        -0.08827404547422367,
        0.028619331521511526,
        0.9472951040237683,
        0.42564785837671293,
        0.292368519467335,
        1.1057832116668365,
        0.7563778232671132,
        1.0754979182246749,
        -0.538336790384567,
        0.2239722193548463,
        0.20982487942080552,
        1.0397728526043888
      ],
      "mean_delta_logp_vs_base": 0.038413715755967394,
      "mean_logp": 0.2984875261919067,
      "sd_delta_logp_vs_base": 0.11984817263754007,
      "sd_logp": 0.7290972032931856
    },
    "+bounded_fields_plus_metadata_bounded": {
      "ladder_level": "L1",
      "logp": [
        0.7104218071274846,
        0.8218110679832407,
        1.0806588765449656,
        0.6218396116422488,
        0.2267345152528758,
        0.4926820504458732,
        -0.44361614366860347,
        0.5011987788212736,
        0.6755528962886411,
        -0.006111436716727203,
        0.4381799182529442,
        -0.01927558857252365,
        0.5656781645766181,
        -0.02154169757829838,
        1.0800644298445345,
        1.1271654662223647,
        0.7259457062249871,
        0.6304997864466322,
        0.8799734659649642,
        1.0434649605700548,
        0.638142649530325,
        0.928474389514039,
        0.3004224931567235,
        -0.9294954303497738,
        0.7614263183767975,
        -0.025358032078517112,
        0.29452282981970196,
        -0.4514998749301813,
        0.42162453827316215,
        0.2674530778395895,
        0.4142857073142696,
        -0.19212704203968978,
        0.37412963405669075,
        1.0601941711084086,
        0.41481375581908525,
        0.7150456817779689,
        1.1383063494740162,
        0.8319085072152991,
        0.7557120993587945,
        0.4800602084227854,
        0.3110871259025213,
        0.1023120474807892,
        1.097931242378701
      ],
      "mean_delta_logp_vs_base": 0.22459361010115503,
      "mean_logp": 0.48466742053709444,
      "sd_delta_logp_vs_base": 0.5896751892862557,
      "sd_logp": 0.4618381699417649
    },
    "+cal_offset_bounded": {
      "ladder_level": "L1",
      "logp": [
        0.9270909627547673,
        0.8095032349611102,
        0.7452628834939385,
        0.6437817651312141,
        0.18191321119020032,
        0.43402014201112804,
        0.22469582351626416,
        0.37953253022088734,
        0.46087489747532784,
        0.23221136936939146,
        0.3829066594522253,
        -0.45893713311039774,
        0.190835516722223,
        -0.07751808934198734,
        1.0542215172811888,
        1.124131331797929,
        0.6895312262068289,
        0.7437017409553056,
        1.0685659957889668,
        1.0043151074385102,
        0.8422732727993449,
        0.8523857671595949,
        0.2975759825410079,
        -1.7629029203510762,
        0.7365695843973441,
        0.06370379841287904,
        0.30160749311680124,
        0.40560307817852803,
        -0.31182482349108653,
        0.5231592143755317,
        0.43000975363945876,
        -0.12159632856534225,
        0.39788567812614717,
        1.0691830376242089,
        0.4692886363814763,
        0.5482740849300193,
        1.238306541545994,
        0.8386826796548009,
        0.9919089213824833,
        0.09293450829487271,
        0.36134947763597636,
        0.009288975230492325,
        1.129442993980322
      ],
      "mean_delta_logp_vs_base": 0.20885061050161421,
      "mean_logp": 0.4689244209375536,
      "sd_delta_logp_vs_base": 0.3673560334262318,
      "sd_logp": 0.5310902296359497
    },
    "baseline": {
      "ladder_level": "L1",
      "logp": [
        0.8407557538154469,
        0.8954390352971782,
        -0.07213934614297846,
        0.6861111216892556,
        0.25170643504499557,
        0.2877804210677079,
        0.6742716438737016,
        0.01858306117246733,
        -0.08338377420220433,
        0.5169959880195398,
        0.20594252929030854,
        -1.0818674192705813,
        -0.5030252707575493,
        -0.5382371196782896,
        1.147286408077961,
        1.1357603506793152,
        0.5173397012905616,
        0.6604803381395659,
        1.148289764781571,
        1.1386527595963327,
        0.7387228759985397,
        0.5354322783816761,
        0.23631967041170798,
        -2.947537129601496,
        0.5253592747904277,
        -0.12764926479158856,
        0.4178477403521345,
        -0.191987613764238,
        -1.2877102001766967,
        0.7254887928789117,
        0.475237495918041,
        -0.05705384253923081,
        -0.46003711023581206,
        0.7369111590249485,
        0.4580941842924054,
        -0.08381608595279366,
        1.0438691287831405,
        0.7140746612606371,
        1.1220403484212493,
        -0.7396682424558869,
        0.20980114073325973,
        0.26064698919509266,
        1.0320452160366564
      ],
      "mean_delta_logp_vs_base": 0.0,
      "mean_logp": 0.26007381043593936,
      "sd_delta_logp_vs_base": 0.0,
      "sd_logp": 0.7727967301593188
    }
  },
  "n_rep": 43,
  "seed": 888,
  "train_frac": null,
  "use_diagonal_errors": true
}