{
  "coverage_68": {
    "delta_lnH0": 0.7109375,
    "global_offset_mag": 0.7265625,
    "pkmjd_bin_offset_1": 0.984375,
    "pkmjd_bin_offset_2": 0.328125,
    "pkmjd_bin_offset_3": 0.9765625,
    "pkmjd_bin_offset_4": 0.8828125,
    "survey_offset_15": 0.97265625,
    "survey_offset_150": 0.8515625,
    "survey_offset_18": 1.0,
    "survey_offset_5": 0.69921875,
    "survey_offset_50": 0.890625,
    "survey_offset_51": 1.0,
    "survey_offset_56": 0.48828125,
    "survey_offset_57": 1.0,
    "survey_offset_61": 1.0,
    "survey_offset_62": 1.0,
    "survey_offset_63": 1.0,
    "survey_offset_64": 1.0,
    "survey_offset_65": 1.0,
    "survey_offset_66": 0.99609375
  },
  "coverage_95": {
    "delta_lnH0": 0.96875,
    "global_offset_mag": 0.96875,
    "pkmjd_bin_offset_1": 1.0,
    "pkmjd_bin_offset_2": 0.96875,
    "pkmjd_bin_offset_3": 1.0,
    "pkmjd_bin_offset_4": 1.0,
    "survey_offset_15": 1.0,
    "survey_offset_150": 1.0,
    "survey_offset_18": 1.0,
    "survey_offset_5": 0.9765625,
    "survey_offset_50": 1.0,
    "survey_offset_51": 1.0,
    "survey_offset_56": 0.92578125,
    "survey_offset_57": 1.0,
    "survey_offset_61": 1.0,
    "survey_offset_62": 1.0,
    "survey_offset_63": 1.0,
    "survey_offset_64": 1.0,
    "survey_offset_65": 1.0,
    "survey_offset_66": 1.0
  },
  "n_rep": 256,
  "param_names": [
    "global_offset_mag",
    "survey_offset_5",
    "survey_offset_15",
    "survey_offset_18",
    "survey_offset_50",
    "survey_offset_51",
    "survey_offset_56",
    "survey_offset_57",
    "survey_offset_61",
    "survey_offset_62",
    "survey_offset_63",
    "survey_offset_64",
    "survey_offset_65",
    "survey_offset_66",
    "survey_offset_150",
    "pkmjd_bin_offset_1",
    "pkmjd_bin_offset_2",
    "pkmjd_bin_offset_3",
    "pkmjd_bin_offset_4",
    "delta_lnH0"
  ],
  "use_diagonal_errors": true,
  "zscore_mean": {
    "delta_lnH0": 0.1146004306386012,
    "global_offset_mag": 0.04848119975962368,
    "pkmjd_bin_offset_1": -0.32074080480040146,
    "pkmjd_bin_offset_2": 1.2173641070546226,
    "pkmjd_bin_offset_3": 0.14853098300726406,
    "pkmjd_bin_offset_4": -0.5147593701829697,
    "survey_offset_15": 0.371381833102971,
    "survey_offset_150": 0.27434266738902846,
    "survey_offset_18": 0.007987019605508154,
    "survey_offset_5": 0.5779734739904492,
    "survey_offset_50": -0.3717034603664539,
    "survey_offset_51": 0.08314718237652247,
    "survey_offset_56": -0.9780309361903126,
    "survey_offset_57": 0.20540994911892774,
    "survey_offset_61": -0.08176630597463048,
    "survey_offset_62": -0.07822585716774028,
    "survey_offset_63": 0.07277978314246084,
    "survey_offset_64": -0.09123235440396145,
    "survey_offset_65": -0.10491520588493385,
    "survey_offset_66": 0.2482828408315699
  },
  "zscore_std": {
    "delta_lnH0": 0.9125626305493945,
    "global_offset_mag": 0.9007582293867432,
    "pkmjd_bin_offset_1": 0.3251303635409815,
    "pkmjd_bin_offset_2": 0.3797820227957727,
    "pkmjd_bin_offset_3": 0.4296206300758809,
    "pkmjd_bin_offset_4": 0.4223946209029783,
    "survey_offset_15": 0.34636497149340534,
    "survey_offset_150": 0.6019704228348637,
    "survey_offset_18": 0.2665042867629998,
    "survey_offset_5": 0.7178933985711625,
    "survey_offset_50": 0.5152100230677186,
    "survey_offset_51": 0.19270777427530436,
    "survey_offset_56": 0.6778024115095489,
    "survey_offset_57": 0.19572561153110368,
    "survey_offset_61": 0.06039461758920567,
    "survey_offset_62": 0.10193604451868997,
    "survey_offset_63": 0.11363841902688022,
    "survey_offset_64": 0.14155963034360086,
    "survey_offset_65": 0.11117191120515964,
    "survey_offset_66": 0.27681271356003
  }
}