{
  "chi2": 1177.7878394534866,
  "cov": [
    [
      0.00011794879524976012,
      -0.0001042093163346658,
      -0.0001339690055671243,
      -0.0001268705539911663,
      -0.00012861627330192072,
      -0.00010032522980242396,
      -0.00015632644607430332,
      -0.00011493575696104568,
      -0.00012349055267553842,
      -0.00012597336162829676,
      -0.00012643377442476264,
      -0.00012145632933154151,
      -0.00011853842949320484,
      -0.00012089682287997873,
      -0.00011735569948796715,
      -8.138147272855987e-05,
      -0.0001410279710516082
    ],
    [
      -0.00010420931633466588,
      0.0005036653812990273,
      0.0001090171585919729,
      0.00010170156768970969,
      0.00010996022401205863,
      7.617814734713494e-05,
      0.00012775320835972548,
      7.950576351251488e-05,
      0.0001114965792412025,
      0.00010905740684567212,
      0.00014984520959031354,
      9.773075801586449e-05,
      9.568434011880272e-05,
      0.00010927743605262202,
      0.00010612122476650293,
      5.244354646161567e-05,
      0.00011585292310650904
    ],
    [
      -0.00013396900556712448,
      0.000109017158591973,
      0.0005335586545899799,
      0.00010605244253861274,
      0.00013232370830352163,
      0.0001233796516029577,
      0.00013383079822746238,
      0.00022131475299550958,
      5.912262250012741e-05,
      0.00016594484597060843,
      0.00015004036449745765,
      0.00014065644020069506,
      0.00013838847625597794,
      0.00020874519682427135,
      0.00019374707774438946,
      0.00012970468514382716,
      0.00016131896376940882
    ],
    [
      -0.00012687055399116643,
      0.00010170156768970972,
      0.00010605244253861266,
      0.0002790430650536761,
      0.00016325988624712185,
      8.462884719423907e-05,
      0.00017681258139815438,
      0.00010885804503578153,
      0.00016762531400785034,
      0.00012217430148845517,
      0.00011217328743308617,
      0.00011916161588533513,
      0.00011869280036496482,
      0.00011610888667823419,
      0.00011066380452267684,
      6.50500179947499e-05,
      0.00014907465400751678
    ],
    [
      -0.0001286162733019207,
      0.00010996022401205852,
      0.00013232370830352139,
      0.00016325988624712163,
      0.00023874950614509194,
      8.445861978122563e-05,
      0.0001775478069414731,
      0.00011081009007487179,
      6.651552067379914e-05,
      0.00012557653734311046,
      0.00012020152995262934,
      0.00012197132773383883,
      0.00011686085017069609,
      0.00012402754436498264,
      0.00011391252598251818,
      8.944369574345134e-05,
      0.0001599941324311535
    ],
    [
      -0.00010032522980242375,
      7.617814734713468e-05,
      0.00012337965160295729,
      8.46288471942388e-05,
      8.445861978122542e-05,
      0.0019044398042244574,
      0.0001542673225421196,
      0.00010671128160071317,
      0.00016250247526474702,
      0.00012250051574058972,
      0.0001242245500282372,
      0.00011469267199535993,
      0.00011444229172458303,
      0.00011085408769232689,
      0.00011516774635757823,
      8.95850281398317e-05,
      0.00011366585833905641
    ],
    [
      -0.00015632644607430375,
      0.00012775320835972572,
      0.00013383079822746257,
      0.00017681258139815468,
      0.0001775478069414736,
      0.00015426732254212022,
      0.0018839649887540993,
      0.00013944980968499962,
      0.00039767725671111713,
      0.00017714705958012285,
      0.00018147093345723532,
      0.0001664758763684368,
      0.00017042866591515361,
      0.0001611687560273508,
      0.00017364252470581187,
      5.3731008921968854e-05,
      9.582597331685555e-05
    ],
    [
      -0.00011493575696104575,
      7.950576351251484e-05,
      0.0002213147529955094,
      0.00010885804503578151,
      0.00011081009007487187,
      0.00010671128160071337,
      0.00013944980968499924,
      0.0009422748540192942,
      0.00010362100312297986,
      0.0001359930367156726,
      0.00013504893289862025,
      0.00012603190636578692,
      0.00012530621226918543,
      0.0001549881316765205,
      0.00018815146337221658,
      9.143298759274133e-05,
      0.00014835474136036208
    ],
    [
      -0.00012349055267553858,
      0.00011149657924120259,
      5.912262250012743e-05,
      0.00016762531400785045,
      6.651552067379936e-05,
      0.00016250247526474742,
      0.0003976772567111169,
      0.00010362100312298005,
      0.0033968192037910436,
      0.0001613701698783646,
      0.0001443069713916146,
      0.0001280681132702062,
      0.00017297290898852242,
      0.00013297188342365423,
      0.000126238515203161,
      8.950237191541212e-05,
      1.0094358226783449e-05
    ],
    [
      -0.00012597336162829676,
      0.00010905740684567202,
      0.00016594484597060816,
      0.00012217430148845498,
      0.00012557653734311043,
      0.00012250051574058988,
      0.0001771470595801224,
      0.00013599303671567252,
      0.00016137016987836434,
      0.00045736861653699056,
      0.00015058755343517845,
      0.00017235663770270743,
      0.0002032136934594006,
      0.00017781419232898568,
      0.00015273497167357265,
      9.919840735189689e-05,
      0.00015520721688053022
    ],
    [
      -0.00012643377442476283,
      0.0001498452095903136,
      0.00015004036449745776,
      0.00011217328743308631,
      0.00012020152995262964,
      0.0001242245500282376,
      0.0001814709334572352,
      0.00013504893289862044,
      0.0001443069713916146,
      0.00015058755343517875,
      0.0027300259122381722,
      0.00014621865092280919,
      0.00014158360418768025,
      0.00014417352557512925,
      0.0001445757217791324,
      0.0001155759027685789,
      0.0001533670905782085
    ],
    [
      -0.00012145632933154158,
      9.773075801586447e-05,
      0.00014065644020069498,
      0.00011916161588533507,
      0.0001219713277338389,
      0.00011469267199536017,
      0.00016647587636843653,
      0.00012603190636578695,
      0.00012806811327020616,
      0.00017235663770270754,
      0.00014621865092280902,
      0.0019794420181894166,
      0.00013820596004318072,
      0.0001357772011966894,
      0.00013100785217930324,
      0.00010090052843638258,
      0.0001475682081262308
    ],
    [
      -0.00011853842949320505,
      9.568434011880279e-05,
      0.00013838847625597794,
      0.0001186928003649649,
      0.0001168608501706963,
      0.00011444229172458333,
      0.00017042866591515348,
      0.0001253062122691856,
      0.00017297290898852236,
      0.00020321369345940084,
      0.0001415836041876802,
      0.0001382059600431808,
      0.0009196926455403984,
      0.00014039625856540668,
      0.00013196250539828933,
      9.996759805257906e-05,
      0.00013955658306318963
    ],
    [
      -0.00012089682287997884,
      0.00010927743605262202,
      0.00020874519682427127,
      0.00011610888667823419,
      0.00012402754436498278,
      0.00011085408769232719,
      0.00016116875602735056,
      0.00015498813167652052,
      0.00013297188342365412,
      0.00017781419232898584,
      0.00014417352557512914,
      0.0001357772011966894,
      0.0001403962585654066,
      0.0004855402924193694,
      0.00014340504535580945,
      9.761160950303731e-05,
      0.00014816948783305121
    ],
    [
      -0.00011735569948796713,
      0.00010612122476650281,
      0.00019374707774438924,
      0.00011066380452267665,
      0.00011391252598251815,
      0.00011516774635757838,
      0.0001736425247058114,
      0.00018815146337221655,
      0.0001262385152031608,
      0.00015273497167357268,
      0.00014457572177913215,
      0.00013100785217930313,
      0.00013196250539828915,
      0.00014340504535580937,
      0.0007789294877363673,
      8.663417086208582e-05,
      0.00014681306167117642
    ],
    [
      -8.138147272856013e-05,
      5.244354646161582e-05,
      0.00012970468514382732,
      6.50500179947501e-05,
      8.94436957434516e-05,
      8.958502813983203e-05,
