{
  "cut_var": "z",
  "cuts": [
    0.02001,
    0.07453909090909092,
    0.1290681818181818,
    0.18359727272727272,
    0.23812636363636364,
    0.2926554545454545,
    0.34718454545454547,
    0.40171363636363633,
    0.4562427272727273,
    0.5107718181818182,
    0.565300909090909,
    0.61983
  ],
  "mc": {
    "end_to_end": [
      1.3993312374891502,
      1.5381914186915715,
      1.6207669021718374,
      1.3823467824596243,
      1.9550181355809109,
      1.5364848561949778,
      1.3818555290134178,
      1.4303117395935203,
      1.5743235204759678,
      1.421089260390417,
      1.6378037312419238,
      1.4856050748862764,
      1.6571553656927271,
      1.392048536002651,
      1.3847577706133514,
      1.4758079928051586,
      1.6571759771771362,
      1.6570121756787337,
      1.4557756407860083,
      1.4323510511545692,
      1.5604793921767168,
      1.5902027657329576,
      1.5525144984623047,
      1.5882757580479954,
      1.7255434647072896,
      1.7112473534996369,
      1.4888267764262224,
      1.4597667697176,
      1.4921966989992086,
      1.4032422365768902,
      1.5999504790700385,
      1.5460925436578918,
      1.613539159058405,
      1.7705968442537348,
      1.5918212419458833,
      1.5426255064478092,
      1.305400499385609,
      1.6890332375623487,
      1.6693319498073649,
      1.4340312135879074,
      1.4867482417339097,
      1.4352966563280276,
      1.4962030398303483,
      1.550078002974157,
      1.3797555889658994,
      1.6921095317792627,
      1.5855005931190327,
      1.5370172701690663,
      1.4306412044788388,
      1.4763768903515633,
      1.5051765347678163,
      1.4976019050521607,
      1.429885844101559,
      1.68013147058495,
      1.6133170773763155,
      1.5366027738533674,
      1.5176944264022332,
      1.4767007247285697,
      1.2140332779147727,
      1.7127265452955491,
      1.518490767107732,
      1.7404848164141846,
      1.3879038165286204,
      1.6042892411387655,
      1.4987390423233045,
      1.3372168710709254,
      1.5352824135847314,
      1.3262897469570412,
      1.490779236141659,
      1.689670010928804,
      1.3711328569035004,
      1.5262531638949248,
      1.733286045603215,
      1.573481770626934,
      1.4744607276655337,
      1.6492599599857698,
      1.4014754056948355,
      1.6815641544435458,
      1.643535486566126,
      1.51029483655455,
      1.3657675191508751,
      1.5096362168956574,
      1.3466871353825027,
      1.4560955049085038,
      1.395689368332416,
      1.542216484612453,
      1.6362260595462992,
      1.6354372749047776,
      1.7571178502745717,
      1.489164381814934,
      1.5122056218947897,
      1.64726513715744,
      1.293618047114446,
      1.3891561969134187,
      1.5472686910682363,
      1.5369995694760874,
      1.6894818762527173,
      1.5003227439516316,
      1.5723694763945524,
      1.6562453357753242,
      1.794706871622246,
      1.7224287263535558,
      1.5406747716150626,
      1.5315846026170554,
      1.3992784137883376,
      1.6139115478593205,
      1.387667699570077,
      1.4100884095824178,
      1.1633994103963907,
      1.4553327280604442,
      1.7110505501502686,
      1.5444298872744326,
      1.5221572698079484,
      1.3603100955376917,
      1.5488398255421885,
      1.6790864349947014,
      1.6314638515433266,
      1.655410859775202,
      1.6900456217585287,
      1.7091854548797514,
      1.4885616491729472,
      1.5784772656459864,
      1.552340668097731,
      1.4495555861336058,
      1.345897098711351,
      1.3123991610053167,
      1.4354789877007512,
      1.613990278357317,
      1.6150484847028785,
      1.5156243277942885,
      1.4205816660065622,
      1.7895946384912058,
      1.4617123816944222,
      1.4655647597411843,
      1.5785015836156724,
      1.4907061494165958,
      1.5036952080524912,
      1.5816221466195444,
      1.542679300408878,
      1.6528454404055637,
      1.5068797872430295,
      1.5478057622705492,
      1.536256809897047,
      1.460158388499753,
      1.2520034702835652,
      1.47661815471292,
      1.4199172648419527,
      1.7324112130330107,
      1.6671138980375666,
      1.5153085229037266,
      1.5159823187339398,
      1.3801416300783735,
      1.4143052290436593,
      1.5801667485790638,
      1.4880030678113307,
      1.9595633129240717,
      1.7463241089952604,
      1.5122954740780727,
      1.36309000626812,
      1.8588458266997243,
      1.7616288978975945,
      1.540607027488857,
      1.4522607195220623,
      1.536939295310276,
      1.7206795880033923,
      1.697204677325466,
      1.554213867207249,
      1.5304098442819019,
      1.6211899475631704,
      1.5424085656108062,
      1.3413176294579827,
      1.753451272815898,
      1.7717174117038716,
      1.706607511055978,
      1.366508872716544,
      1.4723035430556735,
      1.3393484977444672,
      1.6010980442651679,
      1.8739100485153521,
      1.603685495803095,
      1.3447091047741573,
      1.387040518221653,
      1.7147310070486022,
      1.3779687604343067,
      1.378522669507877,
      1.6627321039521625,
      1.526024190128087,
      1.4850060310032802,
      1.6410307105622515,
      1.4172622205061174,
      1.3354014313499292,
      1.7811751122193833,
      1.6042290554996512,
      1.474447491059422,
      1.4245641775654292,
      1.4068450240367767,
      1.4959836078653623,
      1.350466477515205,
      1.6150549006393788,
      1.3939289537643766
    ],