{
  "cut_var": "z",
  "cuts": [
    0.02001,
    0.07453909090909092,
    0.1290681818181818,
    0.18359727272727272,
    0.23812636363636364,
    0.2926554545454545,
    0.34718454545454547,
    0.40171363636363633,
    0.4562427272727273,
    0.5107718181818182,
    0.565300909090909,
    0.61983
  ],
  "rows": [
    {
      "chi2": 107.66428541767232,
      "cut": 0.02001,
      "dof": 0,
      "n": 1,
      "params": {
        "global_offset_mag": -17.8384537856633
      }
    },
    {
      "chi2": 395.73831457961643,
      "cut": 0.07453909090909092,
      "dof": 434,
      "n": 449,
      "params": {
        "global_offset_mag": -19.235235281452084,
        "survey_offset_15": -0.14385100917847474,
        "survey_offset_150": -0.19979872013974878,
        "survey_offset_18": -0.1758446880205239,
        "survey_offset_5": -0.1965074225529071,
        "survey_offset_50": -0.20144639693443722,
        "survey_offset_51": -0.19524291555221607,
        "survey_offset_56": -0.28527938403894576,
        "survey_offset_57": -0.1826949602448975,
        "survey_offset_61": -0.2772050046053538,
        "survey_offset_62": -0.1657745002628173,
        "survey_offset_63": -0.1515581640808538,
        "survey_offset_64": -0.2177808728051016,
        "survey_offset_65": -0.20881491084227838,
        "survey_offset_66": -0.185646201395293
      }
    },
    {
      "chi2": 451.3361487550165,
      "cut": 0.1290681818181818,
      "dof": 503,
      "n": 518,
      "params": {
        "global_offset_mag": -19.41376937706813,
        "survey_offset_15": 0.012530444447294273,
        "survey_offset_150": -0.02318771894301024,
        "survey_offset_18": -0.0041682969405984534,
        "survey_offset_5": -0.015693436838166396,
        "survey_offset_50": -0.02886119924080421,
        "survey_offset_51": -0.01536127198105801,
        "survey_offset_56": -0.11956634074370617,
        "survey_offset_57": -0.007031010721064762,
        "survey_offset_61": -0.11045835295405407,
        "survey_offset_62": 0.004781418210305087,
        "survey_offset_63": 0.023043253031926083,
        "survey_offset_64": -0.04137845391171685,
        "survey_offset_65": -0.033708382348743314,
        "survey_offset_66": -0.021126459207567963
      }
    },
    {
      "chi2": 574.6518910349736,
      "cut": 0.18359727272727272,
      "dof": 620,
      "n": 636,
      "params": {
        "global_offset_mag": -19.448903168787957,
        "survey_offset_10": -0.04732402631839565,
        "survey_offset_15": 0.02934391086291802,
        "survey_offset_150": 0.004887630564328738,
        "survey_offset_18": 0.03406758794366482,
        "survey_offset_5": 0.020301031879813546,
        "survey_offset_50": 0.010735618493783315,
        "survey_offset_51": 0.019948422908183494,
        "survey_offset_56": -0.08096185968374835,
        "survey_offset_57": 0.028537348877781137,
        "survey_offset_61": -0.0774698185762683,
        "survey_offset_62": 0.038322865227901376,
        "survey_offset_63": 0.05961374077755016,
        "survey_offset_64": -0.003932648744789317,
        "survey_offset_65": 0.00319035809582028,
        "survey_offset_66": 0.015333899825727186
      }
    },
    {
      "chi2": 739.3461662472404,
      "cut": 0.23812636363636364,
      "dof": 772,
      "n": 788,
      "params": {
        "global_offset_mag": -19.439195771865833,
        "survey_offset_10": -0.012930241919780474,
        "survey_offset_15": 0.0038553171947341225,
        "survey_offset_150": -0.009000759101765985,
        "survey_offset_18": 0.025563004796702437,
        "survey_offset_5": 0.012396110004064539,
        "survey_offset_50": 0.004805421297176617,
        "survey_offset_51": 0.011566227237936834,
        "survey_offset_56": -0.08277423408791774,
        "survey_offset_57": 0.019500385813846506,
        "survey_offset_61": -0.08801601112220205,
        "survey_offset_62": 0.02977261664375338,
        "survey_offset_63": 0.05034897502415491,
        "survey_offset_64": -0.012890554831285761,
        "survey_offset_65": -0.006161534351414865,
        "survey_offset_66": 0.0101322095834701
      }
    },
    {
      "chi2": 852.6722432405113,
      "cut": 0.2926554545454545,
      "dof": 910,
      "n": 927,
      "params": {
        "global_offset_mag": -19.436267924151522,
        "survey_offset_10": -0.024711800358734073,
        "survey_offset_15": -0.0123361896619518,
        "survey_offset_150": -0.015264611689467402,
        "survey_offset_18": 0.02597866175069686,
        "survey_offset_4": -0.019153970011143863,
        "survey_offset_5": 0.011187781829888848,
        "survey_offset_50": 0.0010275107253199336,
        "survey_offset_51": 0.010342009544802458,
        "survey_offset_56": -0.08637582953825682,
        "survey_offset_57": 0.01645130350388087,
        "survey_offset_61": -0.09214669293735785,
        "survey_offset_62": 0.026198029515919256,
        "survey_offset_63": 0.04720690841493145,
        "survey_offset_64": -0.015249943403308841,
        "survey_offset_65": -0.007212071732080115,
        "survey_offset_66": 0.012573069778520797
      }
    },
    {
      "chi2": 967.2436029938254,
      "cut": 0.34718454545454547,
      "dof": 1037,
      "n": 1054,
      "params": {
        "global_offset_mag": -19.437290796190936,
        "survey_offset_10": -0.02085965661712131,
        "survey_offset_15": 0.005554016256477521,
        "survey_offset_150": -0.014021058944332147,
        "survey_offset_18": 0.028077120063611974,
        "survey_offset_4": 0.018660865598652324,
        "survey_offset_5": 0.012816370364346411,
        "survey_offset_50": 0.007356412118917464,
        "survey_offset_51": 0.012413647060459849,
        "survey_offset_56": -0.07843817678983916,
        "survey_offset_57": 0.018737061859150278,
        "survey_offset_61": -0.09017412201550658,
        "survey_offset_62": 0.02839458038531851,
        "survey_offset_63": 0.0487326963409527,
        "survey_offset_64": -0.013382570920205039,
        "survey_offset_65": -0.005082494004620376,
        "survey_offset_66": 0.011356597165912542
      }
    },
    {
      "chi2": 1028.4320448337357,
      "cut": 0.40171363636363633,
      "dof": 1112,
      "n": 1129,
      "params": {
        "global_offset_mag": -19.434786984119356,
        "survey_offset_10": -0.028230533094122816,
        "survey_offset_15": -0.0050808819385076585,
        "survey_offset_150": -0.01766196055297955,
        "survey_offset_18": 0.026328367759695475,
        "survey_offset_4": 0.013553850663773915,
        "survey_offset_5": 0.010608547677989215,
        "survey_offset_50": 0.0039289902862863916,
        "survey_offset_51": 0.010878460540629872,
        "survey_offset_56": -0.07781423574141515,
        "survey_offset_57": 0.016482039390695997,
        "survey_offset_61": -0.09222402809478585,
        "survey_offset_62": 0.026100927015392728,
        "survey_offset_63": 0.0468641747007428,
        "survey_offset_64": -0.015325027499839513,
        "survey_offset_65": -0.006630583721544391,
        "survey_offset_66": 0.00915391824296385
      }
    },
    {
      "chi2": 1100.121003753255,
      "cut": 0.4562427272727273,
      "dof": 1183,
      "n": 1200,
      "params": {
        "global_offset_mag": -19.433974741143945,
        "survey_offset_10": -0.02936092815631975,
        "survey_offset_15": -0.005493881838106763,
        "survey_offset_150": -0.018719201959478918,
        "survey_offset_18": 0.02506433633770723,
        "survey_offset_4": 0.009234507620353726,
        "survey_offset_5": 0.008884843177754263,
        "survey_offset_50": 0.00391104345227816,
        "survey_offset_51": 0.009005366629967095,
        "survey_offset_56": -0.07932180040750514,
        "survey_offset_57": 0.015273613597456822,
        "survey_offset_61": -0.09292216238864717,
        "survey_offset_62": 0.024968090729991652,
        "survey_offset_63": 0.04578731390131945,
        "survey_offset_64": -0.01621101942386744,