{
  "coverage_68": {
    "global_offset_mag": 0.58984375,
    "survey_offset_10": 0.640625,
    "survey_offset_15": 0.6328125,
    "survey_offset_150": 0.6640625,
    "survey_offset_18": 0.75,
    "survey_offset_4": 0.6796875,
    "survey_offset_5": 0.6796875,
    "survey_offset_50": 0.703125,
    "survey_offset_51": 0.70703125,
    "survey_offset_56": 0.74609375,
    "survey_offset_57": 0.6796875,
    "survey_offset_61": 0.71484375,
    "survey_offset_62": 0.6953125,
    "survey_offset_63": 0.67578125,
    "survey_offset_64": 0.6484375,
    "survey_offset_65": 0.6953125,
    "survey_offset_66": 0.66796875
  },
  "coverage_95": {
    "global_offset_mag": 0.89453125,
    "survey_offset_10": 0.96484375,
    "survey_offset_15": 0.93359375,
    "survey_offset_150": 0.94140625,
    "survey_offset_18": 0.96875,
    "survey_offset_4": 0.92578125,
    "survey_offset_5": 0.94140625,
    "survey_offset_50": 0.96484375,
    "survey_offset_51": 0.95703125,
    "survey_offset_56": 0.98828125,
    "survey_offset_57": 0.9296875,
    "survey_offset_61": 0.9765625,
    "survey_offset_62": 0.94140625,
    "survey_offset_63": 0.9453125,
    "survey_offset_64": 0.9375,
    "survey_offset_65": 0.96484375,
    "survey_offset_66": 0.9453125
  },
  "n_rep": 256,
  "param_names": [
    "global_offset_mag",
    "survey_offset_4",
    "survey_offset_5",
    "survey_offset_10",
    "survey_offset_15",
    "survey_offset_18",
    "survey_offset_50",
    "survey_offset_51",
    "survey_offset_56",
    "survey_offset_57",
    "survey_offset_61",
    "survey_offset_62",
    "survey_offset_63",
    "survey_offset_64",
    "survey_offset_65",
    "survey_offset_66",
    "survey_offset_150"
  ],
  "use_diagonal_errors": true,
  "zscore_mean": {
    "global_offset_mag": -0.5678986687879379,
    "survey_offset_10": 0.2696615465866458,
    "survey_offset_15": 0.35035649883456843,
    "survey_offset_150": 0.18187047701172754,
    "survey_offset_18": 0.19494630911579036,
    "survey_offset_4": 0.3038473663141086,
    "survey_offset_5": 0.2112790697633046,
    "survey_offset_50": 0.1244083540108733,
    "survey_offset_51": 0.15514346053697622,
    "survey_offset_56": -0.04360597811449643,
    "survey_offset_57": 0.24846312526076286,
    "survey_offset_61": -0.04536946564291281,
    "survey_offset_62": 0.18658420120963248,
    "survey_offset_63": 0.28308648002623843,
    "survey_offset_64": 0.23773295268986797,
    "survey_offset_65": 0.19995760642758487,
    "survey_offset_66": -0.031948654449024796
  },
  "zscore_std": {
    "global_offset_mag": 1.0374277569054269,
    "survey_offset_10": 0.9504977985094065,
    "survey_offset_15": 1.0458534173893896,
    "survey_offset_150": 1.035583183482177,
    "survey_offset_18": 0.8910582914683524,
    "survey_offset_4": 0.9828105483168209,
    "survey_offset_5": 0.9987222004676133,
    "survey_offset_50": 0.8934785776353258,
    "survey_offset_51": 0.9509183539420762,
    "survey_offset_56": 0.8530775939935894,
    "survey_offset_57": 0.9906751136726496,
    "survey_offset_61": 0.9163329937153251,
    "survey_offset_62": 0.9876647074347858,
    "survey_offset_63": 0.9852803504537382,
    "survey_offset_64": 1.0129008830611643,
    "survey_offset_65": 0.9372164439503852,
    "survey_offset_66": 1.0020992216242075
  }
}