{
  "chi2": 1478.0236743297678,
  "cov": [
    [
      0.00019107664378834648,
      -8.117792136538646e-05,
      -0.00010067796941097228,
      -9.8419480568467e-05,
      -9.895236148809476e-05,
      -8.839798937104115e-05,
      -0.00010582601331458554,
      -9.022205020172874e-05,
      -9.031727923344492e-05,
      -9.566246568569336e-05,
      -9.526631189460463e-05,
      -9.32819237823163e-05,
      -9.238352913785778e-05,
      -9.358341512622756e-05,
      -9.110992500942523e-05,
      -6.90525312291376e-05,
      -0.00010436346182760555,
      4.585443815307089e-05,
      -8.973770326295639e-05,
      -2.447385037753826e-06,
      -7.195931241538877e-06,
      -6.968527022140699e-06,
      -7.100651918659528e-06
    ],
    [
      -8.117792136538577e-05,
      0.00048258890884937195,
      8.381790269523165e-05,
      7.660593480893235e-05,
      8.432199483451641e-05,
      6.986284625284483e-05,
      8.817618046164503e-05,
      6.817807153805548e-05,
      7.883880283895946e-05,
      8.267238858962308e-05,
      0.00010178043120076337,
      7.771628777266708e-05,
      7.634833214313836e-05,
      8.38774794295383e-05,
      8.201289071404252e-05,
      5.098535036541235e-05,
      8.661763938143536e-05,
      -3.879241473183823e-09,
      -3.441299304323633e-06,
      8.733483514654412e-07,
      4.138133159192688e-06,
      7.207775749295317e-06,
      5.926429819971508e-06
    ],
    [
      -0.00010067796941097154,
      8.381790269523178e-05,
      0.000331594982043793,
      8.614886359711968e-05,
      0.00010004801838321098,
      0.00011388261352569606,
      0.00010128409678282228,
      0.0001410903329248388,
      8.78676822827628e-05,
      0.00012521789607229197,
      0.00010779941859099729,
      0.00010445317230702655,
      0.00010789553464624353,
      0.0001458670085537506,
      0.00013911333287921373,
      0.00010126647224337525,
      0.00011619092923891562,
      -2.8047647690476007e-08,
      -2.4492240214170724e-05,
      -3.503985985386686e-05,
      -2.3606075072039457e-05,
      -4.650553671351818e-05,
      -4.39182085791436e-06
    ],
    [
      -9.841948056846616e-05,
      7.660593480893232e-05,
      8.614886359711949e-05,
      0.0002455901143646711,
      0.00012864348437178003,
      8.245552012438629e-05,
      0.00011442140819707119,
      8.966373360251786e-05,
      0.00010544924380898838,
      9.468434310533703e-05,
      9.010821839851505e-05,
      9.245990115232327e-05,
      9.33084814644207e-05,
      9.221531422608256e-05,
      8.868694660617204e-05,
      6.291353556755864e-05,
      0.00011101050605862789,
      -3.8582990810530653e-10,
      -4.1454852851285333e-07,
      6.468394472692787e-07,
      6.968270596559663e-06,
      4.080219291350609e-06,
      7.201000698827126e-06
    ],
    [
      -9.895236148809373e-05,
      8.43219948345163e-05,
      0.00010004801838321067,
      0.00012864348437177992,
      0.00019549137322674059,
      8.391955081378021e-05,
      0.00011493401750139806,
      8.900780863189256e-05,
      6.715866457537823e-05,
      9.694521598234419e-05,
      9.432186911982038e-05,
      9.322205794830452e-05,
      9.248592904161524e-05,
      9.569006671208468e-05,
      8.98570921092553e-05,
      6.862927917047348e-05,
      0.00011848879804908312,
      -3.91811743137323e-09,
      -3.489355139569863e-06,
      7.40949593970285e-07,
      1.0266574854162442e-05,
      5.776262130109918e-06,
      1.0793264120309734e-05
    ],
    [
      -8.839798937104009e-05,
      6.986284625284471e-05,
      0.0001138826135256958,
      8.245552012438616e-05,
      8.39195508137802e-05,
      0.0008954241358647963,
      0.000110936669376901,
      0.00014575758146281772,
      0.00010342107401048192,
      0.00011074423522958815,
      0.00010536280116190595,
      6.481186596918767e-05,
      0.00010100767458071205,
      0.00010229148279178009,
      0.00010396752286723656,
      6.250287002130715e-05,
      0.00013268570113178838,
      -6.578200058539793e-08,
      -5.7325085645942945e-05,
      3.065748044022082e-05,
      1.0901790412744483e-05,
      5.8919316352658394e-05,
      -0.00017526918616758792
    ],
    [
      -0.00010582601331458454,
      8.817618046164503e-05,
      0.0001012840967828221,
      0.00011442140819707123,
      0.00011493401750139819,
      0.00011093666937690111,
      0.0008537497991356881,
      0.00010584503948965242,
      0.00017974909830227066,
      0.00014224574127716508,
      0.00014364501446393425,
      0.00018657798301616041,
      0.00014515841103023377,
      0.00011704962444429626,
      0.00011967478846807923,
      6.59971678400028e-05,
      8.941666677919974e-05,
      -1.4326313018875597e-07,
      -0.0001247759106484094,
      -5.6774166850959775e-05,
      -3.685971171282584e-05,
      0.00011555232121575295,
      7.092176360984561e-05
    ],
    [
      -9.022205020172806e-05,
      6.817807153805555e-05,
      0.00014109033292483876,
      8.966373360251795e-05,
      8.900780863189279e-05,
      0.0001457575814628179,
      0.00010584503948965247,
      0.0005037574944539843,
      0.00014035517387458706,
      0.00010621360082445001,
      9.839496625871584e-05,
      8.842887876106252e-05,
      9.918646100988377e-05,
      0.00011272923964250384,
      0.0001268427306578442,
      8.53781739294178e-05,
      0.00011422843253836532,
      -2.516619798185538e-08,
      -2.197596178847756e-05,
      -2.248059015743471e-06,
      4.084251133417938e-06,
      -9.345778887441285e-05,
      -3.572704718036654e-05
    ],
    [
      -9.03172792334443e-05,
      7.883880283895953e-05,
      8.786768228276272e-05,
      0.00010544924380898849,
      6.715866457537842e-05,
      0.0001034210740104821,
      0.0001797490983022708,
      0.00014035517387458709,
      0.001312383444308109,
      0.00012313022361713232,
      0.00010696027880426046,
      0.00010838221575207448,
      0.0001240362300931704,
      0.00011692722208797022,
      0.00010650636468536116,
      0.00023938450913179086,
      4.67195827964553e-05,
      -4.942207332474034e-08,
      -4.308750893012837e-05,
      -3.611343512663421e-05,
      -5.8366894526210926e-05,
      -0.0001875677309323149,
      -1.4133406612648779e-05
    ],
    [
      -9.566246568569284e-05,
      8.267238858962316e-05,
      0.00012521789607229192,
      9.468434310533715e-05,
      9.694521598234442e-05,
      0.00011074423522958833,
      0.00014224574127716516,
      0.00010621360082445001,
      0.00012313022361713232,
      0.000268299874914428,
      0.00011178068921869458,
      0.00016113491321508123,
      0.00015459448504676393,
      0.00013556642001992295,
      0.00011218814393760896,
      8.108544892814549e-05,
      0.00011334609904390167,
      -5.014232066121976e-08,
      -4.371866333101833e-05,
      -3.9233300486798675e-06,
      -2.864202826988049e-05,
      1.613604963351535e-05,
      -2.956459985005831e-05
    ],
    [
      -9.526631189460375e-05,
      0.00010178043120076333,
      0.00010779941859099713,
      9.010821839851509e-05,
      9.432186911982051e-05,
      0.00010536280116190606,
      0.00014364501446393428,
      9.839496625871575e-05,
      0.00010696027880426035,
      0.00011178068921869448,
      0.0013567151218766094,
      0.00014529203185022227,
      0.00010965194834061652,
      0.00010598447001418184,
      0.0001050408097508122,
      8.655757599311992e-05,
      0.00011370494632903332,
      -2.2018234620780878e-07,
      -0.00019171527541433808,
      0.00015361074169010575,
      0.00012702849103084048,
      0.00017581573314659265,
      0.00013315471396081372
    ],
    [
      -9.328192378231584e-05,
      7.771628777266721e-05,
      0.00010445317230702658,
      9.245990115232352e-05,
      9.322205794830484e-05,
      6.48118659691879e-05,
      0.00018657798301616063,
      8.84288787610626e-05,
      0.00010838221575207463,
      0.00016113491321508128,
      0.00014529203185022254,
