{
  "H0_eff": {
    "mean": 68.21924962567898,
    "sd_lin": 0.3134636606646798
  },
  "anchor": {
    "H0": 67.4,
    "rd_Mpc": 147.09
  },
  "calibrator_offset_equiv_H0": {
    "mean": 63.28979143169822,
    "sd_lin": 1.1480555594734285
  },
  "calibrator_offset_equiv_delta_lnH0": {
    "mean": -0.06292097457496346,
    "sd": 0.018139664130705817
  },
  "calibrator_offset_mag": {
    "mean": 0.13663116026940716,
    "sd": 0.039389780177719415
  },
  "delta_lnH0": {
    "mean": 0.012081759681328637,
    "sd": 0.004594944423819729
  },
  "delta_mu_equiv_mag": {
    "mean": -0.02623520780641108,
    "sd": 0.009977795039585124
  }
}