{
  "created_utc": "2026-02-05T06:34:06.319506+00:00",
  "run_id": "pantheon_plus_shoes_ladder_anchor_enforced_sweep_v1",
  "tasks": {
    "baseline_sweep": {
      "base_label": "anchor_enforced_default",
      "rows": [
        {
          "chi2": 251.58767404686668,
          "chi2_per_dof": 0.8386255801562222,
          "dof": 300,
          "label": "anchor_enforced_default",
          "ladder_level": "L4",
          "ledger": {
            "H0_eff": {
              "mean": 67.4000072008089,
              "sd_lin": 0.0067399969305237456
            },
            "anchor": {
              "H0": 67.4,
              "rd_Mpc": 147.09
            },
            "delta_lnH0": {
              "mean": 1.0683692149835028e-07,
              "sd": 9.999994377512256e-05
            },
            "delta_mu_equiv_mag": {
              "mean": -2.3199342735132207e-07,
              "sd": 0.00021714711886085578
            }
          },
          "n": 354,
          "tension_reduction_fraction_vs_first": 0.0
        },
        {
          "chi2": 265.7909141678868,
          "chi2_per_dof": 0.8830262929165674,
          "dof": 301,
          "label": "no_calibrator_offset",
          "ladder_level": "L4",
          "ledger": {
            "H0_eff": {
              "mean": 67.40014912334541,
              "sd_lin": 0.006739933391914406
            },
            "anchor": {
              "H0": 67.4,
              "rd_Mpc": 147.09
            },
            "delta_lnH0": {
              "mean": 2.2125100955234307e-06,
              "sd": 9.999879050089361e-05
            },
            "delta_mu_equiv_mag": {
              "mean": -4.804404628205312e-06,
              "sd": 0.00021714461455768703
            }
          },
          "n": 354,
          "tension_reduction_fraction_vs_first": -19.709227339142256
        },
        {
          "chi2": 254.29422394776194,
          "chi2_per_dof": 0.8476474131592064,
          "dof": 300,
          "label": "tight_cal_offset_0p05",
          "ladder_level": "L4",
          "ledger": {
            "H0_eff": {
              "mean": 67.4000654926919,
              "sd_lin": 0.0067399708334213064
            },
            "anchor": {
              "H0": 67.4,
              "rd_Mpc": 147.09
            },
            "delta_lnH0": {
              "mean": 9.7170118799812e-07,
              "sd": 9.999947009179262e-05
            },
            "delta_mu_equiv_mag": {
              "mean": -2.1100223200320888e-06,
              "sd": 0.00021714609027057396
            }
          },
          "n": 354,
          "tension_reduction_fraction_vs_first": -8.095181463209087
        },
        {
          "chi2": 261.35962050844677,
          "chi2_per_dof": 0.8711987350281559,
          "dof": 300,
          "label": "tight_cal_offset_0p02",
          "ladder_level": "L4",
          "ledger": {
            "H0_eff": {
              "mean": 67.40012378141091,
              "sd_lin": 0.006739944737556543
            },
            "anchor": {
              "H0": 67.4,
              "rd_Mpc": 147.09
            },
            "delta_lnH0": {
              "mean": 1.8365177632417382e-06,
              "sd": 9.999899643233939e-05
            },
            "delta_mu_equiv_mag": {
              "mean": -3.987947652465947e-06,
              "sd": 0.00021714506173213977
            }
          },
          "n": 354,
          "tension_reduction_fraction_vs_first": -16.189916533397085
        }
      ]
    }
  }
}