{
  "chi2": 1500.27560793401,
  "cov": [
    [
      0.00018631018483005943,
      -8.11457619922582e-05,
      -0.00010077341359832546,
      -9.838519010085353e-05,
      -9.890126564316021e-05,
      -8.878392617083208e-05,
      -0.00010547331067578893,
      -9.044944562263463e-05,
      -9.068732553904928e-05,
      -9.574921717275807e-05,
      -9.451079371864123e-05,
      -9.0782281264652e-05,
      -9.224889505647162e-05,
      -9.361736625007372e-05,
      -9.108423885114279e-05,
      -6.921926359855084e-05,
      -0.00010431891335401442,
      4.3672725649830214e-05,
      -8.907538863807728e-05
    ],
    [
      -8.114576199225744e-05,
      0.00048255957033724106,
      8.391411283288696e-05,
      7.657848760378664e-05,
      8.42815059122251e-05,
      7.01404243930944e-05,
      8.777295113937382e-05,
      6.844249056577209e-05,
      7.926032662495458e-05,
      8.27176990001611e-05,
      0.00010115269232071485,
      7.57642829686046e-05,
      7.622009629876262e-05,
      8.389174890083643e-05,
      8.197763206179465e-05,
      5.1231369851792026e-05,
      8.658737226277835e-05,
      -1.7619616354874798e-11,
      -8.101848006708997e-08
    ],
    [
      -0.00010077341359832472,
      8.391411283288711e-05,
      0.00033058103409500214,
      8.61892943256082e-05,
      0.00010010109202635231,
      0.00011641268360127899,
      0.00010233678772911428,
      0.0001397555879740182,
      8.438770903938466e-05,
      0.00012561120088954187,
      0.00011097041107173685,
      0.00010841482845558584,
      0.00010877778974849993,
      0.00014562017427032303,
      0.00013902385389455595,
      9.931331277131803e-05,
      0.00011657011287816682,
      -4.683121890394969e-08,
      -4.287781627784868e-05
    ],
    [
      -9.838519010085251e-05,
      7.657848760378658e-05,
      8.618929432560795e-05,
      0.0002455552862432325,
      0.00012859149067753325,
      8.303993687138284e-05,
      0.0001141622829673749,
      8.980648730277368e-05,
      0.00010561067488205421,
      9.481698524679602e-05,
      8.951829994036881e-05,
      9.00179029289127e-05,
      9.323308157839432e-05,
      9.224493174065953e-05,
      8.866228489204785e-05,
      6.294410368882257e-05,
      0.00011098520016705708,
      2.9497262130849653e-09,
      2.616929894098248e-06
    ],
    [
      -9.890126564315906e-05,
      8.428150591222497e-05,
      0.00010010109202635196,
      0.00012859149067753317,
      0.00019541369826589744,
      8.4817494497083e-05,
      0.00011455297395180439,
      8.921207948841929e-05,
      6.737420775213442e-05,
      9.71474850098565e-05,
      9.345913234306489e-05,
      8.958282729785542e-05,
      9.237921783809574e-05,
      9.57327762057146e-05,
      8.981938761665663e-05,
      6.866006740234885e-05,
      0.0001184537468890533,
      1.102791081561832e-09,
      9.286761118761307e-07
    ],
    [
      -8.878392617083095e-05,
      7.014042439309433e-05,
      0.00011641268360127873,
      8.30399368713828e-05,
      8.481749449708305e-05,
      0.0008710651143434738,
      0.00011392024007399246,
      0.00014659508185216764,
      0.00011265663991138464,
      0.00010657618629788546,
      0.00010914731089701151,
      0.00010740990673371523,
      0.00010016317541463076,
      0.00010247324663250205,
      0.00010500532149633508,
      6.850099434255117e-05,
      0.000131567994192108,
      -7.827176587769567e-08,
      -7.16004962642824e-05
    ],
    [
      -0.00010547331067578779,
      8.777295113937386e-05,
      0.00010233678772911408,
      0.00011416228296737498,
      0.00011455297395180457,
      0.00011392024007399258,
      0.0008447479068965834,
      0.00011104035512929544,
      0.00018687213957118567,
      0.00014179761542698407,
      0.00013755278824689187,
      0.00016991002263185367,
      0.00014330758700296516,
      0.00011641333279750178,
      0.00011855444195612522,
      7.18708026159682e-05,
      8.95052475186686e-05,
      -1.0072721539387678e-07,
      -9.213499437951538e-05
    ],
    [
      -9.044944562263383e-05,
      6.844249056577215e-05,
      0.00013975558797401809,
      8.98064873027738e-05,
      8.92120794884195e-05,
      0.0001465950818521678,
      0.0001110403551292955,
      0.0005001552215500401,
      0.00013407919466809913,
      0.00010682622346756781,
      0.00010375362284742034,
      9.875055110285605e-05,
      0.00010079941057350744,
      0.00011285407405177964,
      0.00012731334618932248,
      8.088989869908578e-05,
      0.00011447583570197553,
      -5.676071553666094e-08,
      -5.1943731102563445e-05
    ],
    [
      -9.068732553904842e-05,
      7.926032662495465e-05,
      8.438770903938451e-05,
      0.00010561067488205433,
      6.737420775213461e-05,
      0.00011265663991138485,
      0.00018687213957118575,
      0.00013407919466809916,
      0.0012979880502390843,
      0.00012503260213180066,
      0.00011709956822378492,
      0.00011980788455610126,
      0.00012726227819979106,
      0.00011668426583369883,
      0.00010672854834436775,
      0.00023018340589443415,
      4.786738567384044e-05,
      -1.1086283559427889e-07,
      -0.00010138570776133274
    ],
    [
      -9.574921717275736e-05,
      8.271769900016118e-05,
      0.00012561120088954176,
      9.481698524679617e-05,
      9.714748500985671e-05,
      0.00010657618629788564,
      0.0001417976154269841,
      0.00010682622346756782,
      0.00012503260213180063,
      0.0002673033166382809,
      0.00011283323151971451,
      0.00017063758246764306,
      0.00015436075099394653,
      0.00013539827802495032,
      0.00011219320390597029,
      8.277174060494991e-05,
      0.00011330656726064459,
      -5.259401700622982e-08,
      -4.8140190035716435e-05
    ],
    [
      -9.451079371864016e-05,
      0.0001011526923207148,
      0.00011097041107173658,
      8.951829994036881e-05,
      9.345913234306496e-05,
      0.00010914731089701154,
      0.00013755278824689182,
      0.00010375362284742023,
      0.0001170995682237848,
      0.00011283323151971442,
      0.0013390479040917174,
      9.756307156666358e-05,
      0.00010611490268457156,
      0.00010718820874059572,
      0.00010493215448453091,
      9.134722175523781e-05,
      0.0001125252071057567,
      -1.033464534080051e-07,
      -9.45198423270695e-05
    ],
    [
      -9.078228126465145e-05,
      7.576428296860475e-05,
      0.00010841482845558585,
      9.001790292891293e-05,
      8.958282729785572e-05,
      0.0001074099067337155,
      0.00016991002263185386,
      9.875055110285611e-05,
      0.00011980788455610142,
      0.00017063758246764325,
      9.756307156666384e-05,
      0.0008185981533985174,
      0.00012817603228265504,
      0.00011370096672148856,
      9.59604192992729e-05,
      7.67578126259112e-05,
      9.627041779612235e-05,
      -4.5276177858213367e-08,
      -4.1448732903135025e-05
    ],
    [
      -9.22488950564707e-05,
      7.622009629876261e-05,
      0.00010877778974849974,
      9.323308157839434e-05,
      9.237921783809582e-05,
      0.00010016317541463084,
      0.00014330758700296513,
      0.00010079941057350736,
      0.00012726227819979095,
      0.00015436075099394648,
      0.00010611490268457156,
      0.00012817603228265482,
      0.0005238643950960415,
      0.00011145018332065808,
      0.00010179567637726276,
      8.329460414550605e-05,
      0.00010472056195223592,
      -5.021457349385392e-08,
      -4.596291052178932e-05
    ],
    [
      -9.36173662500728e-05,
      8.389174890083651e-05,
      0.00014562017427032287,
      9.224493174065968e-05,
      9.573277620571479e-05,
      0.00010247324663250223,
      0.00011641333279750185,
      0.00011285407405177963,
      0.00011668426583369881,
      0.00013539827802495037,
      0.00010718820874059584,
      0.00011370096672148844,
      0.00011145018332065814,
      0.0002926900563988074,
      0.00010865219538142781,
      8.341543605148623e-05,
