{
  "H0_eff": {
    "mean": 68.46102348584265,
    "sd_lin": 0.30700986987686124
  },
  "anchor": {
    "H0": 67.4,
    "rd_Mpc": 147.09
  },
  "calibrator_offset_equiv_H0": {
    "mean": 62.78124541491298,
    "sd_lin": 0.9184498083195839
  },
  "calibrator_offset_equiv_delta_lnH0": {
    "mean": -0.07098862893580117,
    "sd": 0.014629365859974108
  },
  "calibrator_offset_mag": {
    "mean": 0.1541498491234798,
    "sd": 0.03176726433365287
  },
  "delta_lnH0": {
    "mean": 0.015619565201191085,
    "sd": 0.004484447562200836
  },
  "delta_mu_equiv_mag": {
    "mean": -0.033917454883026714,
    "sd": 0.009737854153241562
  }
}