{
  "H0_eff": {
    "mean": 73.46930815917891,
    "sd_lin": 1.274821703518937
  },
  "anchor": {
    "H0": 67.4,
    "rd_Mpc": 147.09
  },
  "calibrator_offset_equiv_H0": {
    "mean": 67.40038847180772,
    "sd_lin": 0.5985957582706157
  },
  "calibrator_offset_equiv_delta_lnH0": {
    "mean": 5.763660062280257e-06,
    "sd": 0.008881191515995443
  },
  "calibrator_offset_mag": {
    "mean": -1.251562880307234e-05,
    "sd": 0.019285262340613982
  },
  "delta_lnH0": {
    "mean": 0.08622272502577279,
    "sd": 0.017351758652155852
  },
  "delta_mu_equiv_mag": {
    "mean": -0.18723026846677265,
    "sd": 0.037678865169741456
  }
}