{
  "cut_var": "m_b_corr_err_diag_hf",
  "cuts": [
    0.14,
    0.15454545454545457,
    0.1690909090909091,
    0.18363636363636365,
    0.19818181818181818,
    0.21272727272727274,
    0.2272727272727273,
    0.24181818181818182,
    0.25636363636363635,
    0.2709090909090909,
    0.28545454545454546,
    0.3
  ],
  "rows": [
    {
      "chi2": 52.952868614371695,
      "cut": 0.14,
      "dof": 70,
      "n": 86,
      "params": {
        "delta_lnH0": 0.09621165349596136,
        "global_offset_mag": -19.23896615818774,
        "survey_offset_15": 0.05262389180897721,
        "survey_offset_150": -0.04850051022572378,
        "survey_offset_18": -0.004887278739639763,
        "survey_offset_5": 0.03639365844443869,
        "survey_offset_50": -0.04569018735576217,
        "survey_offset_51": 0.009497248865533655,
        "survey_offset_56": -0.07699024031572377,
        "survey_offset_57": 0.005000732918040338,
        "survey_offset_61": -0.09059565655835562,
        "survey_offset_62": -0.03028741869180134,
        "survey_offset_63": 0.0061943060572711576,
        "survey_offset_64": 0.0031962133776134555,
        "survey_offset_65": 0.07962384195435243,
        "survey_offset_66": 0.13403209204514813
      }
    },
    {
      "chi2": 80.66014714689724,
      "cut": 0.15454545454545457,
      "dof": 101,
      "n": 117,
      "params": {
        "delta_lnH0": 0.09963979431538175,
        "global_offset_mag": -19.22971138347527,
        "survey_offset_15": 0.05286059528130204,
        "survey_offset_150": -0.05681056994764401,
        "survey_offset_18": -0.01608088728767406,
        "survey_offset_5": 0.017905512460079657,
        "survey_offset_50": -0.04974623539275882,
        "survey_offset_51": -0.001211044944632544,
        "survey_offset_56": -0.0898728015942974,
        "survey_offset_57": -0.00818429624697641,
        "survey_offset_61": -0.0865960377344552,
        "survey_offset_62": -0.04318798610643018,
        "survey_offset_63": 0.009568971337730691,
        "survey_offset_64": -0.025419113565436042,
        "survey_offset_65": 0.05349474439532719,
        "survey_offset_66": 0.1236268034548634
      }
    },
    {
      "chi2": 111.77498106617598,
      "cut": 0.1690909090909091,
      "dof": 142,
      "n": 158,
      "params": {
        "delta_lnH0": 0.09419631106542363,
        "global_offset_mag": -19.240003009356446,
        "survey_offset_15": 0.029354953516789052,
        "survey_offset_150": -0.011209191118639323,
        "survey_offset_18": 0.011099899279519257,
        "survey_offset_5": 0.02349640521236172,
        "survey_offset_50": -0.03974084389647031,
        "survey_offset_51": 0.014224790913438186,
        "survey_offset_56": -0.0782778242520155,
        "survey_offset_57": -0.0007008150208404741,
        "survey_offset_61": -0.08209855007353967,
        "survey_offset_62": -0.019833313122474196,
        "survey_offset_63": 0.014705919980651072,
        "survey_offset_64": -0.011649522608079143,
        "survey_offset_65": 0.02254935304621289,
        "survey_offset_66": 0.13557539168630142
      }
    },
    {
      "chi2": 164.49144319972174,
      "cut": 0.18363636363636365,
      "dof": 189,
      "n": 205,
      "params": {
        "delta_lnH0": 0.08713968164040434,
        "global_offset_mag": -19.250646776437172,
        "survey_offset_15": 0.030824329109764823,
        "survey_offset_150": 0.0027513393905422828,
        "survey_offset_18": 0.024016089895014428,
        "survey_offset_5": 0.032550197238822264,
        "survey_offset_50": -0.020788896456386388,
        "survey_offset_51": 0.033048597440646275,
        "survey_offset_56": -0.06903741412129843,
        "survey_offset_57": 0.016687801027325897,
        "survey_offset_61": -0.08046581195371807,
        "survey_offset_62": -0.02731982149319228,
        "survey_offset_63": 0.025259973743261575,
        "survey_offset_64": -0.00011948373685238212,
        "survey_offset_65": 0.026400203601508188,
        "survey_offset_66": 0.1248985562315569
      }
    },
    {
      "chi2": 194.4217351358484,
      "cut": 0.19818181818181818,
      "dof": 228,
      "n": 244,
      "params": {
        "delta_lnH0": 0.08757096323651173,
        "global_offset_mag": -19.260918183208315,
        "survey_offset_15": 0.04676490969488273,
        "survey_offset_150": 0.027462114924625556,
        "survey_offset_18": 0.03890248807149894,
        "survey_offset_5": 0.04152041664584658,
        "survey_offset_50": -0.013752154241672475,
        "survey_offset_51": 0.038572234490512204,
        "survey_offset_56": -0.06316243887127782,
        "survey_offset_57": 0.026368327383117507,
        "survey_offset_61": -0.06995008424790192,
        "survey_offset_62": -0.01605258788059117,
        "survey_offset_63": 0.03409920332119668,
        "survey_offset_64": 0.00532688650975348,
        "survey_offset_65": 0.03455951190289722,
        "survey_offset_66": 0.12838551637997955
      }
    },
    {
      "chi2": 209.42479113440595,
      "cut": 0.21272727272727274,
      "dof": 255,
      "n": 271,
      "params": {
        "delta_lnH0": 0.08541667616129325,
        "global_offset_mag": -19.265786490657298,
        "survey_offset_15": 0.04893280324915484,
        "survey_offset_150": 0.02701207992602502,
        "survey_offset_18": 0.03768590043691022,
        "survey_offset_5": 0.042513223057513365,
        "survey_offset_50": 0.0022444113146682927,
        "survey_offset_51": 0.035706002448487,
        "survey_offset_56": -0.0675370726842879,
        "survey_offset_57": 0.03205370152448144,
        "survey_offset_61": -0.053162800122411896,
        "survey_offset_62": -0.016145782951543966,
        "survey_offset_63": 0.040674351748819955,
        "survey_offset_64": 0.010834278615690569,
        "survey_offset_65": 0.026033755403998184,
        "survey_offset_66": 0.12703448863606726
      }
    },
    {
      "chi2": 232.89054738649148,
      "cut": 0.2272727272727273,
      "dof": 282,
      "n": 298,
      "params": {
        "delta_lnH0": 0.08642255243546211,
        "global_offset_mag": -19.263508815672168,
        "survey_offset_15": 0.0466508573790149,
        "survey_offset_150": 0.025274582008864337,
        "survey_offset_18": 0.03505346452553822,
        "survey_offset_5": 0.04156965974754066,
        "survey_offset_50": -0.002160125553437157,
        "survey_offset_51": 0.03635923275705752,
        "survey_offset_56": -0.07104818712111541,
        "survey_offset_57": 0.029402862065406644,
        "survey_offset_61": -0.05416942427946879,
        "survey_offset_62": -0.03798393130239447,
        "survey_offset_63": 0.048527791572112414,
        "survey_offset_64": 0.009704427140878423,
        "survey_offset_65": 0.01934810310086382,
        "survey_offset_66": 0.12601655706406695
      }
    },
    {
      "chi2": 244.83741043217174,
      "cut": 0.24181818181818182,
      "dof": 296,
      "n": 312,
      "params": {
        "delta_lnH0": 0.08480665334590992,
        "global_offset_mag": -19.263983635663866,
        "survey_offset_15": 0.04278300435720038,
        "survey_offset_150": 0.027668596704499775,
        "survey_offset_18": 0.036180275123312115,
        "survey_offset_5": 0.03924564021410576,
        "survey_offset_50": -0.0020556958198072804,
        "survey_offset_51": 0.039257442589129325,
        "survey_offset_56": -0.07084158554592013,
        "survey_offset_57": 0.030472895639914913,
        "survey_offset_61": -0.056276364141954985,
        "survey_offset_62": -0.03955104935617254,
        "survey_offset_63": 0.047774917764766535,
        "survey_offset_64": 0.007530772502772869,
        "survey_offset_65": 0.018586095332716594,
        "survey_offset_66": 0.12586548641424916
      }
    },
    {
      "chi2": 246.53608532397843,
      "cut": 0.25636363636363635,
      "dof": 299,
      "n": 315,
      "params": {
        "delta_lnH0": 0.08451968561142875,
        "global_offset_mag": -19.26675771269384,