{
  "H0_eff": {
    "mean": 68.21751153219381,
    "sd_lin": 0.31338814343864113
  },
  "anchor": {
    "H0": 67.4,
    "rd_Mpc": 147.09
  },
  "delta_lnH0": {
    "mean": 0.01205628130628477,
    "sd": 0.004593954490567194
  },
  "delta_mu_equiv_mag": {
    "mean": -0.026179882217964016,
    "sd": 0.009975645426839983
  }
}