{
  "H0_eff": {
    "mean": 69.05272648693399,
    "sd_lin": 0.28687046668125477
  },
  "anchor": {
    "H0": 67.4,
    "rd_Mpc": 147.09
  },
  "delta_lnH0": {
    "mean": 0.024225346848072267,
    "sd": 0.004154368426502838
  },
  "delta_mu_equiv_mag": {
    "mean": -0.05260467229155059,
    "sd": 0.009021096417116386
  }
}