{
  "always_include_calibrators": false,
  "always_include_hubble_flow": true,
  "mode": "group_holdout",
  "models": {
    "+bounded_calibration_fields": {
      "ladder_level": "L1",
      "logp": [
        0.8049117076824122,
        0.8862390907876806,
        -0.5528765682258201,
        0.6733880955424449,
        0.2726328973402487,
        0.2009415331757442,
        0.693693512327073,
        -0.3035025731496368,
        -0.1571482746788324,
        0.6384209296586202,
        0.10442901954381834,
        -1.2185327478762735,
        -0.864325742938926,
        -0.7733967023607082,
        1.1100248184190733,
        1.1037504470565225,
        0.432354703506138,
        0.5572864154870099,
        1.1149974348280358,
        1.1114681316550685,
        0.65660269053363,
        0.37270033280263726,
        0.19811862895465515,
        -3.228015582585582,
        0.4797249936435379,
        -0.14311178797080948,
        0.4227839082864184,
        -0.2705575267988838,
        -1.4605982243548126,
        0.7296596865222417,
        0.4730880222242073,
        -0.07299087438486923,
        -0.3970839406878126,
        0.7815368681568735,
        0.41199122875732624,
        -0.02836373245517887,
        1.0161641141616038,
        0.6987824118833702,
        1.0953436616827776,
        -0.8558130132937731,
        0.1456765485965586,
        0.2540435882426603,
        0.978833777649224
      ],
      "mean_delta_logp_vs_base": 0.05961757976939653,
      "mean_logp": 0.1882156257522254,
      "sd_delta_logp_vs_base": 0.13555458842526472,
      "sd_logp": 0.8341501438191034
    },
    "+bounded_fields_plus_metadata_bounded": {
      "ladder_level": "L1",
      "logp": [
        0.7333913074485645,
        0.8095274980693441,
        0.6189078933085028,
        0.6751340333664617,
        0.25522532750145355,
        0.4637737143875911,
        -0.08693872584818041,
        0.1428902465182046,
        0.49121364845558824,
        0.3909773576843478,
        0.32507450400670274,
        -0.29795941822314487,
        0.18432928409162808,
        -0.3682567706254387,
        1.0992049160328015,
        1.1311931528380865,
        0.6602706993691692,
        0.6168748099096512,
        1.0280135542213091,
        1.0311035869149783,
        0.5918892693492102,
        0.7835886643970615,
        0.26012588874836556,
        -1.568426613073543,
        0.6569374526682322,
        -0.03132644540598101,
        0.3786346786578319,
        -0.5862548381709418,
        -0.16627827240153836,
        0.5056924644027283,
        0.4276063595089799,
        -0.13934618689477452,
        0.30262612470122174,
        0.9077293288093948,
        0.4095996343241506,
        0.36572492021596836,
        1.1236021217989618,
        0.8067415756727261,
        0.9337445892553131,
        0.1343398870181528,
        0.27296381298608524,
        0.07702404647921934,
        1.0932983091794164
      ],
      "mean_delta_logp_vs_base": 0.27708073056726085,
      "mean_logp": 0.4056787765500898,
      "sd_delta_logp_vs_base": 0.5498500491747493,
      "sd_logp": 0.5202710106076053
    },
    "+cal_offset_bounded": {
      "ladder_level": "L1",
      "logp": [
        0.9083417761550332,
        0.8501072807761778,
        0.4453894944063137,
        0.6704056599017331,
        0.21625065981409433,
        0.38070512194407535,
        0.39573513217869527,
        0.2373234869032086,
        0.32004851652284594,
        0.36761753412216674,
        0.3168199732124045,
        -0.6516079032670612,
        -0.04272545207308043,
        -0.25148052842817936,
        1.1134073521217613,
        1.1453140221204283,
        0.6274881324181774,
        0.719718549500587,
        1.116108253545285,
        1.0716018769135183,
        0.8119781212767487,
        0.7376223775946638,
        0.2762704767295027,
        -2.2156214138804415,
        0.6607237410141342,
        -0.0010966747420043665,
        0.3563620226242914,
        0.18435515672454694,
        -0.6899200433513348,
        0.6187907970134406,
        0.45484428928461185,
        -0.09311818832629985,
        0.08130823662170328,
        0.9582436078504495,
        0.4703862289619434,
        0.3154728558338802,
        1.1873735244106711,
        0.799684772938505,
        1.0679577000528742,
        -0.2235546233688801,
        0.30420140579259164,
        0.1200729963685998,
        1.1111520445549181
      ],
      "mean_delta_logp_vs_base": 0.2725661017094339,
      "mean_logp": 0.40116414769226283,
      "sd_delta_logp_vs_base": 0.390799142056286,
      "sd_logp": 0.6109978267268263
    },
    "baseline": {
      "ladder_level": "L1",
      "logp": [
        0.769870812754466,
        0.8933313143299385,
        -0.5178952699811956,
        0.6747577124340536,
        0.2685743047641012,
        0.20643163653023439,
        0.7989134062829476,
        -0.17394412257097058,
        -0.3224045779304603,
        0.6049860344887171,
        0.11160397863199012,
        -1.3551349157038661,
        -0.8369760002534383,
        -0.7568656743868942,
        1.1139204306135058,
        1.081190725146955,
        0.40975087475323047,
        0.5951279051140774,
        1.1195072999398499,
        1.1322803999693891,
        0.6562156417612443,
        0.3452721662952861,
        0.19699160692482143,
        -3.5070090964851137,
        0.3981520340150208,
        -0.22299874182788537,
        0.44735035459915645,
        -0.4974085894457656,
        -1.769111346339883,
        0.7724191129520867,
        0.47511835394758756,
        -0.037811217463998,
        -0.9142896719046543,
        0.5216833625479784,
        0.43530990067082054,
        -0.4211617199704105,
        0.8769112706617372,
        0.6218020497661487,
        1.106662329659537,
        -1.1607592505736624,
        0.12803474091870998,
        0.34077731304794845,
        0.9205390985783012
      ],
      "mean_delta_logp_vs_base": 0.0,
      "mean_logp": 0.1285980459828289,
      "sd_delta_logp_vs_base": 0.0,
      "sd_logp": 0.9012322180682073
    }
  },
  "n_rep": 43,
  "seed": 888,
  "train_frac": null,
  "use_diagonal_errors": false
}