{
  "always_include_calibrators": false,
  "always_include_hubble_flow": true,
  "mode": "group_holdout",
  "models": {
    "+bounded_calibration_fields": {
      "ladder_level": "L1",
      "logp": [
        0.8757829116271731,
        0.8883000681375719,
        0.11099778448770481,
        0.6855323629296561,
        0.23874854953855934,
        0.32729812900668664,
        0.5878277300709691,
        -0.46061787659169395,
        1.1005050479676115,
        1.0012308649421453,
        0.30242505919080975,
        -0.9138743861147125,
        -0.24366645887031968,
        -0.15156355007221212,
        2.35573090695497,
        3.390629438182965,
        0.6113245866590653,
        2.3558018619503964,
        1.1453935649286504,
        1.120658800173956,
        2.3162507673501547,
        0.7047196170879304,
        0.5261392084306843,
        -14.915256427537381,
        1.1476866523932419,
        -0.041355021438996276,
        -0.23203152493142776,
        0.7068109132963114,
        -0.8718334351242487,
        1.389016598679248,
        0.8238626536258542,
        -0.10249168765091252,
        0.8760475489797548,
        1.912466505805311,
        1.0090885207895939,
        0.9566765872350176,
        2.196308162552907,
        2.270660931391992,
        2.905386373735417,
        -0.5735465490046696,
        0.2994785697587775,
        0.20096632579470852,
        1.0830070954128175
      ],
      "mean_delta_logp_vs_base": 0.028571920773063027,
      "mean_logp": 0.46317497166818694,
      "sd_delta_logp_vs_base": 0.13393514041458016,
      "sd_logp": 2.5634314762571724
    },
    "+bounded_fields_plus_metadata_bounded": {
      "ladder_level": "L1",
      "logp": [
        0.7797377125062623,
        0.8616055649034491,
        1.0882313048771781,
        0.633622459028879,
        0.23094699287234371,
        0.5175269773949928,
        -0.8150461944934537,
        1.0828189655916285,
        1.377272889380114,
        0.3444775946927794,
        0.5110815778273963,
        0.3477548812617046,
        1.8346533905670783,
        0.8107327710918164,
        2.248310518009322,
        3.2491133559043757,
        0.7201218685764911,
        2.3636432644615883,
        0.7511720384112373,
        1.0650111638638884,
        2.4150458258293717,
        0.896993587817996,
        0.5409431410914196,
        -4.412820112701084,
        1.4750512194685748,
        -0.22088203178623722,
        -1.2691718022187994,
        -0.8457354599080014,
        0.8036436129517892,
        0.4128297212595793,
        0.7806820547592683,
        -0.23576364527124527,
        1.59300018113505,
        1.7031756417095694,
        0.883875426540636,
        1.6087334472816102,
        1.9394559864546965,
        2.2869703701809723,
        2.400406581207273,
        1.6538714602969788,
        0.3010285649945334,
        0.13483128035016967,
        0.9745006402540037
      ],
      "mean_delta_logp_vs_base": 0.3985005488357411,
      "mean_logp": 0.8331035997308651,
      "sd_delta_logp_vs_base": 1.868925603046495,
      "sd_logp": 1.2283055047065046
    },
    "+cal_offset_bounded": {
      "ladder_level": "L1",
      "logp": [
        0.932219792800483,
        0.7634413508237647,
        0.8948335915985991,
        0.6228398045424504,
        0.15728540495505566,
        0.4629821976871116,
        0.06905529826649015,
        0.33546148700713374,
        1.5764871066065804,
        0.48882694683128713,
        0.43223270330844865,
        -0.27116870833470297,
        0.8890638858825912,
        0.4748030662209577,
        2.0927554253354796,
        3.1375438219831278,
        0.7352573575329833,
        2.488281302227172,
        1.011067406498506,
        0.9314764630607453,
        2.5483015909135602,
        0.9438504892172278,
        0.5702743172909346,
        -10.334555464975354,
        1.470989482480325,
        0.11721124874937,
        -0.766012862604937,
        1.0897195578288779,
        -0.05750904118922806,
        1.0937704403508963,
        0.7444862171476944,
        -0.20220792073514454,
        1.6807313123042427,
        2.0466479101965884,
        0.9340456188262232,
        1.5220703349656959,
        1.8583379761366081,
        2.4347196263402697,
        2.658928553824965,
        0.8453735018954349,
        0.4028278951383207,
        -0.052821396770858176,
        1.1191956947169568
      ],
      "mean_delta_logp_vs_base": 0.2838416185672699,
      "mean_logp": 0.7184446694623937,
      "sd_delta_logp_vs_base": 0.9172773878687535,
      "sd_logp": 1.908939127644157
    },
    "baseline": {
      "ladder_level": "L1",
      "logp": [
        0.8789983031086837,
        0.889529510230502,
        0.14935875445949987,
        0.6850938662524161,
        0.2373990992625972,
        0.33412797777482806,
        0.5883557511181603,
        -0.5030891570450291,
        1.1144412796959031,
        1.0167730766076468,
        0.2829397025833877,
        -0.8997833457812598,
        -0.29236743403015675,
        -0.1695908221186364,
        2.360504056704542,
        3.387426973094122,
        0.6144547928904676,
        2.354508429637565,
        1.1544354690091012,
        1.1309112478623056,
        2.3074943723004866,
        0.7116618038689195,
        0.5287709939518227,
        -15.76991121474609,
        0.9831477429270523,
        -0.07344170941252604,
        -0.11602641223790222,
        0.6693861926732221,
        -0.9655600638927049,
        1.4298534847625266,
        0.8338226445427839,
        -0.0928661449132925,
        0.7906292657563236,
        1.8839422541746451,
        1.0207152782896791,
        0.8881499362611911,
        2.1969853049214807,
        2.2602775165531606,
        2.922769421812875,
        -0.6057714245584185,
        0.2761010260270247,
        0.20978337703651173,
        1.0835900110749097
      ],
      "mean_delta_logp_vs_base": 0.0,
      "mean_logp": 0.4346030508951239,
      "sd_delta_logp_vs_base": 0.0,
      "sd_logp": 2.6833670116559842
    }
  },
  "n_rep": 43,
  "seed": 888,
  "train_frac": null,
  "use_diagonal_errors": true
}