{
  "H0_eff": {
    "mean": 73.55190380521644,
    "sd_lin": 1.0777466264562923
  },
  "anchor": {
    "H0": 67.4,
    "rd_Mpc": 147.09
  },
  "delta_lnH0": {
    "mean": 0.08734631329746985,
    "sd": 0.014652871927155425
  },
  "delta_mu_equiv_mag": {
    "mean": -0.18967010939841888,
    "sd": 0.03181830710999334
  }
}