{
  "coverage_68": {
    "delta_lnH0": 0.703125,
    "global_offset_mag": 0.7109375,
    "survey_offset_15": 0.689453125,
    "survey_offset_150": 0.701171875,
    "survey_offset_18": 0.705078125,
    "survey_offset_5": 0.724609375,
    "survey_offset_50": 0.701171875,
    "survey_offset_51": 0.693359375,
    "survey_offset_56": 0.751953125,
    "survey_offset_57": 0.69140625,
    "survey_offset_61": 0.728515625,
    "survey_offset_62": 0.716796875,
    "survey_offset_63": 0.712890625,
    "survey_offset_64": 0.703125,
    "survey_offset_65": 0.7109375,
    "survey_offset_66": 0.73046875
  },
  "coverage_95": {
    "delta_lnH0": 0.958984375,
    "global_offset_mag": 0.96484375,
    "survey_offset_15": 0.953125,
    "survey_offset_150": 0.97265625,
    "survey_offset_18": 0.95703125,
    "survey_offset_5": 0.95703125,
    "survey_offset_50": 0.9609375,
    "survey_offset_51": 0.958984375,
    "survey_offset_56": 0.9609375,
    "survey_offset_57": 0.943359375,
    "survey_offset_61": 0.96875,
    "survey_offset_62": 0.9609375,
    "survey_offset_63": 0.966796875,
    "survey_offset_64": 0.974609375,
    "survey_offset_65": 0.966796875,
    "survey_offset_66": 0.978515625
  },
  "n_rep": 512,
  "param_names": [
    "global_offset_mag",
    "survey_offset_5",
    "survey_offset_15",
    "survey_offset_18",
    "survey_offset_50",
    "survey_offset_51",
    "survey_offset_56",
    "survey_offset_57",
    "survey_offset_61",
    "survey_offset_62",
    "survey_offset_63",
    "survey_offset_64",
    "survey_offset_65",
    "survey_offset_66",
    "survey_offset_150",
    "delta_lnH0"
  ],
  "use_diagonal_errors": true,
  "zscore_mean": {
    "delta_lnH0": 0.01217572180257891,
    "global_offset_mag": 0.0015713605768565668,
    "survey_offset_15": 0.0551885260871951,
    "survey_offset_150": 0.017376088913118565,
    "survey_offset_18": -0.06614206303794413,
    "survey_offset_5": 0.04209947665869361,
    "survey_offset_50": -0.004079995147316183,
    "survey_offset_51": -0.01065827591590896,
    "survey_offset_56": -0.11389289206501961,
    "survey_offset_57": 0.08989116149472631,
    "survey_offset_61": -0.06005461871758383,
    "survey_offset_62": -0.0135637083109949,
    "survey_offset_63": 0.05887505111980659,
    "survey_offset_64": -0.0019847062612031383,
    "survey_offset_65": -0.02637644461823858,
    "survey_offset_66": 0.05380297215850187
  },
  "zscore_std": {
    "delta_lnH0": 0.9625192310499506,
    "global_offset_mag": 0.9294631639172951,
    "survey_offset_15": 0.956873894602091,
    "survey_offset_150": 0.9354516721316021,
    "survey_offset_18": 0.9497937134427394,
    "survey_offset_5": 0.9416456899675046,
    "survey_offset_50": 0.9594767068741126,
    "survey_offset_51": 0.9637818412141421,
    "survey_offset_56": 0.911390769607853,
    "survey_offset_57": 0.9777264837843433,
    "survey_offset_61": 0.9079300634435857,
    "survey_offset_62": 0.9609264570869197,
    "survey_offset_63": 0.9443042215950843,
    "survey_offset_64": 0.9299291236877912,
    "survey_offset_65": 0.9395559393839615,
    "survey_offset_66": 0.8879977763696656
  }
}