{
  "H0_eff": {
    "mean": 69.04757145660824,
    "sd_lin": 0.28627861164236573
  },
  "anchor": {
    "H0": 67.4,
    "rd_Mpc": 147.09
  },
  "delta_lnH0": {
    "mean": 0.02415069052357595,
    "sd": 0.004146106888383071
  },
  "delta_mu_equiv_mag": {
    "mean": -0.05244255814271094,
    "sd": 0.009003156715029145
  }
}