{
  "chi2": 1489.1636786717133,
  "cov": [
    [
      0.00018694941048042458,
      -8.114576225015161e-05,
      -0.00010077409905397114,
      -9.838514692652368e-05,
      -9.890124950191099e-05,
      -8.878507181309978e-05,
      -0.00010547478499228304,
      -9.045027641358621e-05,
      -9.068894820782318e-05,
      -9.57499869768915e-05,
      -9.451230637220032e-05,
      -9.078294395959052e-05,
      -9.224963003334614e-05,
      -9.361780623637403e-05,
      -9.108457923581388e-05,
      -6.92200081752313e-05,
      -0.0001043190894478212,
      4.39670741290914e-05,
      -8.969987913569746e-05
    ],
    [
      -8.114576225015104e-05,
      0.00048255957033724117,
      8.39141128331635e-05,
      7.657848760376917e-05,
      8.428150591221857e-05,
      7.014042439355664e-05,
      8.777295113996865e-05,
      6.844249056610725e-05,
      7.926032662560926e-05,
      8.271769900047168e-05,
      0.0001011526923213251,
      7.576428296887201e-05,
      7.622009629905917e-05,
      8.389174890101394e-05,
      8.197763206193193e-05,
      5.123136985209242e-05,
      8.658737226284941e-05,
      -1.773837033428276e-11,
      -8.101822811835652e-08
    ],
    [
      -0.00010077409905397056,
      8.391411283316365e-05,
      0.00033058103483003115,
      8.618929427931137e-05,
      0.00010010109200904368,
      0.00011641268482977627,
      0.00010233678931005608,
      0.00013975558886489346,
      8.438771077940787e-05,
      0.00012561120171501966,
      0.00011097041269378831,
      0.00010841482916620816,
      0.00010877779053663171,
      0.00014562017474212995,
      0.0001390238542595578,
      9.931331356974388e-05,
      0.00011657011306699606,
      -4.714685521617564e-08,
      -4.2877146623029395e-05
    ],
    [
      -9.838514692652298e-05,
      7.657848760376914e-05,
      8.618929427931116e-05,
      0.00024555528624614853,
      0.00012859149067862344,
      8.303993679400435e-05,
      0.0001141622828677972,
      8.980648724666072e-05,
      0.00010561067477245658,
      9.48169851948022e-05,
      8.951829983820174e-05,
      9.001790288415325e-05,
      9.32330815287528e-05,
      9.224493171094216e-05,
      8.866228486905769e-05,
      6.294410363853268e-05,
      0.00011098520015516345,
      2.9696069832578465e-09,
      2.6168877150046166e-06
    ],
    [
      -9.890124950191009e-05,
      8.428150591221846e-05,
      0.00010010109200904332,
      0.00012859149067862333,
      0.000195413698266305,
      8.481749446815412e-05,
      0.00011455297391457606,
      8.921207946744075e-05,
      6.737420771116002e-05,
      9.714748499041798e-05,
      9.345913230486849e-05,
      8.958282728112157e-05,
      9.237921781953666e-05,
      9.57327761946044e-05,
      8.981938760806145e-05,
      6.866006738354739e-05,
      0.00011845374688460675,
      1.1102237496440694e-09,
      9.286603427082097e-07
    ],
    [
      -8.878507181309873e-05,
      7.01404243935565e-05,
      0.00011641268482977593,
      8.30399367940042e-05,
      8.48174944681541e-05,
      0.0008710651163967339,
      0.0001139202427163133,
      0.0001465950833411398,
      0.00011265664281958768,
      0.00010657618767755498,
      0.0001091473136080414,
      0.00010740990792141997,
      0.00010016317673188169,
      0.00010247324742106068,
      0.00010500532210638417,
      6.850099567700719e-05,
      0.0001315679945077094,
      -7.87993073790638e-08,
      -7.159937703086381e-05
    ],
    [
      -0.00010547478499228214,
      8.777295113996864e-05,
      0.00010233678931005592,
      0.00011416228286779724,
      0.00011455297391457621,
      0.00011392024271631346,
      0.000844747910296962,
      0.00011104035704544008,
      0.00018687214331372537,
      0.0001417976172024681,
      0.00013755279173569132,
      0.00016991002416030007,
      0.00014330758869812333,
      0.00011641333381229066,
      0.00011855444274119183,
      7.187080433326738e-05,
      8.950524792481317e-05,
      -1.014061036985176e-07,
      -9.213355404832615e-05
    ],
    [
      -9.045027641358564e-05,
      6.844249056610731e-05,
      0.00013975558886489343,
      8.98064872466608e-05,
      8.921207946744097e-05,
      0.00014659508334114005,
      0.00011104035704544016,
      0.0005001552226298054,
      0.0001340791967770548,
      0.00010682622446806947,
      0.00010375362481339103,
      9.875055196414967e-05,
      0.00010079941152874471,
      0.00011285407462362254,
      0.00012731334663171478,
      8.088989966679974e-05,
      0.00011447583593084174,
      -5.7143275362147384e-08,
      -5.194291946264474e-05
    ],
    [
      -9.068894820782252e-05,
      7.926032662560927e-05,
      8.438771077940775e-05,
      0.0001056106747724566,
      6.737420771116017e-05,
      0.0001126566428195878,
      0.00018687214331372537,
      0.00013407919677705478,
      0.0012979880543582153,
      0.00012503260408594177,
      0.00011709957206364286,
      0.00011980788623834669,
      0.00012726228006552348,
      0.00011668426695060021,
      0.00010672854920843125,
      0.0002301834077845355,
      4.786738612085307e-05,
      -1.1161003665814586e-07,
      -0.00010138412249761617
    ],
    [
      -9.574998697689108e-05,
      8.271769900047174e-05,
      0.0001256112017150196,
      9.48169851948023e-05,
      9.71474849904182e-05,
      0.0001065761876775552,
      0.00014179761720246815,
      0.00010682622446806947,
      0.0001250326040859418,
      0.0002673033175653376,
      0.00011283323334136699,
      0.00017063758326571078,
      0.00015436075187906165,
      0.00013539827855481534,
      0.00011219320431588738,
      8.277174150162579e-05,
      0.00011330656747271021,
      -5.294849382666331e-08,
      -4.8139437976774146e-05
    ],
    [
      -9.451230637219953e-05,
      0.00010115269232132505,
      0.0001109704126937881,
      8.951829983820172e-05,
      9.345913230486859e-05,
      0.00010914731360804148,
      0.00013755279173569126,
      0.00010375362481339091,
      0.00011709957206364277,
      0.00011283323334136688,
      0.001339047907671237,
      9.756307313485456e-05,
      0.00010611490442380934,
      0.0001071882097817724,
      0.00010493215529001182,
      9.134722351719242e-05,
      0.00011252520752246237,
      -1.0404299503552243e-07,
      -9.451836454254463e-05
    ],
    [
      -9.078294395959011e-05,
      7.576428296887212e-05,
      0.00010841482916620816,
      9.001790288415339e-05,
      8.958282728112182e-05,
      0.00010740990792142026,
      0.00016991002416030015,
      9.875055196414971e-05,
      0.00011980788623834681,
      0.00017063758326571086,
      9.756307313485477e-05,
      0.0008185981540855436,
      0.00012817603304461674,
      0.00011370096717762903,
      9.596041965215483e-05,
      7.675781339782515e-05,
      9.627041797868149e-05,
      -4.558133339648194e-08,
      -4.1448085484352995e-05
    ],
    [
      -9.224963003334538e-05,
      7.62200962990591e-05,
      0.00010877779053663152,
      9.323308152875276e-05,
      9.237921781953674e-05,
      0.00010016317673188178,
      0.00014330758869812322,
      0.00010079941152874458,
      0.0001272622800655234,
      0.00015436075187906157,
      0.00010611490442380933,
      0.00012817603304461655,
      0.0005238643959411124,
      0.00011145018382655103,
      0.0001017956767686345,
      8.329460500161474e-05,
      0.00010472056215470733,
      -5.0553013175107714e-08,
      -4.5962192487283137e-05
    ],
    [
      -9.361780623637333e-05,
      8.389174890101398e-05,
      0.00014562017474212982,
      9.224493171094224e-05,
      9.573277619460457e-05,
      0.00010247324742106086,
      0.00011641333381229067,
      0.0001128540746236225,
      0.00011668426695060024,
      0.00013539827855481532,
      0.00010718820978177251,
      0.00011370096717762896,
      0.00011145018382655112,
      0.000292690056701655,
      0.00010865219561571844,
      8.341543656398684e-05,
