{
  "H0_eff": {
    "mean": 68.26469634456336,
    "sd_lin": 0.30715935496868074
  },
  "anchor": {
    "H0": 67.4,
    "rd_Mpc": 147.09
  },
  "calibrator_offset_equiv_H0": {
    "mean": 62.605335256572914,
    "sd_lin": 0.916153162529486
  },
  "calibrator_offset_equiv_delta_lnH0": {
    "mean": -0.0737945157031047,
    "sd": 0.014633787340565346
  },
  "calibrator_offset_mag": {
    "mean": 0.16024275482290617,
    "sd": 0.03177686545676596
  },
  "delta_lnH0": {
    "mean": 0.012747724022276946,
    "sd": 0.004499534479993963
  },
  "delta_mu_equiv_mag": {
    "mean": -0.027681330998502014,
    "sd": 0.009770614978973979
  }
}