{
  "H0_eff": {
    "mean": 68.49675114412173,
    "sd_lin": 0.3011454948353092
  },
  "anchor": {
    "H0": 67.4,
    "rd_Mpc": 147.09
  },
  "calibrator_offset_equiv_H0": {
    "mean": 62.81325633899531,
    "sd_lin": 0.9173159297116714
  },
  "calibrator_offset_equiv_delta_lnH0": {
    "mean": -0.07047887851952564,
    "sd": 0.014603858853631656
  },
  "calibrator_offset_mag": {
    "mean": 0.15304294015879805,
    "sd": 0.03171187657313088
  },
  "delta_lnH0": {
    "mean": 0.016141297672181552,
    "sd": 0.004396493115442498
  },
  "delta_mu_equiv_mag": {
    "mean": -0.03505038254893125,
    "sd": 0.009546863498811564
  }
}